"","X","id","source","year","company","capital","office","loc","lon","lat","yinc","locinc","role","simpname","lastname.x","firstname.x","middlename.x","edu","text","lastname.y","firstname.y","middlename.y","prof"
"1",1,"amm1","amm",1907,NA,NA,NA,NA,NA,NA,NA,NA,NA,NA,NA,NA,NA,NA,"ALABAMA",NA,NA,NA,NA
"2",108,"amm108","amm",1907,"Alaska Smelting & Refining Company. Coppermount.",NA,NA,"alaska ",-149.4936733,64.2008413,NA,NA,NA,NA,NA,NA,NA,NA,"Alaska Smelting & Refining Company. Coppermount.",NA,NA,NA,NA
"3",404,"amm404","amm",1907,"Ash Peak Mining Company. Duncan.",NA,NA,"duncan ",-97.9578128,34.5023028,NA,NA,NA,NA,NA,NA,NA,NA,"Ash Peak Mining Company. Duncan.",NA,NA,NA,NA
"4",456,"amm456","amm",1907,"Calumet & Pittsburgh Mining Company.",NA,NA,"calumet ",-88.454006,47.2465922,NA,NA,NA,NA,NA,NA,NA,NA,"Calumet & Pittsburgh Mining Company.",NA,NA,NA,NA
"5",607,"amm607","amm",1907,"Duquesne Mining & Reduction Company. Duquesne.",NA,NA,NA,NA,NA,NA,NA,"Supt","douglas, n g","douglas","n","g",NA,"N. G. Douglas, Supt. Lead, Gold & Silver. Steam. 100 ton Concentrating","douglas","n",NA,"Supt"
"6",1224,"amm1224","amm",1907,"Blue Ledge Mining Company. Hutton.",NA,"Beaver St, New York","new york ",-74.0059728,40.7127753,NA,NA,"Mgr","towne, r s","towne","robert","s",NA,"Office, 82 Beaver St., New York. Robert S. Towne, Gen. Mgr.; Frank H.","towne","robert","s","Mgr"
"7",1569,"amm1569","amm",1907,"Gold Flat Consolidated Quartz Mining Company.",NA,NA,NA,NA,NA,NA,NA,"Mgr","weissbein, j","weissbein","joseph",NA,NA,"Joseph Weissbein, Mgr. Gold. Water. 10 Stamps.","weiss","joseph",NA,"Mgr"
"8",2438,"amm2438","amm",1907,"Black Iron Mining Company. Gilman.",NA,NA,NA,NA,NA,NA,NA,NA,NA,NA,NA,NA,NA,"Black Iron Mining Company. Gilman.",NA,NA,NA,NA
"9",2583,"amm2583","amm",1907,"Columbia Mining & Development Company. Victor.",NA,NA,NA,NA,NA,NA,NA,"Mgr","waldron, c","waldron","charles",NA,NA,"Charles Waldron, Mgr. Lessees Katinka Mine. Cold.","waldo","charles","lc","Mgr"
"10",3201,"amm3201","amm",1907,"Old Town Consolidated Mining Company. Idaho Springs.",NA,NA,NA,NA,NA,NA,NA,NA,NA,NA,NA,NA,NA,"tricity. 50 men.",NA,NA,NA,NA
"11",3539,"amm3539","amm",1907,"United States Smelting Company. Canon City.",NA,NA,"united states ",-95.712891,37.09024,NA,NA,NA,NA,NA,NA,NA,NA,"United States Smelting Company. Canon City.",NA,NA,NA,NA
"12",4106,"amm4106","amm",1907,"Snow Storm Mining Company.",NA,NA,NA,NA,NA,NA,NA,NA,NA,NA,NA,NA,NA,"Silver & Gold.",NA,NA,NA,NA
"13",4160,"amm4160","amm",1907,"Tyson Consolidated Gold Mining & Milling Company. Tyson.",NA,NA,NA,NA,NA,NA,NA,NA,NA,NA,NA,NA,NA,"Tyson Consolidated Gold Mining & Milling Company. Tyson.",NA,NA,NA,NA
"14",4487,"amm4487","amm",1907,"Wolverine Copper Mining Company. Kearsarge.",NA,NA,"new york ",-74.0059728,40.7127753,NA,NA,"Supt",NA,NA,NA,NA,NA,"Office. 15 William St., New York, Fred. Smith, Supt.; Barnett S. Shearer,",NA,NA,NA,NA
"15",4579,"amm4579","amm",1907,"Pittsburg & Lake Angeline Iron Company. Ishpeming.",NA,NA,NA,NA,NA,NA,NA,NA,NA,NA,NA,NA,NA,"750 men.",NA,NA,NA,NA
"16",4597,"amm4597","amm",1907,"Main Office, Pickands, Mather & Co., Cleveland, Ohio. Samuel Mather,",NA,NA,NA,NA,NA,NA,NA,"Pres","mountain, i","mountain","iron",NA,NA,"Pres.; Charles H. Munger, Dqluth, Gen Mgr.; Charles E. Lawrence, Iron","moulsdale","iron",NA,"Pres"
"17",4822,"amm4822","amm",1907,"Daisy Belie Mining Company.",NA,NA,NA,NA,NA,NA,NA,NA,NA,NA,NA,NA,NA,"Daisy Belie Mining Company.",NA,NA,NA,NA
"18",5086,"amm5086","amm",1907,"Olive Mining Company.",NA,NA,NA,NA,NA,NA,NA,"Supt","bash, w b","bash","w","b",NA,"W. B. Bash. Supt. Steam.","basadre","w","b","Supt"
"19",5216,"amm5216","amm",1907,"Sandy Hill Mining Company. Aurora.",NA,NA,"aurora ",-104.8319195,39.7294319,NA,NA,NA,NA,NA,NA,NA,NA,"Sandy Hill Mining Company. Aurora.",NA,NA,NA,NA
"20",5443,"amm5443","amm",1907,"Duquesne Mining Company. De Borgia.",NA,NA,NA,NA,NA,NA,NA,"Supt","preanall, j l","preanall","j","l",NA,"J. L. Preanall, Supt. Silver & Lead. 15 men.","pratt","j",NA,"Supt"
"21",5505,"amm5505","amm",1907,"Ida-Montana Mining Company. Butte.",NA,NA,"montana ",-110.3625658,46.8796822,NA,NA,NA,NA,NA,NA,NA,NA,"Ida-Montana Mining Company. Butte.",NA,NA,NA,NA
"22",5508,"amm5508","amm",1907,"James Willoughby, Supt. for Washoe Copper Co., Butte, Operators. Cop",NA,NA,NA,NA,NA,NA,NA,"Supt","willoughby, j","willoughby","james",NA,NA,"James Willoughby, Supt. for Washoe Copper Co., Butte, Operators. Cop","willoughby","james",NA,"Supt"
"23",5871,"amm5871","amm",1907,"Nevada Consolidated Mines. Olinghouse.",NA,NA,NA,NA,NA,NA,NA,NA,NA,NA,NA,NA,NA,"Gold & Silver. Steam. 50 stamps. 50 men.",NA,NA,NA,NA
"24",6198,"amm6198","amm",1907,"Jura-Trias Copper Company. Senorito.",NA,NA,NA,NA,NA,NA,NA,"Supt","stubbs, g w","stubbs","george","w",NA,"George W. Stubbs, Supt. Steam. 15 ton Smelting Plant. 25 men.","stuartwor","george","w","Supt"
"25",6362,"amm6362","amm",1907,"Mineral Development Company. 99 John St., New York.",NA,NA,"new york ",-74.0059728,40.7127753,NA,NA,NA,NA,NA,NA,NA,NA,"Mineral Development Company. 99 John St., New York.",NA,NA,NA,NA
"26",6407,"amm6407","amm",1907,"Cullowhee Copper Company. Cullowhee.",NA,NA,NA,NA,NA,NA,NA,NA,NA,NA,NA,NA,NA,"Cullowhee Copper Company. Cullowhee.",NA,NA,NA,NA
"27",6544,"amm6544","amm",1907,"Continental Gold Mining Company. Nugget.",NA,"GOO Chamber of","portland ",-122.6750261,45.5051064,NA,NA,"Mgr",NA,NA,NA,NA,NA,"Office, GOO Chamber of Commerce Bdg., Portland. Ore. W. B. Stewart. Gen.",NA,NA,NA,NA
"28",6550,"amm6550","amm",1907,"Copperopolis Copper Company. Comer.",NA,"McKay Bdg","portland ",-122.6750261,45.5051064,NA,NA,"Mgr","gibbs, w w","gibbs","w","w",NA,"Office, 503 McKay Bdg., Portland. Ore. W. W. Gibbs, Mgr. Copper. Gold","gibbons","w",NA,"Mgr"
"29",6654,"amm6654","amm",1907,"Indiana Mining Company. Medical Springs.",NA,NA,"indiana ",-86.1349019,40.2671941,NA,NA,NA,NA,NA,NA,NA,NA,"Indiana Mining Company. Medical Springs.",NA,NA,NA,NA
"30",7789,"amm7789","amm",1907,"Interstate Exploration Company. Endicott Bdg, St. Paul, Minn.",NA,NA,NA,NA,NA,NA,NA,NA,NA,NA,NA,NA,NA,"MEXICAN GENERAL",NA,NA,NA,NA
"31",7920,"amm7920","amm",1907,"King Richard Mining Company Limited. Ensenada.",NA,NA,NA,NA,NA,NA,NA,NA,NA,NA,NA,NA,NA,"Stamps. 25 men.",NA,NA,NA,NA
"32",8325,"amm8325","amm",1907,"Viznaga Mining Company. Sabinal.",NA,NA,NA,NA,NA,NA,NA,NA,NA,NA,NA,NA,NA,"Viznaga Mining Company. Sabinal.",NA,NA,NA,NA
"33",8402,"amm8402","amm",1907,"Mazapil Copper Company Limited. Saltillo.",NA,NA,NA,NA,NA,NA,NA,NA,NA,NA,NA,NA,NA,"Smelting Plant, embracing 3 Blast Furnaces. 750 men.",NA,NA,NA,NA
"34",8642,"amm8642","amm",1907,"San Jacinto Mining Company. Pannco de Coronado.",NA,NA,NA,NA,NA,NA,NA,NA,NA,NA,NA,NA,NA,"San Jose de Banderos Group. Conejos.",NA,NA,NA,NA
"35",8852,"amm8852","amm",1907,"Balas Valley Company. San Nicolas Del Oro.",NA,NA,NA,NA,NA,NA,NA,"Mgr","yrigoyen, p","yrigoyen","pedro",NA,NA,"Pedro Yrigoyen, Mgr. Gold. Water. lf> Stamps. 200 men.","yrigoyen","pedro",NA,"Mgr"
"36",8863,"amm8863","amm",1907,"Balas Valley Company. San Nicolas Del Oro.",NA,NA,NA,NA,NA,NA,NA,"Mgr","lewis, j","lewis","jose",NA,NA,"Jose Lewis, Gen. Mgr. Quicksilver. Steam. 250 ton Furnace. 500 men.","lewis","jose",NA,"Mgr"
"37",8868,"amm8868","amm",1907,"Balas Valley Company. San Nicolas Del Oro.",NA,NA,NA,NA,NA,NA,NA,NA,NA,NA,NA,NA,NA,"ver & Copper. Steam & Water. 25 ton Lixiviation Plant. 50 men.",NA,NA,NA,NA
"38",9332,"amm9332","amm",1907,"(American Metal Co., New York.) F. F. Salisbury, Mgr. Minas Viejas",NA,NA,NA,NA,NA,NA,NA,NA,NA,NA,NA,NA,NA,"Iron. 350 men.",NA,NA,NA,NA
"39",9564,"amm9564","amm",1907,"American Smelters Securities Company. Matehuala.",NA,NA,NA,NA,NA,NA,NA,NA,NA,NA,NA,NA,NA,"Compania Minera La Nacional. El Salado.",NA,NA,NA,NA
"40",9727,"amm9727","amm",1907,"Providencia Mines Company. Cosala.",NA,NA,NA,NA,NA,NA,NA,"Mgr","hoag, e h","hoag","edward","h",NA,"Edward H. Hoag, Mgr. La Franca Mine. Silver & Gold. Steam. 10","hndcjson","edward","h","Mgr"
"41",9806,"amm9806","amm",1907,"Colorado Mining Company. Moctezuma.",NA,NA,NA,NA,NA,NA,NA,"Supt","harris, e f","harris","e","f",NA,"E. F. Harris, Supt. Promontorio Mine. Silver & Gold. Steam. 20","harris","ernest",NA,"Supt"
"42",9837,"amm9837","amm",1907,"Copete Mining Company. Łf Copete.",NA,NA,NA,NA,NA,NA,NA,NA,NA,NA,NA,NA,NA,"Copete Mining Company. Łf Copete.",NA,NA,NA,NA
"43",9876,"amm9876","amm",1907,"Greene Cananea Copper Company. Cananea.",NA,"Broad St, New York","new york ",-74.0059728,40.7127753,NA,NA,NA,NA,NA,NA,NA,NA,"Office, 24 Broad St., New York. Amalgamation of the Cananea Consoli",NA,NA,NA,NA
"44",10276,"amm10276","amm",1907,"Alabama Hydraulic Company.",NA,NA,"alabama ",-86.902298,32.3182314,NA,NA,NA,NA,NA,NA,NA,NA,"Alabama Hydraulic Company.",NA,NA,NA,NA
"45",10505,"amm10505","amm",1907,"Le Roi Mining Company Limited.",NA,NA,NA,NA,NA,NA,NA,NA,NA,NA,NA,NA,NA,"Le Roi Mining Company Limited.",NA,NA,NA,NA
"46",10545,"amm10545","amm",1907,"Monitor & Ajax Fraction Limited. Three Forks and Bosberry.",NA,NA,NA,NA,NA,NA,NA,NA,NA,NA,NA,NA,NA,"Monitor & Ajax Fraction Limited. Three Forks and Bosberry.",NA,NA,NA,NA
"47",11214,"amm11214","amm",1907,"Oregon Coal & Navigation Company. Marshfield.",NA,"San Francisco C","san francisco ",-122.4194155,37.7749295,NA,NA,"Mgr","goodall, c m","goodall","c","m",NA,"Office, San Francisco; C. M. Goodall, Mgr.; P. Hennessey, Supt. Steam.","gooch","c",NA,"Mgr"
"48",11635,"amm11635","amm",1911,"TAYLOR CREEK DITCH CO., NOME, ALASKA. B.",NA,NA,"alaska ",-149.4936733,64.2008413,NA,NA,NA,NA,NA,NA,NA,NA,"TAYLOR CREEK DITCH CO., NOME, ALASKA. B.",NA,NA,NA,NA
"49",11787,"amm11787","amm",1911,"BARNEY COPPER CO., GLOBE, GILA CO. C.",NA,NA,NA,NA,NA,NA,NA,"Manager","coplen, j d","coplen","john","d",NA,"John D. Coplen, Manager. Copper. Shafts. Gasolene. Developing.","copeland","john","d","Manager"
"50",12485,"amm12485","amm",1911,"NEW YORK-ARIZONA GOLD & COPPER CO., MORENCI, GRAHAM CO. D.",NA,NA,"new york ",-74.0059728,40.7127753,NA,NA,NA,NA,NA,NA,NA,NA,"NEW YORK-ARIZONA GOLD & COPPER CO., MORENCI, GRAHAM CO. D.",NA,NA,NA,NA
"51",12520,"amm12520","amm",1911,"ORIENTAL MINING CO., POLAND, YAVAPAI COUNTY. F.",NA,NA,"poland ",19.145136,51.919438,NA,NA,NA,NA,NA,NA,NA,NA,"ORIENTAL MINING CO., POLAND, YAVAPAI COUNTY. F.",NA,NA,NA,NA
"52",12565,"amm12565","amm",1911,"PIONEER SMELTING CO., TUCSON. PIMA CO. D.",NA,NA,"tucson ",-110.9747108,32.2226066,NA,NA,NA,NA,NA,NA,NA,NA,"PIONEER SMELTING CO., TUCSON. PIMA CO. D.",NA,NA,NA,NA
"53",12805,"amm12805","amm",1911,"VENTURE EXPLORATION CO., KINGMAN, MOHAVE CO. C.",NA,NA,"oneida ",-88.1971966,44.4913114,NA,NA,"Supt",NA,NA,NA,NA,NA,"Meyer, Supt. Valley View, Wanda, Oneida and Good Indian Mines. Silver-",NA,NA,NA,NA
"54",13018,"amm13018","amm",1911,"BLACK BEAR GOLD MINING CO., ROUGH AND READY, NEVADA CO. D.",NA,NA,NA,NA,NA,NA,NA,NA,NA,NA,NA,NA,NA,"94 CALIFORNIA",NA,NA,NA,NA
"55",14032,"amm14032","amm",1911,"MOUNTAINEER MINE, SIERRA CITY, SIERRA CO. D.",NA,NA,"sierra ",-74.96569,39.9424322,NA,NA,NA,NA,NA,NA,NA,NA,"MOUNTAINEER MINE, SIERRA CITY, SIERRA CO. D.",NA,NA,NA,NA
"56",14236,"amm14236","amm",1911,"PHOENIX LAKE MINING CO., CONFIDENCE, TUOLUMNE CO. D.",NA,NA,NA,NA,NA,NA,NA,"Supt","frey, j","frey","john",NA,NA,"John Frey, Supt. Maddox Mine. Gold. Shaft. Steam. 5 Stamps and 25-","freudenthal","john",NA,"Supt"
"57",14424,"amm14424","amm",1911,"SENATOR FLINT EXPLORATION CO., ELDORADO, ELDORADO CO. D.",NA,NA,NA,NA,NA,NA,NA,NA,NA,NA,NA,NA,NA,"SENATOR FLINT EXPLORATION CO., ELDORADO, ELDORADO CO. D.",NA,NA,NA,NA
"58",14575,"amm14575","amm",1911,"SUNSHINE MINING & MILLING CO., RANDSBURG, KERN CO. B2.",NA,NA,NA,NA,NA,NA,NA,NA,NA,NA,NA,NA,NA,"Stamps and 25-ton Cyanide Plant. 20 Men.",NA,NA,NA,NA
"59",14777,"amm14777","amm",1911,"A. Y. & MINNIE MINING & MILLING CO., LEADVILLE, LAKE CO. A",NA,NA,NA,NA,NA,NA,NA,"Supt","monahan, a","monahan","a",NA,NA,"A Monahan, Supt. Silver-Lead-Zinc. Shafts. Steam and Air. 100 Men.","moltat","a",NA,"Supt"
"60",15048,"amm15048","amm",1911,"CHARITY MINING CO., SALINA, BOULDER CO. G",NA,NA,NA,NA,NA,NA,NA,"Supt","widdifleld, a w","widdifleld","a","w",NA,"A. W. Widdifleld, Supt. Golden Eagle Mine. Gold. 500' Shaft and 2500'","widdifleld","a","w","Supt"
"61",15095,"amm15095","amm",1911,"COLORADO-INDIANA MINING CO., LAKE CITY, HINSDALE CO. D",NA,NA,"colorado ",-105.7820674,39.5500507,NA,NA,NA,NA,NA,NA,NA,NA,"COLORADO-INDIANA MINING CO., LAKE CITY, HINSDALE CO. D",NA,NA,NA,NA
"62",15188,"amm15188","amm",1911,"DANTE GOLD MINING CO., VICTOR, TELLER CO. B2",NA,"Colorado Springs, Col","colorado ",-105.7820674,39.5500507,NA,NA,"Manager","aiken, l l","aiken","l","l",NA,"Office, Colorado Springs, Col. L. L. Aiken, Manager. Gold. 750' Shaft.","aiken","l",NA,"Manager"
"63",15326,"amm15326","amm",1911,"FITZHUGH MINE, LEADVILLE, LAKE CO. B2",NA,NA,"leadville ",-106.2925238,39.2508229,NA,NA,NA,NA,NA,NA,NA,NA,"FITZHUGH MINE, LEADVILLE, LAKE CO. B2",NA,NA,NA,NA
"64",15385,"amm15385","amm",1911,"GILPIN HURRICANE GOLD M. CO., RUSSELL GULCH, GILPIN CO. D",NA,NA,"denver ",-104.990251,39.7392358,NA,NA,"Supt","edwards, m","edwards","matthew",NA,NA,"Office. 607 Empire Bdg., Denver. Matthew Edwards, E.M., Supt. Hurri","edwards","matthew",NA,"Supt"
"65",15411,"amm15411","amm",1911,"GOLD HILL DEEP MINING & TUNNEL CO., GOLD HILL, BOULDER CO. G.",NA,NA,NA,NA,NA,NA,NA,"Supt","walsh, j j","walsh","j","j",NA,"J. J. Walsh, Supt. Gold-Silver. Tunnel. Steam and Air. Developing.","walsh","john",NA,"Supt"
"66",15547,"amm15547","amm",1911,"HOOSIER MINES CO., OURAY, OURAY CO. G.",NA,NA,NA,NA,NA,NA,NA,"Supt","hell, h l","hell","h","l",NA,"H. L. Hell, Supt. Gold-Silver-Lead. Tunnel. Developing.","heise","h","l","Supt"
"67",15614,"amm15614","amm",1911,"JAPAN-FLORA MINES & TUNNEL CO., SMUGGLER. SAN MIGUEL CO. B2",NA,NA,"japan ",138.252924,36.204824,NA,NA,NA,NA,NA,NA,NA,NA,"JAPAN-FLORA MINES & TUNNEL CO., SMUGGLER. SAN MIGUEL CO. B2",NA,NA,NA,NA
"68",15720,"amm15720","amm",1911,"LIVINGSTON MILLING, POWER & MINING CO., SUGAR LOAF. E.",NA,NA,"livingston ",-74.3300842,40.7862871,NA,NA,NA,NA,NA,NA,NA,NA,"LIVINGSTON MILLING, POWER & MINING CO., SUGAR LOAF. E.",NA,NA,NA,NA
"69",15943,"amm15943","amm",1911,"OHIO & COLORADO SMELTING & REFINING CO., SALIDA. A.",NA,NA,"broadway ",-94.4726334,37.1465302,NA,NA,NA,NA,NA,NA,NA,NA,"(American Metal Co.) Office. 52 Broadway, New York; Denver Office.",NA,NA,NA,NA
"70",16243,"amm16243","amm",1911,"SUCCESS MINING CO., ALMA, PARK CO. D",NA,NA,NA,NA,NA,NA,NA,"Manager","moynahan, j","moynahan","james",NA,NA,"James Moynahan, Manager. Orphan Boy Group. Gold-Copper-Zinc. 450'","mowbray","james",NA,"Manager"
"71",16362,"amm16362","amm",1911,"UP-TO-DATE MINING CO., CARIBOU, BOULDER CO. D",NA,NA,NA,NA,NA,NA,NA,"Supt","regnier, e c","regnier","e","c",NA,"E. C. Regnier, Supt. Silver-Gold-Lead. Tunnel. Gasolene. Developing.","registered","e",NA,"Supt"
"72",16637,"amm16637","amm",1911,"(White Knob Copper & Development Co., Limited.) Frank M. Leland,",NA,NA,NA,NA,NA,NA,NA,"Manager","leland, f m","leland","frank","m",NA,"(White Knob Copper & Development Co., Limited.) Frank M. Leland,","leisk","frank","m","Manager"
"73",17327,"amm17327","amm",1911,"ATLANTIC MINING CO., ATLANTIC MINE, HOUGHTON CO. A.",NA,NA,"atlantic ",-95.893333,36.192442,NA,NA,NA,NA,NA,NA,NA,NA,"ATLANTIC MINING CO. MILL, RED RIDGE, HOUGHTON CO. A.",NA,NA,NA,NA
"74",17429,"amm17429","amm",1911,"MICHIGAN COPPER MINING CO., ROCKLAND, ONTONAGON CO. A.",NA,NA,NA,NA,NA,NA,NA,"Supt","supt, m","supt","mill",NA,NA,"Mill Supt. Copper. Shafts. Steam and Air. Steam Stamp. 200 Men.","supt","mill",NA,"Supt"
"75",17674,"amm17674","amm",1911,"BULLWHACKER COPPER CO., BUTTE, SILVER BOW CO. F.",NA,NA,NA,NA,NA,NA,NA,NA,NA,NA,NA,NA,NA,"Shaft. Steam and Air. 25 Men.",NA,NA,NA,NA
"76",17737,"amm17737","amm",1911,"COYOTE MINING CO., PHILIPSBURG, GRANITE CO. D.",NA,NA,NA,NA,NA,NA,NA,"Manager","scott, p","scott","paul",NA,NA,"Paul Scott, Manager. Gold-Silver. Shaft. Steam. 2 Stamps and 10-ton","scott","paul",NA,"Manager"
"77",18257,"amm18257","amm",1911,"GRAND GULCH MINING CO., ST. THOMAS, CLARK CO. B2.",NA,NA,NA,NA,NA,NA,NA,NA,NA,NA,NA,NA,NA,"GRAND GULCH MINING CO., ST. THOMAS, CLARK CO. B2.",NA,NA,NA,NA
"78",18278,"amm18278","amm",1911,"INDEPENDENCE MINING CO., NELSON, CLARK CO. D.",NA,NA,NA,NA,NA,NA,NA,NA,NA,NA,NA,NA,NA,"0. A. Ellis. Manager. Gold-Silver. Shafts. Steam. 2"" Stamps. 15 Men.",NA,NA,NA,NA
"79",18426,"amm18426","amm",1911,"NEVADA-ELDORADO MINES CO., NELSON, CLARK CO. D.",NA,"Fort Collins, Col","duncan ",-97.9578128,34.5023028,NA,NA,"Manager","duncan, g a","duncan","george","a",NA,"Office, Fort Collins, Col. George A. Duncan, Manager. Flagstaff and Ye'-","dunbar","george",NA,"Manager"
"80",18989,"amm18989","amm",1911,"WESTERN MINING DIRECTORY CO., PUBLISHERS,",NA,NA,NA,NA,NA,NA,NA,NA,NA,NA,NA,NA,NA,"NORTH CAROLINA",NA,NA,NA,NA
"81",18991,"amm18991","amm",1911,"CANDOR MINES CO., CANDOR. MONTGOMERY CO. B2.",NA,NA,NA,NA,NA,NA,NA,"Supt","prentis, e a","prentis","edmund","a",NA,"Edmund A. Prentis, Jr., Supt. Gold. Shafts. Steam and Air. 40 Stamps,","preference","edmund",NA,"Supt"
"82",19128,"amm19128","amm",1911,"MAYFLOWER MINING CO., BOHEMIA, LANE CO. D.",NA,NA,NA,NA,NA,NA,NA,NA,NA,NA,NA,NA,NA,"MAYFLOWER MINING CO., BOHEMIA, LANE CO. D.",NA,NA,NA,NA
"83",19805,"amm19805","amm",1911,"PROGRESSIVE MINING CO., BEAVER, BEAVER CO. D.",NA,NA,"temple ",-95.677068,37.0625001,NA,NA,"Supt","lessing, i","lessing","isaac",NA,NA,"Office. 229 South West Temple St.. Salt Lake City. Isaac Lessing, Supt","leslie","isaac",NA,"Supt"
"84",20448,"amm20448","amm",1911,"CAPUZAYA MINING CO., PARRAL. D.",NA,NA,NA,NA,NA,NA,NA,"Supt","pfizer, c a","pfizer","carlos","a",NA,"Carlos A. Pfizer. Supt. Silver-Gold. Shaft. Gas and Electric. 50 Men","peyton","carlos",NA,"Supt"
"85",20469,"amm20469","amm",1911,"DESCUBRIDORA MINING CO., CHIHUAHUA. B2.",NA,NA,NA,NA,NA,NA,NA,"Manager","williamson, j h","williamson","j","h",NA,"J. H. Williamson, Manager. Gold-Silver. Shafts. Steam and Air. 100 Men.","williamson","john",NA,"Manager"
"86",20688,"amm20688","amm",1911,"SANTA EULALIA MINING CO., SANTA EULALIA. B2.",NA,NA,"eveleth ",-92.5399063,47.4624279,NA,NA,"Manager","eveleth, j k","eveleth","j","k",NA,"J. K. Eveleth, Manager. Silver-Lead. Shafts. Steam. 150 Men.","evans","james",NA,"Manager"
"87",20899,"amm20899","amm",1911,"SABINAS COAL CO., LA ROSITA.",NA,NA,NA,NA,NA,NA,NA,NA,NA,NA,NA,NA,NA,"A.",NA,NA,NA,NA
"88",21027,"amm21027","amm",1911,"HILETA GOLD & SILVER MINING CO., VELARDENA. D.",NA,NA,NA,NA,NA,NA,NA,NA,NA,NA,NA,NA,NA,"Tunnel. 50 Men.",NA,NA,NA,NA
"89",21048,"amm21048","amm",1911,"LA CRUZ MINING CO., INDE. D.",NA,NA,NA,NA,NA,NA,NA,NA,NA,NA,NA,NA,NA,"LA CRUZ MINING CO., INDE. D.",NA,NA,NA,NA
"90",22146,"amm22146","amm",1911,"LOS REYES MINING & MILLING CO., ZIMATLAN. B2.",NA,NA,NA,NA,NA,NA,NA,NA,NA,NA,NA,NA,NA,"Air. 20 Stamps and 50-ton Cyanide Plant. 150 Men.",NA,NA,NA,NA
"91",22345,"amm22345","amm",1911,"SANTA ANA MINING CO., CATORCE. A.",NA,NA,NA,NA,NA,NA,NA,NA,NA,NA,NA,NA,NA,"1000 Men.",NA,NA,NA,NA
"92",22891,"amm22891","amm",1911,"SANTA ROSALIA GOLD MINING CO., ARIZPE. B2.",NA,NA,NA,NA,NA,NA,NA,NA,NA,NA,NA,NA,NA,"Shaft. Steam and Air. 10 Stamps. 25 Men.",NA,NA,NA,NA
"93",22915,"amm22915","amm",1911,"SONORA CONSOLIDATED GOLD MINES CO., LA BARRANCA. B2.",NA,NA,NA,NA,NA,NA,NA,NA,NA,NA,NA,NA,NA,"Gold-Silver-Copper. Shaft. Steam and Air. 50 Men.",NA,NA,NA,NA
"94",23319,"amm23319","amm",1911,"ZARAGOZA MINING CO., ZACATECAS. B2.",NA,NA,NA,NA,NA,NA,NA,"Manager","viadero, j m","viadero","jose","m",NA,"Jose M. Viadero, Manager. Zaragoza and Del Mar Mines. Silver-Lead.","vhilb","jose","m","Manager"
"95",23567,"amm23567","amm",1911,"Consolidated Mining & Smelting Co. of Canada, Limited, Owners; C. W.",NA,NA,NA,NA,NA,NA,NA,"Supt",NA,NA,NA,NA,NA,"Davis, Supt. Silver-Lead-Zinc. Tunnels. Steam and Air. 50 Men.",NA,NA,NA,NA
"96",23810,"amm23810","amm",1911,"KENORA MINES, LIMITED, KENORA. B2.",NA,NA,NA,NA,NA,NA,NA,NA,NA,NA,NA,NA,NA,"KENORA MINES, LIMITED, KENORA. B2.",NA,NA,NA,NA
"97",24325,"amm24325","amm",1911,"WARWICK COAL & INVTSTMENT CO., FREDERICK, WELD COUNTY. B2.",NA,NA,NA,NA,NA,NA,NA,"Manager","whiles, e h","whiles","e","h",NA,"E. H. Whiles, Manager. Warwick Colliery. Shaft. Steam and Air. 50 Men.","whiles","e","h","Manager"
"98",24328,"amm24328","amm",1911,"WOOTTEN LAND & FUEL CO., WOOTTEN, LAS ANIMAS CO. B2.",NA,NA,"animas ",-107.8679552,37.3017517,NA,NA,NA,NA,NA,NA,NA,NA,"WOOTTEN LAND & FUEL CO., WOOTTEN, LAS ANIMAS CO. B2.",NA,NA,NA,NA
"99",24688,"amm24688","amm",1916,"SHELBY IRON CO., SHELBY. EGD",NA,NA,"hematite ",-84.3191604,39.8520507,NA,NA,NA,NA,NA,NA,NA,NA,"Brown Hematite. Open Pit. Steam Power.",NA,NA,NA,NA
"100",24753,"amm24753","amm",1916,"BERRY DREDGING CO., CIRCLE.",NA,NA,NA,NA,NA,NA,NA,"Manager","berry, c j","berry","c","j",NA,"C. J. Berry, Manager.","berry","carl",NA,"Manager"
"101",24763,"amm24763","amm",1916,"BLUE GOOSE DREDGING CO., OPHIR.",NA,NA,NA,NA,NA,NA,NA,NA,NA,NA,NA,NA,NA,"LC",NA,NA,NA,NA
"102",24874,"amm24874","amm",1916,"WARM CREEK DREDGING CO., COUNCIL. [0",NA,NA,NA,NA,NA,NA,NA,NA,NA,NA,NA,NA,NA,"WARM CREEK DREDGING CO., COUNCIL. [0",NA,NA,NA,NA
"103",25660,"amm25660","amm",1916,"DESERT MINING & DEVELOPMENT CO., WENDEN. LC",NA,NA,NA,NA,NA,NA,NA,"Superintendent","hunt, g e","hunt","g","e",NA,"G. E. Hunt, Mill Superintendent.","hunt","george","yeates","Superintendent"
"104",26014,"amm26014","amm",1916,"KEYSTONE MINING CO., CHLORIDE. FGP",NA,NA,NA,NA,NA,NA,NA,NA,NA,NA,NA,NA,NA,"Ball Mill. 50-t0n Concentrating (Flotation) Mill. 25 Men.",NA,NA,NA,NA
"105",26274,"amm26274","amm",1916,"ORO GRANDE MINES CO., WICKENBURG. LGP",NA,NA,NA,NA,NA,NA,NA,NA,NA,NA,NA,NA,NA,"10 Stamp Amalgamation-Concentration Mill. Developing.",NA,NA,NA,NA
"106",26647,"amm26647","amm",1916,"UNITED VERDE EXTENSION MINING CO., JEROME.",NA,NA,NA,NA,NA,NA,NA,NA,NA,NA,NA,NA,NA,"C HD",NA,NA,NA,NA
"107",26881,"amm26881","amm",1916,"ALTA BERT GOLD DREDGING CO., TRINITY CENTER. EGD",NA,NA,"san francisco ",-122.4194155,37.7749295,NA,NA,"Manager","francisco, s","francisco","san",NA,NA,"Wallace H. Christie, 604 Mission Street, San Francisco, Manager. Moreau Ashley, Superintendent.","francis","san",NA,"Manager"
"108",27297,"amm27297","amm",1916,"CONSOLIDATED AMADOR MINING CO., SUTTER CREEK. CHD",NA,NA,"amador ",-122.090351,37.6548803,NA,NA,NA,NA,NA,NA,NA,NA,"CONSOLIDATED AMADOR MINING CO., SUTTER CREEK. CHD",NA,NA,NA,NA
"109",27326,"amm27326","amm",1916,"CROWN RESERVE MINING CO., LTD., INDEPENDENCE. CHD",NA,NA,NA,NA,NA,NA,NA,"General Manager","cohen, s w","cohen","samuel","w",NA,"Samuel W. Cohen, General Manager.","cohen","samuel","w","General Manager"
"110",27944,"amm27944","amm",1916,"KIRKPATRICK GOLD MINING CO., GOODYEARS BAR. LC",NA,NA,"california ",-119.4179324,36.778261,NA,NA,"Manager","donnelly, j c","donnelly","john","c",NA,"John C. Donnelly, 311 J Street, Sacramento, California, Manager.","doniberger","john","c","Manager"
"111",27965,"amm27965","amm",1916,"KUMFA-CARPENDER MINE, SMITH FLAT. FGP",NA,NA,NA,NA,NA,NA,NA,NA,NA,NA,NA,NA,NA,"Placer. Drift. Shaft. Electric Power and Compressor.",NA,NA,NA,NA
"112",28129,"amm28129","amm",1916,"MEXICAN MINE, DOWNIEVILLE. LGP",NA,NA,NA,NA,NA,NA,NA,NA,NA,NA,NA,NA,NA,"a _W_u-.- -r",NA,NA,NA,NA
"113",28455,"amm28455","amm",1916,"PACIFIC SLAB CONSOLIDATED MINING CO., LAST CHANCE. LC",NA,NA,NA,NA,NA,NA,NA,NA,NA,NA,NA,NA,NA,"Pacific Slab Mine. Placer, Drift. Adit. Water Power. 15 Men.",NA,NA,NA,NA
"114",29221,"amm29221","amm",1916,"WHITE BEAR MINE, DOWNIEVILLE. LC",NA,NA,NA,NA,NA,NA,NA,"Lessee","costa, j","costa","john",NA,NA,"John Costa, Lessee. Placer. Drift. Adit. Developing.","cosgriff","john",NA,"Lessee"
"115",29291,"amm29291","amm",1916,"AJAX GOLD MINING CO., VICTOR. LGP",NA,NA,NA,NA,NA,NA,NA,NA,NA,NA,NA,NA,NA,"Apex Group. Gold. 1450’ Shaft. Steam Power and Compressor.",NA,NA,NA,NA
"116",29852,"amm29852","amm",1916,"WESTERN MINING DIRECTORY CO., CHICAGO, U. S. A.",NA,NA,NA,NA,NA,NA,NA,NA,NA,NA,NA,NA,NA,"COLORADO",NA,NA,NA,NA
"117",30247,"amm30247","amm",1916,"OHIO CITY MINING a. MILLING co., OHIO CITY. LX",NA,NA,NA,NA,NA,NA,NA,"Superintendent","jones, r","jones","reuben",NA,NA,"1 Reuben Jones, Superintendent.","jones","reuben","beck","Superintendent"
"118",30565,"amm30565","amm",1916,"STAR CONSOLIDATED MINES CO., LEADVILLE. FGP",NA,NA,NA,NA,NA,NA,NA,"Manager","dickerman, e d","dickerman","ezra","d",NA,"Ezra D. Dickerman, Manager.","dickenson","ezra","d","Manager"
"119",30717,"amm30717","amm",1916,"EXPLORATION CO., LEADVILLE. AHD",NA,NA,"united states ",-95.712891,37.09024,NA,NA,NA,NA,NA,NA,NA,NA,"(Subsidiary of United States Smelting, Refining & Mining Co.)",NA,NA,NA,NA
"120",31117,"amm31117","amm",1916,"COEUR D‘ALENE DEVELOPMENT CO., WALLACE. LF",NA,NA,NA,NA,NA,NA,NA,"Manager","beaudry, w a","beaudry","william","a",NA,"William A. Beaudry, Manager.","beauchemin","william","a","Manager"
"121",31145,"amm31145","amm",1916,"CONSTITUTION MINING 8:. MILLING CO., BEELER. LGP",NA,NA,NA,NA,NA,NA,NA,"Superintendent","trainer, j","trainer","joseph",NA,NA,"Joseph Trainer, Superintendent.","trainer","joseph",NA,"Superintendent"
"122",31322,"amm31322","amm",1916,"GOLDEN CHEST MINING CO., MURRAY. FGP",NA,NA,NA,NA,NA,NA,NA,"Superintendent","wiley, w","wiley","william",NA,NA,"William Wiley, Mill Superintendent.","wiley","william",NA,"Superintendent"
"123",31841,"amm31841","amm",1916,"VIRGINIA MINING CO., WALLACE. LF",NA,NA,"virginia ",-78.6568942,37.4315734,NA,NA,NA,NA,NA,NA,NA,NA,"VIRGINIA MINING CO., WALLACE. LF",NA,NA,NA,NA
"124",32152,"amm32152","amm",1916,"THE MINES HANDBOOK 233",NA,NA,NA,NA,NA,NA,NA,NA,NA,NA,NA,NA,NA,"KANSAS",NA,NA,NA,NA
"125",32162,"amm32162","amm",1916,"WHITE EAGLE MINING CO., BAXTER SPRINGS",NA,NA,NA,NA,NA,NA,NA,NA,NA,NA,NA,NA,NA,"WHITE EAGLE MINING CO., BAXTER SPRINGS",NA,NA,NA,NA
"126",32260,"amm32260","amm",1916,"(Subsidiary of Copper Range Consolidated Co.)",NA,NA,NA,NA,NA,NA,NA,NA,NA,NA,NA,NA,NA,"W. J. Richards, Master Mechanic.",NA,NA,NA,NA
"127",32487,"amm32487","amm",1916,"TAMARACK MINING CO., CALUMET. AHD",NA,NA,NA,NA,NA,NA,NA,"Purchasing Agent","reeder, j t","reeder","john","t",NA,"John T. Reeder, Purchasing Agent.","reed","john",NA,"Purchasing Agent"
"128",32869,"amm32869","amm",1916,"(Subsidiary of Pickands, Mather & Co., Cleveland. Ohio.)",NA,NA,NA,NA,NA,NA,NA,NA,NA,NA,NA,NA,NA,"Shafts. Steam and Electric Power and Compressors.",NA,NA,NA,NA
"129",32883,"amm32883","amm",1916,"M. A. Hanna & Co., Cleveland, Ohio, Sales Agents.",NA,NA,"duluth ",-97.2045023,37.7307435,NA,NA,"Mining Engineer","walker, r s","walker","r","s",NA,"R. S. Walker, Duluth, Mining Engineer.","walker","r",NA,"Mining Engineer"
"130",33275,"amm33275","amm",1916,"THE MINES HANDBOOK 25$",NA,NA,NA,NA,NA,NA,NA,NA,NA,NA,NA,NA,NA,"MINNESOTA",NA,NA,NA,NA
"131",34099,"amm34099","amm",1916,"ROSE CONSOLIDATED MINING CO., LIBBY.",NA,NA,NA,NA,NA,NA,NA,NA,NA,NA,NA,NA,NA,"Gold. Shaft. Steam Power and Compressor.",NA,NA,NA,NA
"132",34375,"amm34375","amm",1916,"BLUESTONE MINING ti. SMELTING CO., MASON. CHD",NA,NA,NA,NA,NA,NA,NA,NA,NA,NA,NA,NA,NA,"Bluestone Mine. Copper. Adits. Electric Power and Compressor.",NA,NA,NA,NA
"133",34694,"amm34694","amm",1916,"GEM MINE, WINNEMUCCA.",NA,NA,"winnemucca ",-117.7356849,40.9729584,NA,NA,NA,NA,NA,NA,NA,NA,"GEM MINE, WINNEMUCCA.",NA,NA,NA,NA
"134",34705,"amm34705","amm",1916,"GOLCONDA NEVADA MINING CO., GOLCONDA. LGP",NA,NA,NA,NA,NA,NA,NA,"Superintendent","farrell, e","farrell","edward",NA,NA,"Edward Farrell, Superintendent.","farrar","edward",NA,"Superintendent"
"135",34712,"amm34712","amm",1916,"GOLD CHIEF MINING CO., CALIENTE. LGP",NA,NA,NA,NA,NA,NA,NA,"Superintendent","dietz, h","dietz","harry",NA,NA,"Harry Dietz, Superintendent.","diering","harry",NA,"Superintendent"
"136",34744,"amm34744","amm",1916,"GOLDFIELD BLUE BELL MINING CO., BERLIN.",NA,NA,"berlin ",13.404954,52.5200066,NA,NA,NA,NA,NA,NA,NA,NA,"GOLDFIELD BLUE BELL MINING CO., BERLIN.",NA,NA,NA,NA
"137",34753,"amm34753","amm",1916,"GOLDFIELD COMBINATION FRACTION M. CO., GOLDFIELD. EGD",NA,NA,NA,NA,NA,NA,NA,NA,NA,NA,NA,NA,NA,"Gold-Silver. Shaft. Electric Power and Compressor.",NA,NA,NA,NA
"138",35376,"amm35376","amm",1916,"PITTSBURGH-DOLORES MINING CO., YERINGTON. FGP",NA,NA,NA,NA,NA,NA,NA,NA,NA,NA,NA,NA,NA,"Gold-Silver. 1500’ Adit. Electric Power and Compressor.",NA,NA,NA,NA
"139",35415,"amm35415","amm",1916,"RAND MINING CO., SEARCHLIGHT. LC",NA,NA,"dunbar ",-2.516737,56.002087,NA,NA,"Manager","dunbar, r","dunbar","robert",NA,NA,"Robert Dunbar, Manager.","dumont","robert",NA,"Manager"
"140",35485,"amm35485","amm",1916,"ROUND MOUNTAIN MINING CO., ROUND MOUNTAIN. DHD",NA,NA,NA,NA,NA,NA,NA,NA,NA,NA,NA,NA,NA,"Gold-Silver. Shafts. Electric Power and Compressor. 75 Men.",NA,NA,NA,NA
"141",36280,"amm36280","amm",1916,"IRON MINES",NA,NA,NA,NA,NA,NA,NA,NA,NA,NA,NA,NA,NA,"IRON MINES",NA,NA,NA,NA
"142",36418,"amm36418","amm",1916,"BARTLESVILLE ZINC CO., BLACKWELL. AHD",NA,NA,NA,NA,NA,NA,NA,"Superintendent","dowler, h m","dowler","h","m",NA,"H. M. Dowler, Superintendent.","dowding","h","p","Superintendent"
"143",36710,"amm36710","amm",1916,"CROESUS MINING CO., COMMERCE",NA,NA,NA,NA,NA,NA,NA,NA,NA,NA,NA,NA,NA,"CROESUS MINING CO., COMMERCE",NA,NA,NA,NA
"144",36896,"amm36896","amm",1916,"DAKOTA CONTINENTAL COPPER CO., HILL CITY. FGP",NA,NA,NA,NA,NA,NA,NA,"Superintendent","stonestreet, g d","stonestreet","george","d",NA,"George D. Stonestreet, Superintendent.","stones","george","d","Superintendent"
"145",37392,"amm37392","amm",1916,"BULLION BECK G. CHAMPION MINING CO., EUREKA. AHD",NA,NA,"eureka ",-96.2891703,37.8239167,NA,NA,NA,NA,NA,NA,NA,NA,"BULLION BECK G. CHAMPION MINING CO., EUREKA. AHD",NA,NA,NA,NA
"146",37462,"amm37462","amm",1916,"CLIFF MINING CO., OPHIR. FGD",NA,NA,NA,NA,NA,NA,NA,NA,NA,NA,NA,NA,NA,"Electric Power and Compressor. 50 Men.",NA,NA,NA,NA
"147",37673,"amm37673","amm",1916,"HORN SILVER MINING CO., FRISCO. DHD",NA,NA,"frisco ",-96.8236116,33.1506744,NA,NA,NA,NA,NA,NA,NA,NA,"HORN SILVER MINING CO., FRISCO. DHD",NA,NA,NA,NA
"148",37723,"amm37723","amm",1916,"MAY DAY MINING 8. MILLING CO., EUREKA. EGD",NA,NA,"clifton ",-74.1637553,40.8584328,NA,NA,"Superintendent","griggs, c c","griggs","clifton","c",NA,"Clifton C. Griggs, Superintendent.","griflin","clifton","c","Superintendent"
"149",37952,"amm37952","amm",1916,"SIOUX CONSOLIDATED MINING CO., MAMMOTH. DHD",NA,NA,NA,NA,NA,NA,NA,"Assistant","loose, w d","loose","william","d",NA,"William D. Loose, Assistant Manager.","loomis","william","d","Assistant"
"150",38086,"amm38086","amm",1916,"UTAH-APEX MINING CO., BINGHAM.",NA,NA,"bingham ",-111.9464736,40.5637801,NA,NA,NA,NA,NA,NA,NA,NA,"UTAH-APEX MINING CO., BINGHAM.",NA,NA,NA,NA
"151",38313,"amm38313","amm",1916,"ALLIANCE MINING CO., REPUBLIC. LGP",NA,NA,NA,NA,NA,NA,NA,NA,NA,NA,NA,NA,NA,"Gasolene Power and Compressor. Developing.",NA,NA,NA,NA
"152",38656,"amm38656","amm",1916,"NORTHWESTERN IRON CO., MAYVILLE.",NA,NA,"new york ",-74.0059728,40.7127753,NA,NA,NA,NA,NA,NA,NA,NA,"Ofllce (Ladenburg, Thalmann & Co.), 25 Broad St., New York.",NA,NA,NA,NA
"153",38677,"amm38677","amm",1916,"MONTREAL MINING co., HURLEY.",NA,NA,NA,NA,NA,NA,NA,"Superintendent","connor, s o","connor","s","o",NA,"Edward S. O‘Connor. Superintendent.","connor","s",NA,"Superintendent"
"154",39273,"amm39273","amm",1916,"LE ROI NO. 2, LIMITED, ROSSLAND.",NA,NA,NA,NA,NA,NA,NA,"General Manager",NA,NA,NA,NA,NA,"a, General Manager.",NA,NA,NA,NA
"155",39443,"amm39443","amm",1916,"DOMINION IRON A. STEEL CO., LIMITED, EAST WABANA. AHD",NA,NA,NA,NA,NA,NA,NA,"Mining Engineer","gillis, i b","gillis","ii","b",NA,"II. B. Gillis, Mining Engineer.","gillie","ii",NA,"Mining Engineer"
"156",39633,"amm39633","amm",1916,"COBALT REDUCTION CO., COBALT.",NA,NA,NA,NA,NA,NA,NA,NA,NA,NA,NA,NA,NA,"300-ton Custom Concentrating Mill and 175-ton Cyanide Plant.",NA,NA,NA,NA
"157",39722,"amm39722","amm",1916,"HARGRAVE SILVER MINES, LIMITED, GIROUX LAKE. FGP",NA,NA,NA,NA,NA,NA,NA,NA,NA,NA,NA,NA,NA,"Hargrave Mine. Silver. 400’ Shaft. Electric Power. 25 Men.",NA,NA,NA,NA
"158",40875,"amm40875","imm",1919,"(COMPAGNIE DES MINES D’AIN-BARBAR.)",NA,NA,NA,NA,NA,NA,NA,NA,NA,NA,NA,NA,NA,"(COMPAGNIE DES MINES D’AIN-BARBAR.)",NA,NA,NA,NA
"159",40888,"amm40888","imm",1919,"LES ALMADEN MINE, LA REUNION CONSTANTINE. MG",NA,NA,NA,NA,NA,NA,NA,NA,NA,NA,NA,NA,NA,"LES ALMADEN MINE, LA REUNION CONSTANTINE. MG",NA,NA,NA,NA
"160",40985,"amm40985","imm",1919,"MOKTA-EL-HADID MAGNETIC IRON MINERALS CO., CH",NA,NA,NA,NA,NA,NA,NA,NA,NA,NA,NA,NA,NA,"MOKTA-EL-HADID MAGNETIC IRON MINERALS CO., CH",NA,NA,NA,NA
"161",41133,"amm41133","imm",1919,"Controlled by Société Générale de Belgique, Brussels, and Tanganyika Concessions, Limited, London, England.",NA,NA,NA,NA,NA,NA,NA,NA,NA,NA,NA,NA,NA,"Steam and Electric Power and Compressor Plants. 8 Steam Shovels.",NA,NA,NA,NA
"162",41459,"amm41459","imm",1919,"KANO (NIGERIA) TIN AREAS, LIMITED, ZARIA. LG",NA,NA,NA,NA,NA,NA,NA,NA,NA,NA,NA,NA,NA,"KANO (NIGERIA) TIN AREAS, LIMITED, ZARIA. LG",NA,NA,NA,NA
"163",41530,"amm41530","imm",1919,"Laws, Rumbold & Co., London, Consulting Engineers.",NA,NA,"london ",-0.1277583,51.5073509,NA,NA,"Consulting Engineer","rumbol, r","rumbol","rumbold",NA,NA,"Laws, Rumbold & Co., London, Consulting Engineers.","ruggles","rumbold",NA,"Consulting Engineer"
"164",41572,"amm41572","imm",1919,"NIGERIA PROPRIETARY, LIMITED, BAUCHI. LG",NA,NA,NA,NA,NA,NA,NA,NA,NA,NA,NA,NA,NA,"NIGERIA PROPRIETARY, LIMITED, BAUCHI. LG",NA,NA,NA,NA
"165",41891,"amm41891","imm",1919,"LONDON & RHODESIAN MINING & LAND CO., LIMITED, CH",NA,NA,"london ",-0.1277583,51.5073509,NA,NA,NA,NA,NA,NA,NA,NA,"LONDON & RHODESIAN MINING & LAND CO., LIMITED, CH",NA,NA,NA,NA
"166",42674,"amm42674","imm",1919,"NEw JAGERSFONTEIN MINING & EXPLORATION CO., LIMITED,",NA,NA,NA,NA,NA,NA,NA,NA,NA,NA,NA,NA,NA,"NEw JAGERSFONTEIN MINING & EXPLORATION CO., LIMITED,",NA,NA,NA,NA
"167",42975,"amm42975","imm",1919,"GLYNN's LYDENBURG, LIMITED, G ROOTFONTEIN, SABIE. DH",NA,NA,"johannesburg ",28.0473051,-26.2041028,NA,NA,NA,NA,NA,NA,NA,NA,"Main Office, The Corner House, Johannesburg.",NA,NA,NA,NA
"168",43031,"amm43031","imm",1919,"KNIGHT CENTRAL, LIMITED, GERM ISTON, AH",NA,NA,"transvaal ",-81.1829373,43.2303525,NA,NA,NA,NA,NA,NA,NA,NA,"Organized, Transvaal, 1895. Capital, Ł900,000. Shares, Ł1.",NA,NA,NA,NA
"169",43046,"amm43046","imm",1919,"KNIGHTS DEEP, LIMITED, GERM ISTON. AH",NA,NA,NA,NA,NA,NA,NA,"General Manager","chalkley, g a","chalkley","guy","a",NA,"Guy A. Chalkley, E.M., Germiston, General Manager.","chalkley","guy","a","General Manager"
"170",43210,"amm43210","imm",1919,"Johannesburg Cons. Investment Co., Ltd., Secretary.",NA,NA,"johannesburg ",28.0473051,-26.2041028,NA,NA,"Secretary","cons, j","cons","johannesburg",NA,NA,"Johannesburg Cons. Investment Co., Ltd., Secretary.","conro","johannesburg",NA,"Secretary"
"171",43497,"amm43497","imm",1919,"Rand Mines, Limited, Johannesburg, Secretary.",NA,NA,NA,NA,NA,NA,NA,NA,NA,NA,NA,NA,NA,"Shafts. Purchase Electric Power and Air.",NA,NA,NA,NA
"172",43720,"amm43720","imm",1919,"OLIEVEN TIN CO., LIMITED, OL1 EVEN BOSCH",NA,NA,NA,NA,NA,NA,NA,NA,NA,NA,NA,NA,NA,"OLIEVEN TIN CO., LIMITED, OL1 EVEN BOSCH",NA,NA,NA,NA
"173",43937,"amm43937","imm",1919,"Subsidiary of Coronation Collieries, Limited, Johannesburg.",NA,NA,NA,NA,NA,NA,NA,"Manager","dickson, p","dickson","peter",NA,NA,"Peter Dickson, Witbank, Colliery Manager.","dickson","peter",NA,"Manager"
"174",44258,"amm44258","imm",1919,"CHUNG YUAN MINING CO., JAI-MEl-SEN, HONAN.",NA,NA,NA,NA,NA,NA,NA,NA,NA,NA,NA,NA,NA,"CHUNG YUAN MINING CO., JAI-MEl-SEN, HONAN.",NA,NA,NA,NA
"175",44469,"amm44469","imm",1919,"SUNGEI GAU TIN MINING CO., LIMITED, BENTONG. MG",150000,NA,NA,NA,NA,NA,NA,NA,NA,NA,NA,NA,NA,"Organized, Straits Settlements. Capital, $150,000. Shares, $10.00.",NA,NA,NA,NA
"176",44480,"amm44480","imm",1919,"TONG SHOON TIN MINING CO., BENTONG. FH",NA,NA,NA,NA,NA,NA,NA,NA,NA,NA,NA,NA,NA,"TONG SHOON TIN MINING CO., BENTONG. FH",NA,NA,NA,NA
"177",44596,"amm44596","imm",1919,"IPOH TIN DREDGING, LIMITED, LAHAT. EH",NA,NA,NA,NA,NA,NA,NA,NA,NA,NA,NA,NA,NA,"Ipoh Tin Dredging Concession. 560 Acres.",NA,NA,NA,NA
"178",44657,"amm44657","imm",1919,"KINTA TIN MINES, LIMITED, GOPENG. EH",NA,NA,"england ",-1.1743197,52.3555177,NA,NA,NA,NA,NA,NA,NA,NA,"Organized, England, 1900. Capital, Ł120,000. Shares, Ł1.",NA,NA,NA,NA
"179",45853,"amm45853","imm",1919,"NETHERLANDS COLONIAL PETROLEUM CO., SAMARINDA, EH",2.5e+07,NA,NA,NA,NA,NA,NA,NA,NA,NA,NA,NA,NA,"Organized, Holland, 1912. Capital, 25,000,000 Florins.",NA,NA,NA,NA
"180",45943,"amm45943","imm",1919,"MAMBULAO PLACER CO., MAM BULAO, AMBOS CAMARINES",NA,NA,NA,NA,NA,NA,NA,NA,NA,NA,NA,NA,NA,"MAMBULAO PLACER CO., MAM BULAO, AMBOS CAMARINES",NA,NA,NA,NA
"181",46287,"amm46287","imm",1919,"BARTLETT's MINES, LIMITED, YERRANDERIE. FG",NA,NA,NA,NA,NA,NA,NA,NA,NA,NA,NA,NA,NA,"Steam Power Plant and Compressor. 50-ton Concentrating Mill. 50 Men.",NA,NA,NA,NA
"182",46515,"amm46515","imm",1919,"METAL MANUFACTURERS. LIMITED, PORT KEMBLA. AH",NA,NA,NA,NA,NA,NA,NA,NA,NA,NA,NA,NA,NA,"Manufacturers Copper Wire, Rods, Tubes, Sheets and Plates. 500 Men.",NA,NA,NA,NA
"183",46701,"amm46701","imm",1919,"TILLOCK SILVER MINES, N.L., HILLGROVE",NA,NA,NA,NA,NA,NA,NA,NA,NA,NA,NA,NA,NA,"TILLOCK SILVER MINES, N.L., HILLGROVE",NA,NA,NA,NA
"184",47183,"amm47183","imm",1919,"VALE OF CLWYDD COAL & BRICK CO., LIMITED, LITH GOW. EH",NA,NA,NA,NA,NA,NA,NA,NA,NA,NA,NA,NA,NA,"Vale of Clwydd Colliery. Steam-Electric (D.C.) Power. 150 Men.",NA,NA,NA,NA
"185",47186,"amm47186","imm",1919,"WALLARAH COAL CO., LIMITED, CATHERINE HILL BAY. DH",NA,NA,"england ",-1.1743197,52.3555177,NA,NA,NA,NA,NA,NA,NA,NA,"Organized, England, 1904. Capital, Ł120,000. Shares, Ł1.",NA,NA,NA,NA
"186",47348,"amm47348","imm",1919,"GLOBE MINE, REEFTON",NA,NA,NA,NA,NA,NA,NA,NA,NA,NA,NA,NA,NA,"GLOBE MINE, REEFTON",NA,NA,NA,NA
"187",47352,"amm47352","imm",1919,"KOMATA REEFS GOLD MINING CO., LIMITED, ROMATA",NA,NA,"komata ",175.6618089,-37.3039394,NA,NA,NA,NA,NA,NA,NA,NA,"KOMATA REEFS GOLD MINING CO., LIMITED, ROMATA",NA,NA,NA,NA
"188",47396,"amm47396","imm",1919,"EARNSCLEUGH GOLD DREDGING CO., LIMITED, ALEXAN DRA",NA,NA,NA,NA,NA,NA,NA,NA,NA,NA,NA,NA,NA,"EARNSCLEUGH GOLD DREDGING CO., LIMITED, ALEXAN DRA",NA,NA,NA,NA
"189",47502,"amm47502","imm",1919,"WESTPORT COAL CO., LIMITED, DENNISTON. DH",NA,NA,NA,NA,NA,NA,NA,NA,NA,NA,NA,NA,NA,"WESTPORT COAL CO., LIMITED, DENNISTON. DH",NA,NA,NA,NA
"190",47504,"amm47504","imm",1919,"WESTPORT COAL CO., LIMITED, DENNISTON. DH",NA,NA,"new zealand ",174.885971,-40.900557,NA,NA,NA,NA,NA,NA,NA,NA,"Organized, New Zealand, 1881. Capital, Ł500,000. Shares, Ł1.",NA,NA,NA,NA
"191",47774,"amm47774","imm",1919,"MOUNT ELLIOTT, LIMITED, SELwYN. BH",NA,NA,"london ",-0.1277583,51.5073509,NA,NA,"Secretary","habben, e","habben","edwin",NA,NA,"Edwin Habben, London, Secretary.","haarhoff","edwin",NA,"Secretary"
"192",47922,"amm47922","imm",1919,"THERMO ELECTRIC ORE REDUCTION CO.,LTD., WOLFRAM. DH",NA,NA,"london ",-0.1277583,51.5073509,NA,NA,NA,NA,NA,NA,NA,NA,"Main Office, 244 High Holborn, London, England.",NA,NA,NA,NA
"193",47942,"amm47942","imm",1919,"TYRCONNELL GOLD MINES, N.L., KINGSBOROUGH. FG",NA,NA,NA,NA,NA,NA,NA,"Manager","bentley, t","bentley","thomas",NA,NA,"Thomas Bentley, Mill Manager.","bentley","thomas",NA,"Manager"
"194",49030,"amm49030","imm",1919,"(Subsidiary of Tonopah Belmont Development Co., Philadelphia.)",NA,NA,NA,NA,NA,NA,NA,NA,NA,NA,NA,NA,NA,"300-ton Concentrating Mill and Flotation Plant. 150 Men.",NA,NA,NA,NA
"195",49056,"amm49056","imm",1919,"(Subsidiary of Howe Sound Co., 734 Fifth Avenue, New York.)",NA,NA,NA,NA,NA,NA,NA,"General Manager",NA,NA,NA,NA,NA,"J. W. D. Moodie, Britannia Beach, V. P. and General Manager.",NA,NA,NA,NA
"196",49145,"amm49145","imm",1919,"CONSOLIDATED MINING & SMELTING CO. OF CANADA, LIMITED,",NA,NA,NA,NA,NA,NA,NA,NA,NA,NA,NA,NA,NA,"15-ton Sulphuric Acid Plant and Hydrofluosilicic Acid Plant.",NA,NA,NA,NA
"197",50072,"amm50072","imm",1919,"GRASSELLI CHEMICAL CO., FLOWER STATION. AHD",NA,NA,NA,NA,NA,NA,NA,NA,NA,NA,NA,NA,NA,"GRASSELLI CHEMICAL CO., FLOWER STATION. AHD",NA,NA,NA,NA
"198",50397,"amm50397","imm",1919,"OPHIR COBALT MINES, LIMITED, COBALT. FGP",NA,NA,NA,NA,NA,NA,NA,"Consulting Engineer","neilly, b","neilly","balmar",NA,NA,"Balmar Neilly, Cobalt, Consulting Engineer.","neil","balmar",NA,"Consulting Engineer"
"199",50700,"amm50700","imm",1919,"YUKON COPPER CO., LIMITED, WHITE HORSE. DHD",NA,NA,"spokane ",-117.4260465,47.6587802,NA,NA,"General Manager","greenough, w d","greenough","wilbur","d",NA,"Wilbur D. Greenough, Spokane, Washington, General Manager.","greenhow","wilbur","d","General Manager"
"200",50760,"amm50760","imm",1919,"MATAQUESCUINTLA MINING Co., MATAQUESCUINTLA,",NA,NA,NA,NA,NA,NA,NA,NA,NA,NA,NA,NA,NA,"MATAQUESCUINTLA MINING Co., MATAQUESCUINTLA,",NA,NA,NA,NA
"201",50805,"amm50805","imm",1919,"EDEN MINING CO., BLUEFIELDS. DH",NA,NA,NA,NA,NA,NA,NA,"Superintendent","sullivan, c","sullivan","clarke",NA,NA,"Clarke Sullivan, Mill Superintendent.","sulaicayo","clarke",NA,"Superintendent"
"202",51129,"amm51129","imm",1919,"FRANCO-BELGIAN METALLURGICAL CO., MORTAGNE, NORD. CH",NA,NA,NA,NA,NA,NA,NA,"General Manager","marchal, g","marchal","georges",NA,NA,"Georges Marchal, General Manager.","march","georges",NA,"General Manager"
"203",51554,"amm51554","imm",1919,"VATTERFJORD. MINE co., VAAGAN, NORTH LAND. FG",NA,NA,NA,NA,NA,NA,NA,NA,NA,NA,NA,NA,NA,"(A/S. VATTERFJORD GRUBER.)",NA,NA,NA,NA
"204",51738,"amm51738","imm",1919,"wol-FRAM MINING & SMELTING co., LIMITED, DH TORTOYENDO, BEIRA ALTA.",NA,NA,"london ",-0.1277583,51.5073509,NA,NA,"Pres","phillips, m","phillips","marcus",NA,NA,"Marcus Phillips, London, President.","phillips","marcus",NA,"Pres"
"205",51805,"amm51805","imm",1919,"(COMPAGNIE FRANCAISE DES MINES DE BOR.)",NA,NA,NA,NA,NA,NA,NA,NA,NA,NA,NA,NA,NA,"500-ton Smelting Plant–4 Blast Furnaces and Converter. 500 Men.",NA,NA,NA,NA
"206",51812,"amm51812","imm",1919,"AGUILAS CO., MAYOR 52, MADRID. CH",NA,NA,NA,NA,NA,NA,NA,"Consulting Engineer","gullon, e","gullon","eduardo",NA,NA,"Eduardo Gullon, Madrid, Consulting Engineer.","guise","eduardo",NA,"Consulting Engineer"
"207",51997,"amm51997","imm",1919,"(CIE. FRANCO-ESPANOLA DE LA MINES DE AZUFRE DE LORCA.)",6e+05,NA,"paris ",2.3522219,48.856614,NA,NA,NA,NA,NA,NA,NA,NA,"Main Office, 56 Rue de Assas, Paris. Capital, 600,000 Francs.",NA,NA,NA,NA
"208",52298,"amm52298","imm",1919,"SPANISH UNION EXPLOSIVES CO., CALANAS, HUELVA. DH",NA,NA,NA,NA,NA,NA,NA,"Mine Manager","urgangaray, m","urgangaray","manuel",NA,NA,"Manuel Urgangaray, Miers, Mine Manager.","urewdson","manuel",NA,"Mine Manager"
"209",52388,"amm52388","imm",1919,"ARGON ESA MINES CO., TIERGA, ZARAGOZA. EG",NA,NA,NA,NA,NA,NA,NA,"General Manager","canero, d g","canero","de","galvez",NA,"Augusto de Galvez Canero, Tierga, General Manager.","canfield","de","galvez","General Manager"
"210",52664,"amm52664","imm",1919,"VIZCAYA BLAST FURNACE CO., BILBAO. AH",NA,NA,NA,NA,NA,NA,NA,"Manager","motrico, c d","motrico","conde","de",NA,"Conde de Motrico, Baracaldo, Manager Baracaldo Plant.","mossamedes","conde","de","Manager"
"211",53050,"amm53050","imm",1919,"CARROCK SYNDICATE, LTD., TROUTBECK, CUM BERLAND. FG",NA,NA,NA,NA,NA,NA,NA,"Mine Manager","turner, g e","turner","g","e",NA,"G. E. Turner, Troutbeck, Penrith, Mine Manager.","turner","giles","e","Mine Manager"
"212",53349,"amm53349","imm",1919,"Bewick, Moreing & Co., General Managers.",NA,NA,NA,NA,NA,NA,NA,"General Manager","morein, m","morein","moreing",NA,NA,"Bewick, Moreing & Co., General Managers.","morcin","moreing",NA,"General Manager"
"213",54176,"amm54176","imm",1919,"CINCO MINES CO., MAGDALENA. DHD",NA,NA,"magdalena ",-117.2867675,33.0526106,NA,NA,NA,NA,NA,NA,NA,NA,"CINCO MINES CO., MAGDALENA. DHD",NA,NA,NA,NA
"214",54364,"amm54364","imm",1919,"Limited, London, a Metallgesellschaft Subsidiary, 595 shares, and La denburg, Thalmann & Co., New York, 710 shares; portion of Laden",NA,NA,NA,NA,NA,NA,NA,NA,NA,NA,NA,NA,NA,"Capitalization was increased from time to time, and at present is",NA,NA,NA,NA
"215",54725,"amm54725","imm",1919,"CAPILLITAS CONSOLIDATED MINES, LIMITED, CHUM BICHA,",NA,NA,NA,NA,NA,NA,NA,NA,NA,NA,NA,NA,NA,"CAPILLITAS CONSOLIDATED MINES, LIMITED, CHUM BICHA,",NA,NA,NA,NA
"216",54871,"amm54871","imm",1919,"LLALLAGUATIN CO., LLALLAGUA, UNC1A. CH",NA,NA,NA,NA,NA,NA,NA,NA,NA,NA,NA,NA,NA,"(COMPANIA ESTANIFERA DE LLALLAGUA.)",NA,NA,NA,NA
"217",55107,"amm55107","imm",1919,"Subsidiary of Braden Copper Mines Co., Equitable Bldg., New York.",NA,NA,"rancagua ",-70.7406259,-34.1701324,NA,NA,"General Manager","sorensen, s s","sorensen","s","severin",NA,"S. Severin Sorensen, Rancagua, General Manager.","sopper","s","severin","General Manager"
"218",55689,"amm55689","imm",1919,"INTERNATIONAL PETROLEUM CO., LIMITED (OF CANADA), TALARA, AH PIURA.",NA,NA,"toronto ",-79.3831843,43.653226,NA,NA,NA,NA,NA,NA,NA,NA,"Main Office, 56 Church Street, Toronto, Ontario, Canada.",NA,NA,NA,NA
"219",55913,"amm55913","imm",1919,"TRINIDAD LEASEHOLDS, LIMITED, PORT OF SPAIN. AH",NA,NA,"london ",-0.1277583,51.5073509,NA,NA,"Chairman","milner, t j","milner","thomas","j",NA,"Thomas J. Milner, London, Chairman.","milne","thomas","j","Chairman"
"220",56078,"amm56078","amm",1920,"SHELBY IRON CO., SHELBY. EGD",NA,NA,NA,NA,NA,NA,NA,NA,NA,NA,NA,NA,NA,"1200 HP. Steam Plant. 50 Charcoal Kilns. Machine Shop. 150 Men.",NA,NA,NA,NA
"221",56392,"amm56392","amm",1920,"CHITINA-KUSKULANA COPPER CO., STRELNA. MGP",5e+06,NA,NA,NA,NA,NA,"Wash",NA,NA,NA,NA,NA,NA,"Incorporated, Wash, 1916. Stock, $5,000,000. Shares. 50 Cents.",NA,NA,NA,NA
"222",57798,"amm57798","amm",1920,"MAYER ORE PURCHASING CO.,MAYER. LGP",3e+05,NA,"arizona ",-111.0937311,34.0489281,NA,"Arizona",NA,NA,NA,NA,NA,NA,"Incorporated, Arizona, 1917. Stock, $300,000. Shares, $1.00.",NA,NA,NA,NA
"223",57881,"amm57881","amm",1920,"MINES &. DEVELOPMENT CORPORATION, JOHNSON. LGP",NA,NA,NA,NA,NA,NA,NA,NA,NA,NA,NA,NA,NA,"50 HP. (Iasolene Engine, Hoist and Compressor. Developing.",NA,NA,NA,NA
"224",57930,"amm57930","amm",1920,"NELLIE MINING CO., OLDTRAILS. MGP",1e+06,NA,"arizona ",-111.0937311,34.0489281,NA,"Arizona",NA,NA,NA,NA,NA,NA,"Incorporated, Arizona, 1915. Stock, $1,000,000, Shares, $1.00.",NA,NA,NA,NA
"225",57940,"amm57940","amm",1920,"NEVADA ARIZONA MINES CO., HACKBERRY. 123",NA,NA,NA,NA,NA,NA,NA,NA,NA,NA,NA,NA,NA,"50-ton Amalgamation-Concentration-Cyanide Mill",NA,NA,NA,NA
"226",58000,"amm58000","amm",1920,"OATMAN AMALGAMATED GOLD MINING CO., OATMAN. LGP",NA,NA,"oatman ",-114.3835698,35.0263915,NA,NA,"Superintendent","heusing, f","heusing","frederick",NA,NA,"Frederick Heusing. Oatman. Arizona, Superintendent.","hessert","frederick",NA,"Superintendent"
"227",58036,"amm58036","amm",1920,"OLD DOMINION COMPANY, GLOBE. I _ AHD",NA,NA,NA,NA,NA,NA,NA,NA,NA,NA,NA,NA,NA,"OLD DOMINION COMPANY, GLOBE. I _ AHD",NA,NA,NA,NA
"228",58107,"amm58107","amm",1920,"PECK CONSOLIDATED SILVER MINES, PRESCOTT. LGP",NA,NA,"arizona ",-111.0937311,34.0489281,NA,NA,NA,NA,NA,NA,NA,NA,"C. C. Barclay, Douglas, Arizona, Supply Agent.",NA,NA,NA,NA
"229",58839,"amm58839","amm",1920,"EVERTON MINING 6. DEVELOPMENT CO., EVERTON. MGP",NA,NA,"new york ",-74.0059728,40.7127753,NA,NA,NA,NA,NA,NA,NA,NA,"Oflice, 71 West 23rd Street, New York.",NA,NA,NA,NA
"230",59410,"amm59410","amm",1920,"MORINGTON MINING CO., ENTERPRISE. . MGP",NA,"Pacific Building, San Francisco","san francisco ",-122.4194155,37.7749295,NA,NA,NA,NA,NA,NA,NA,NA,"Office, 617 Pacific Building, San Francisco, California.",NA,NA,NA,NA
"231",59736,"amm59736","amm",1920,"(Subsidiary of California Exploration CO., Limited, London.)",NA,NA,"london ",-0.1277583,51.5073509,NA,NA,"Chairman","richards, d","richards","david",NA,NA,"David Richards, London, Chairman; F. A. Crew, London. Secretary.","richards","david",NA,"Chairman"
"232",59873,"amm59873","amm",1920,"SHASTA DREDGING CO., COTTONWOOD. FGP",3365000,NA,"california ",-119.4179324,36.778261,NA,"California","Pres","francisco, s","francisco","san",NA,NA,"Incorporated, California, 1905. Stock, 3365.000. Shares, 81.00. J. F. Newsom, San Francisco. President; R. F. Lewis, Secretary.","francisco","san",NA,"Pres"
"233",60289,"amm60289","amm",1920,"YUBA DEVELOPMENT CO., BRANDY CITY. FHD",NA,NA,NA,NA,NA,NA,NA,NA,NA,NA,NA,NA,NA,"Brandy City Hydraulic Mines. Hydraulic and Drift.",NA,NA,NA,NA
"234",60313,"amm60313","amm",1920,"AKRON MINES, WHITE PINE. FGP",NA,NA,"colorado ",-105.7820674,39.5500507,NA,NA,"Superintendent","towne, j l","towne","j","l",NA,"J. L. Towne, White Pine, Colorado, Mine Superintendent.","towne","john",NA,"Superintendent"
"235",60443,"amm60443","amm",1920,"BEZANT GOLD MINING CO., CENTRAL CITY. LGP",NA,NA,NA,NA,NA,NA,NA,NA,NA,NA,NA,NA,NA,"0. J. Duffie-Id, President and Manager: L. A. Duifield, Secretary.",NA,NA,NA,NA
"236",60479,"amm60479","amm",1920,"BOLIVAR M. a. TUNNEL TRANSPORTATION CO., MONTEZUMA.",NA,NA,NA,NA,NA,NA,NA,"Pres","wuerth, f e","wuerth","f","e",NA,"F. E. Wuerth, President; T. G. Sortar, Secretary and Treasurer.","wuirina","f","e","Pres"
"237",60487,"amm60487","amm",1920,"BOREN GULCH GOLD MINING CO., LA PLATA. 123",NA,"I enham Building, Denver","denver ",-104.990251,39.7392358,NA,NA,NA,NA,NA,NA,NA,NA,"Office, I)enham Building, Denver, Colorado.",NA,NA,NA,NA
"238",60666,"amm60666","amm",1920,"CONSOLIDATED LEASING CO., ELDORA. 456",NA,NA,NA,NA,NA,NA,NA,NA,NA,NA,NA,NA,NA,"CONSOLIDATED LEASING CO., ELDORA. 456",NA,NA,NA,NA
"239",61147,"amm61147","amm",1920,"JESSIE CONSOLIDATED MINES CO., BRECKENRIDGE. LGP",NA,NA,NA,NA,NA,NA,NA,NA,NA,NA,NA,NA,NA,"Gold-Silver-Lead-Zinc. Adits. Electric Power and Compressor.",NA,NA,NA,NA
"240",61271,"amm61271","amm",1920,"(Subsidiary of American M. & P. Co., 40 Exchange FL, New York.)",1e+05,NA,"new york ",-74.0059728,40.7127753,NA,"New York",NA,NA,NA,NA,NA,NA,"Incorporated. New York, 1919. Stock, $100,000. Shares, $1.00.",NA,NA,NA,NA
"241",61689,"amm61689","amm",1920,"(Subsidiary of Metals Exploration Co., Equitable Building, N. Y.)",NA,NA,NA,NA,NA,NA,NA,NA,NA,NA,NA,NA,NA,"Crusher, Set of Roll and Ball Mill—",NA,NA,NA,NA
"242",62112,"amm62112","amm",1920,"VANADIth MINES. VANADIUM. COLORADO.",NA,NA,"placerville ",-120.798546,38.7296252,NA,NA,NA,NA,NA,NA,NA,NA,"Bear Creek, Fall Creek and Placerville Roscoelite Mines.",NA,NA,NA,NA
"243",62200,"amm62200","amm",1920,"WESTERN ZINC OXIDE CO.,LEADVILLE. DHD",NA,NA,"leadville ",-106.2925238,39.2508229,NA,NA,"Superintendent","mcdonald, j b","mcdonald","j","b",NA,"J. B. McDonald, Leadville, Colorado, Superintendent.","mcdonald","james",NA,"Superintendent"
"244",62713,"amm62713","amm",1920,"ROCKY MOUNTAIN FUEL CO., FOSTER BDG., DENVER. DGD",NA,NA,NA,NA,NA,NA,NA,NA,NA,NA,NA,NA,NA,"(Continued from foot of Preceding Page.)",NA,NA,NA,NA
"245",62744,"amm62744","amm",1920,"ROCKY MOUNTAIN FUEL CO., FOSTER BDG., DENVER. DGD",NA,NA,"marion ",-88.9331256,37.7306054,NA,NA,"Supt","colliery, m","colliery","marion",NA,NA,"Marion Colliery, Carbondale, Col. John Featherstone. Supt.","colliery","marion",NA,"Supt"
"246",62760,"amm62760","amm",1920,"ROYAL FUEL CO., AGUILAR, LAS ANIMAS CO. LFS",NA,NA,NA,NA,NA,NA,NA,NA,NA,NA,NA,NA,NA,"Pick Mining. Horse Haulage. Jeffrey Fan. Shaking Screens. 100 Men.",NA,NA,NA,NA
"247",62825,"amm62825","amm",1920,"VICTOR AMERICAN FUEL CO., DENVER. AHD",NA,NA,"denver ",-104.990251,39.7392358,NA,NA,"Pres","huff, w h","huff","w","h",NA,"W. H. Huff, Denver, Colorado, President.","hudson","william",NA,"Pres"
"248",63416,"amm63416","amm",1920,"GOLD HUNTER MINING &.SMELTING CO., MULLAN. CHD",NA,NA,NA,NA,NA,NA,NA,"Superintendent","almquist, g","almquist","gustave",NA,NA,"Gustave Almquist. Mullan, Idaho, Mill Superintendent.","almond","gustave",NA,"Superintendent"
"249",63483,"amm63483","amm",1920,"HIGHLAND SURPRISE CONS. MINING CO., MASONIA. FGP",NA,NA,NA,NA,NA,NA,NA,NA,NA,NA,NA,NA,NA,"120 HP. Steam Power and Compressor. Crusher and Chilean Mill——",NA,NA,NA,NA
"250",63568,"amm63568","amm",1920,"LAKEVIEW SILVER MINE$C0., LAKEVIEW. MGP",NA,NA,NA,NA,NA,NA,NA,"Secretary","fennell, c g","fennell","cecil","g",NA,"Cecil G. Fennell, 5858 Julian Ave, St. Louis, Secretary.","fells","cecil",NA,"Secretary"
"251",63576,"amm63576","amm",1920,"LATEST OUT MINING G. SMELTING CO., GILMORE. FGP",NA,NA,NA,NA,NA,NA,NA,NA,NA,NA,NA,NA,NA,"LATEST OUT MINING G. SMELTING CO., GILMORE. FGP",NA,NA,NA,NA
"252",63601,"amm63601","amm",1920,"LINFOR COPPER CO., LINFOR. MGP",NA,NA,"kellogg ",-96.073667,41.311697,NA,NA,"Pres","beaudry, w a","beaudry","william","a",NA,"William A. Beaudry, Kellogg, Idaho, President and Manager.","beauchemin","william","a","Pres"
"253",64156,"amm64156","amm",1920,"PHOENIX MINING <5.MILLING CO.,",NA,NA,"phoenix ",-112.0740373,33.4483771,NA,NA,NA,NA,NA,NA,NA,NA,"PHOENIX MINING <5.MILLING CO.,",NA,NA,NA,NA
"254",64563,"amm64563","amm",1920,"GRASSELLI CHEMICAL CO., TERRE HAUTE. AHD",NA,NA,NA,NA,NA,NA,NA,"Vice","grasselli, e r","grasselli","e","r",NA,"E. R. Grasselli, Vice Pres. and Treas.; E. R. Bailey, Secretary.","grant","e","r","Vice"
"255",64728,"amm64728","amm",1920,"QUEEN ESTHER MINING CO., BAXTER SPRINGS. FGP",NA,NA,"oklahoma ",-97.5164276,35.4675602,NA,NA,NA,NA,NA,NA,NA,NA,"Offices: Cosden Bdg., Tulsa, Oklahoma; Joplin, Missouri.",NA,NA,NA,NA
"256",64764,"amm64764","amm",1920,"ASHLANDIRON&MINING CO.,INC.,ASHLAND. DGP",NA,NA,"ashland ",-122.7094767,42.1945758,NA,NA,NA,NA,NA,NA,NA,NA,"L. C. Jones, Ashland, Kentucky, Purchasing Department.",NA,NA,NA,NA
"257",64820,"amm64820","amm",1920,"(Subsidiary of American Smelting & Refining Co., New York.)",NA,NA,"baltimore ",-76.6121893,39.2903848,NA,NA,"Superintendent","sappington, c n","sappington","charles","n",NA,"Charles N. Sappington, Baltimore, Maryland, Superintendent.","sankey","charles",NA,"Superintendent"
"258",64903,"amm64903","amm",1920,"Lake Superior Smelting Co.; Osceola Consolidated Mining Co.;",NA,NA,"richmond ",-77.4360481,37.5407246,NA,NA,"Supt","troy, m g","troy","michael","g",NA,"Michael G. Troy. Richmond Furnace, Massachusetts, Supt.","trower","michael",NA,"Supt"
"259",65846,"amm65846","amm",1920,"OLIVER IRON MINING CO., WOLVIN BUILDING, DULUTH. AHD",NA,NA,"duluth ",-97.2045023,37.7307435,NA,NA,"Assistant","hearding, j h","hearding","john","h",NA,"John H. Hearding, Duluth, Minnesota, Assistant General Manager.","healy","john",NA,"Assistant"
"260",65850,"amm65850","amm",1920,"OLIVER IRON MINING CO., WOLVIN BUILDING, DULUTH. AHD",NA,NA,NA,NA,NA,NA,NA,NA,NA,NA,NA,NA,NA,"Canisteo District, Missabe Range—",NA,NA,NA,NA
"261",66861,"amm66861","amm",1920,"(Sub. of United States Manganese Co., 27 State Street, Boston.)",NA,NA,"boston ",-71.0588801,42.3600825,NA,NA,"Pres","macdonald, p n","macdonald","p","n",NA,"P. N. MacDonald. Boston, President; C. E. Richardson, Secretary.","macdonald","parish",NA,"Pres"
"262",67138,"amm67138","amm",1920,"WOOD PLACER MINING CO., ALTA. LGP",NA,NA,NA,NA,NA,NA,NA,NA,NA,NA,NA,NA,NA,"Placer. 300 Acres. Hydraulic. Steam Power. 2 Giants. 15 Men.",NA,NA,NA,NA
"263",67337,"amm67337","amm",1920,"CONSOLIDATED NEVADA-UTAH CORPORATION.",NA,NA,NA,NA,NA,NA,NA,NA,NA,NA,NA,NA,NA,"Controls: Amalgamated Pioche Mines & Smelters Corporation.",NA,NA,NA,NA
"264",67363,"amm67363","amm",1920,"ARRCWHEAD MINING CO., ARROWHEAD, VIA TONOPAH. 1-2 3",NA,NA,"tonopah ",-117.2305861,38.069211,NA,NA,"Manager","clendenning, w p","clendenning","w","p",NA,"W. P. Clendenning, Tonopah. Nevada, Manager.","clendenin","w",NA,"Manager"
"265",67690,"amm67690","amm",1920,"(Subsidiary of Yukon Gold Co., Equitable Building, New York.)",NA,NA,"new york ",-74.0059728,40.7127753,NA,NA,NA,NA,NA,NA,NA,NA,"G. G. Thomson, Equitable Building, New York, Purchasing llept.",NA,NA,NA,NA
"266",67857,"amm67857","amm",1920,"HAMBURG MINES CO., PIOCHE. MGD",NA,NA,NA,NA,NA,NA,NA,NA,NA,NA,NA,NA,NA,"HAMILTON &. POLLARD MILL, SILVER CITY. MGP",NA,NA,NA,NA
"267",67945,"amm67945","amm",1920,"LIBERTY GOLD MINES CO.. TUSCARORA. LGP",NA,NA,NA,NA,NA,NA,NA,NA,NA,NA,NA,NA,NA,"NEVADA",NA,NA,NA,NA
"268",67976,"amm67976","amm",1920,"LOUISIANA CONS. MINING CO., TYBO, VIA TONOPAH. MGP",NA,NA,NA,NA,NA,NA,NA,NA,NA,NA,NA,NA,NA,"'I _rbo, Reveille and Tip Top Silver-Lead Mines. Shaft and Adit.",NA,NA,NA,NA
"269",68059,"amm68059","amm",1920,"MASON VALLEY MINES CO., THOMPSON. DHD",NA,"Wall Street, New York","new york ",-74.0059728,40.7127753,NA,NA,NA,NA,NA,NA,NA,NA,"Office, 14 Wall Street, New York. Mines at Mason, Nevada.",NA,NA,NA,NA
"270",68194,"amm68194","amm",1920,"NEVADA BUNKER HILL MINING CO., BULLION. LGP",NA,NA,"nevada ",-116.419389,38.8026097,NA,NA,NA,NA,NA,NA,NA,NA,"NEVADA BUNKER HILL MINING CO., BULLION. LGP",NA,NA,NA,NA
"271",68195,"amm68195","amm",1920,"NEVADA BUNKER HILL MINING CO., BULLION. LGP",NA,"Farrington Building, Elko","nevada ",-116.419389,38.8026097,NA,NA,NA,NA,NA,NA,NA,NA,"Office, Farrington Building, Elko, Nevada.",NA,NA,NA,NA
"272",68504,"amm68504","amm",1920,"SIMON CONTACT MINES CO., MINA. LGP",NA,NA,NA,NA,NA,NA,NA,NA,NA,NA,NA,NA,NA,"NEVADA",NA,NA,NA,NA
"273",68785,"amm68785","amm",1920,"WINNEMUCCA MOUNTAIN MINING CO., WINNEMUCCA. MGP",NA,NA,"winnemucca ",-117.7356849,40.9729584,NA,NA,NA,NA,NA,NA,NA,NA,"WINNEMUCCA MOUNTAIN MINING CO., WINNEMUCCA. MGP",NA,NA,NA,NA
"274",69023,"amm69023","amm",1920,"AUSTIN AMAZON COPPER CO., TYRONE. M",1500000,NA,"new mexico ",-105.8700901,34.5199402,NA,"New Mexico",NA,NA,NA,NA,NA,NA,"Incorporated, New Mexico, 1916. Stock, $1,500,000. Shares, $1.00.",NA,NA,NA,NA
"275",69237,"amm69237","amm",1920,"LADY FRANKLIN MINE, KINGSTON. MGP",NA,NA,"kingston ",-73.9973608,41.9270367,NA,NA,"Superintendent","paul, w h","paul","w","h",NA,"W. H. Paul, Kingston, New Mexico, Superintendent.","patullo","w","h","Superintendent"
"276",69459,"amm69459","amm",1920,"DIRECT LINE COAL CO.,MENTMORE, McKINLEY CO. OGP",NA,NA,NA,NA,NA,NA,NA,NA,NA,NA,NA,NA,NA,"Jones (Dilco) Collieries 1-2-3. Slopes. Steam-Electric Power.",NA,NA,NA,NA
"277",69682,"amm69682","amm",1920,"(Subsidiary of Union Carbide Co., 42nd St, Building, New York.)",NA,NA,NA,NA,NA,NA,NA,NA,NA,NA,NA,NA,NA,"Forest O’Dean Magnetite Iron Ore Mine. 4200’ Slope.",NA,NA,NA,NA
"278",69845,"amm69845","amm",1920,"Mexico. Beer, Sondheimer 8: Co., Inc.. New York, Managers, were suc",NA,"Equitable Building, Broadway","broadway ",-94.4726334,37.1465302,NA,NA,NA,NA,NA,NA,NA,NA,"Office, Equitable Building, 120 Broadway, New York.",NA,NA,NA,NA
"279",70067,"amm70067","amm",1920,"WIOKWIRE STEEL CO.,BUFFALO. DHD",NA,NA,NA,NA,NA,NA,NA,NA,NA,NA,NA,NA,NA,"Three 50-ton B. O. H. Steel Furnaces. Bloom and Billet Mills.",NA,NA,NA,NA
"280",70090,"amm70090","amm",1920,"WITHERBEE, SHERMAN & CO., INC., MINEVILLE. AHD",NA,NA,"bessemer ",-86.954437,33.4017766,NA,NA,NA,NA,NA,NA,NA,NA,"Bessemer Magnetite. 1500' and 2000' Shafts.",NA,NA,NA,NA
"281",70140,"amm70140","amm",1920,"ACME LEAD 6. ZINC CO., PICHER. FGD",NA,NA,NA,NA,NA,NA,NA,NA,NA,NA,NA,NA,NA,"Steam Power and Compressor. 400-t0n Concentrating Mills. 75 Men.",NA,NA,NA,NA
"282",70177,"amm70177","amm",1920,"BECK MINING CO., PICHER. MGP",NA,"Cardin Building, Miami","miami ",-80.1917902,25.7616798,NA,NA,NA,NA,NA,NA,NA,NA,"Office, 407 Cardin Building, Miami, Oklahoma.",NA,NA,NA,NA
"283",70213,"amm70213","amm",1920,"COMMERCE MINING & ROYALTY CO., MIAMI, ‘ DHD",NA,NA,NA,NA,NA,NA,NA,"Supt","mine, w","mine","webber",NA,NA,"Webber Mine, Baxter Springs, Kans., R. L. Pearson, Supt.","mine","webber",NA,"Supt"
"284",70396,"amm70396","amm",1920,"QUEBEC MINING CO., DOUTHAT. FGD",NA,NA,"quebec ",-71.2079809,46.8138783,NA,NA,NA,NA,NA,NA,NA,NA,"QUEBEC MINING CO., DOUTHAT. FGD",NA,NA,NA,NA
"285",70915,"amm70915","amm",1920,"TROJAN MINING CO., TROJAN. FGP",NA,NA,"chicago ",-87.6297982,41.8781136,NA,NA,"Pres","seaman, h w","seaman","h","w",NA,"H. W. Seaman, Chicago, President; Frank M. Clark, Secretary.","scumript","h",NA,"Pres"
"286",71400,"amm71400","amm",1920,"BINGHAM MINES CO., SALT LAKE CITY. EGD",NA,NA,NA,NA,NA,NA,NA,"Pres","graves, j p","graves","james","p",NA,"James P. Graves, President; Myron K. Billings, Secretary.","gratz","james","p","Pres"
"287",71601,"amm71601","amm",1920,"GARRISON MONSTER MINING CO., GOLD HILL. LGP",NA,NA,NA,NA,NA,NA,NA,NA,NA,NA,NA,NA,NA,"GARRISON MONSTER MINING CO., GOLD HILL. LGP",NA,NA,NA,NA
"288",71732,"amm71732","amm",1920,"LUCIN COPPER MINING &. MILLING CO., LUCIN. MGP",NA,NA,NA,NA,NA,NA,NA,NA,NA,NA,NA,NA,NA,"North Star Group. Gold-Silver-Copper. Adits and Shafts. 15 Men.",NA,NA,NA,NA
"289",72329,"amm72329","amm",1920,"(Sub. of American Agricultural Chemical Co., 2 Rector St., N. Y.)",1e+06,NA,"virginia ",-78.6568942,37.4315734,NA,"Virginia","General Manager",NA,NA,NA,NA,NA,"Incorporated, Virginia, 1914. Stock, $1,000,000. Shares, $100. William L. Hogg. Crimora, Virginia, General Manager.",NA,NA,NA,NA
"290",72332,"amm72332","amm",1920,"GENERAL CHEMICAL CO., MONARAT. AHD",NA,NA,NA,NA,NA,NA,NA,NA,NA,NA,NA,NA,NA,"GENERAL CHEMICAL CO., MONARAT. AHD",NA,NA,NA,NA
"291",72345,"amm72345","amm",1920,"GOONEY MANOR COPPER CO., INC., FRONT ROYAL. MGP",NA,NA,"virginia ",-78.6568942,37.4315734,NA,NA,"Pres","naylor, h e","naylor","hugh","e",NA,"Hugh E. Naylor, Front Royal, Virginia, President and Manager.","nauss","hugh","e","Pres"
"292",73609,"amm73609","amm",1920,"WYOMING COAL CO., ROCK SPRINGS, SWEETWATER CO. FGP",NA,NA,NA,NA,NA,NA,NA,"General Manager","pape, d h","pape","delbert","h",NA,"Delbert H. Pape, Ogden, Utah, General Manager.","panll","delbert","h","General Manager"
"293",74091,"amm74091","amm",1920,"STANDARD SILVER LEAD MINING CO., SILVERTON. EGP",2e+06,NA,"washington ",-120.7401385,47.7510741,NA,NA,NA,NA,NA,NA,NA,NA,"incorporated, Washington, 1910. Stock, $2,000,000. Shares, $1.00.",NA,NA,NA,NA
"294",75891,"amm75891","amm",1920,"3 Calcining Kilns and Dead-Burning Equipment. 150 Men. STEEL COMPANY OF CANADA, LIMITED, MONTREAL. DHD",NA,NA,"quebec ",-71.2079809,46.8138783,NA,NA,"Manager","cowan, f b","cowan","f","b",NA,"F. B. Cowan. Gananoque. Quebec. Manager.","cowan","f",NA,"Manager"
"295",75993,"amm75993","amm",1920,"AGUASCALIENTES METAL CO., ASIENTOS. FHP",NA,NA,NA,NA,NA,NA,NA,NA,NA,NA,NA,NA,NA,"Herman A. Prosser, N.Y., Man. Director Mexican Smelting Dept.",NA,NA,NA,NA
"296",76021,"amm76021","amm",1920,"(CIA. MINERA SAN GERONIMO, S.A.)",NA,NA,"paris ",2.3522219,48.856614,NA,NA,NA,NA,NA,NA,NA,NA,"Etienne Michot, 63 Boulevard Beausejour, Paris, Cons. Engineer.",NA,NA,NA,NA
"297",76615,"amm76615","amm",1920,"CAMP BIRD, LIMITED, LONDON.",NA,NA,"london ",-0.1277583,51.5073509,NA,NA,"Chairman","baker, f w","baker","fredrick","w",NA,"Fredrick W. Baker, London, Chairman; A. A. Kelsey. Secretary.","baker","fredrick","w","Chairman"
"298",76968,"amm76968","amm",1920,"((‘IA. MINERA DULCES NOMBRES Y ANEXAS, S. A.)",NA,NA,"mexico ",-102.552784,23.634501,NA,NA,"Manager","inpia, r","inpia","roberto",NA,NA,"Roberto Inpia. Apartado Postal 1215, City of Mexico, Manager.","inlsenc","roberto",NA,"Manager"
"299",77345,"amm77345","amm",1920,"(CIA. MINERA CHONTALPAN Y ANEXAS, S. A.)",NA,NA,NA,NA,NA,NA,NA,NA,NA,NA,NA,NA,NA,"Chontalpan and San Felipe Silver-Lead-Zinc Mines. Adits.",NA,NA,NA,NA
"300",77700,"amm77700","amm",1922,"WILLOW CREEK DREDGING CO., SOLOMON.",NA,NA,NA,NA,NA,NA,NA,NA,NA,NA,NA,NA,NA,"3% Cu. Ft. Buckets, Union, Distillate Engine, Placer Gold Dredge",NA,NA,NA,NA
"301",78109,"amm78109","amm",1922,"COCHISE MINERAL MINING CO., PARADISE. 123",NA,NA,"arizona ",-111.0937311,34.0489281,NA,NA,"Superintendent",NA,NA,NA,NA,NA,"H. D. C. Buford, Paradise, Arizona, Superintendent.",NA,NA,NA,NA
"302",78149,"amm78149","amm",1922,"COPPER CHIEF MINING CO., CLARKDALE. FHD",NA,NA,NA,NA,NA,NA,NA,NA,NA,NA,NA,NA,NA,"125-ton All-Slime Cyanide Plant—1 Tube and 1 Ball Mill. 60 Men.",NA,NA,NA,NA
"303",79062,"amm79062","amm",1922,"SAHUARO COPPER CO., TUCSON. 1 2 3",NA,NA,"tucson ",-110.9747108,32.2226066,NA,NA,NA,NA,NA,NA,NA,NA,"SAHUARO COPPER CO., TUCSON. 1 2 3",NA,NA,NA,NA
"304",79582,"amm79582","amm",1922,"AVAWATZ CONSOLIDATED MINES, SILVER LAKE. 123",NA,NA,NA,NA,NA,NA,NA,NA,NA,NA,NA,NA,NA,"AVAWATZ CONSOLIDATED MINES, SILVER LAKE. 123",NA,NA,NA,NA
"305",79791,"amm79791","amm",1922,"CLIO VINDICATOR MINES, INC., CHINESE CAMP. MGP",NA,NA,NA,NA,NA,NA,NA,NA,NA,NA,NA,NA,NA,"Clio Gold Mines. 400' Shaft. Electric Power and Compressor.",NA,NA,NA,NA
"306",80941,"amm80941","amm",1922,"STRODE MINING CO., CARRVILLE. LGP",NA,NA,NA,NA,NA,NA,NA,NA,NA,NA,NA,NA,NA,"5 Stamp Amalgamation-Concentration Mill. 15 Men.",NA,NA,NA,NA
"307",80983,"amm80983","amm",1922,"TREASURE MINING CO., AMADOR CITY. FGD",NA,NA,NA,NA,NA,NA,NA,NA,NA,NA,NA,NA,NA,"f",NA,NA,NA,NA
"308",81328,"amm81328","amm",1922,"AMERICAN SMELTING G. REFINING CO., DENVER. AHD",NA,NA,"colorado ",-105.7820674,39.5500507,NA,NA,"Assistant","stevenson, r b","stevenson","r","b",NA,"R. B. Stevenson, Leadvllle, Colorado, Assistant Superintendent.","stevenson","robert",NA,"Assistant"
"309",81671,"amm81671","amm",1922,"DOWN TOWN MINES CO., LEADVILLE. EGO",NA,NA,"weldon ",-77.5955331,36.427096,NA,NA,NA,NA,NA,NA,NA,NA,"Star, Weldon, Bon Air, Bohn, P.O.S., Midland, Alice, Otosito.",NA,NA,NA,NA
"310",82131,"amm82131","amm",1922,"MARY McKINNEY MINING CO., CRIPPLE CREEK. MGP",NA,NA,"saxton ",-78.2444563,40.2153571,NA,NA,"Superintendent","saxton, f b","saxton","f","b",NA,"F. B. Saxton, Cripple Creek, Colorado, Superintendent.","sawyer","frank",NA,"Superintendent"
"311",82563,"amm82563","amm",1922,"SACO DE ORO MINING 6. MILLING CO., APEX. LFP",NA,NA,NA,NA,NA,NA,NA,NA,NA,NA,NA,NA,NA,"Rochester Gold-Silver-Lead Mine. Shaft and Adit.",NA,NA,NA,NA
"312",83092,"amm83092","amm",1922,"CANON RELIANCE COAL CO., COOPER BDG., DENVER. MGP",NA,NA,NA,NA,NA,NA,NA,NA,NA,NA,NA,NA,NA,"Canon Colliery, Canon City, Cot; Mozart Lewis, &iperintendent.",NA,NA,NA,NA
"313",83751,"amm83751","amm",1922,"COEUR D'ALENE ANTIMONY MINING CO., LTD., KELLOGG. MGP",NA,NA,NA,NA,NA,NA,NA,NA,NA,NA,NA,NA,NA,"Seeley W. Mudd and Philip Wiseman, Los Angeles, Principals.",NA,NA,NA,NA
"314",83862,"amm83862","amm",1922,"GIANT LEDGE MINING CO., MURRAY. LGP",NA,NA,"spokane ",-117.4260465,47.6587802,NA,NA,NA,NA,NA,NA,NA,NA,"Ofllce, 714 Peyton Building, Spokane, Washington.",NA,NA,NA,NA
"315",84153,"amm84153","amm",1922,"MOUNT MARSHALL MINES CO., LIMITED, BURGDORF. LGP",NA,NA,"wales ",-3.7837117,52.1306607,NA,NA,"Pres","wales, g a","wales","george","a",NA,"George A. Wales, Burgdorf, Idaho, President and Manager.","wales","george",NA,"Pres"
"316",84256,"amm84256","amm",1922,"RED MONARCH CONS. MINING CO., CARBONATE. ,LGP",NA,NA,NA,NA,NA,NA,NA,NA,NA,NA,NA,NA,NA,"RED MONARCH CONS. MINING CO., CARBONATE. ,LGP",NA,NA,NA,NA
"317",84276,"amm84276","amm",1922,"RICHMOND MINING, MILLING a REDUCTION CO., DELAGE. FGP",1e+06,NA,"washington ",-120.7401385,47.7510741,NA,"Washington",NA,NA,NA,NA,NA,NA,"Incorporated, Washington, 1894. Stock, $1,000,000. Shares, $1.00.",NA,NA,NA,NA
"318",84530,"amm84530","amm",1922,"ANGELICA MINING &. DEVELOPMENT CO., WICKES. FHD",2e+05,NA,"montana ",-110.3625658,46.8796822,NA,"Montana",NA,NA,NA,NA,NA,NA,"Incorporated, Montana, 1915. Stock, $200,000. Shares, $10.00.",NA,NA,NA,NA
"319",85316,"amm85316","amm",1922,"CACTUS CONS. SILVER MINES CO., VIA GOLDFIELD. 123",NA,NA,"nevada ",-116.419389,38.8026097,NA,NA,"Pres","kendall, j b","kendall","j","b",NA,"J. B. Kendall, Goldfield, Nevada, President and Manager.","kendall","joseph","b","Pres"
"320",85364,"amm85364","amm",1922,"COMSTOCK SUPERIOR MINING CO., VIRGINIA CITY. LGP",NA,NA,"virginia ",-78.6568942,37.4315734,NA,NA,NA,NA,NA,NA,NA,NA,"COMSTOCK SUPERIOR MINING CO., VIRGINIA CITY. LGP",NA,NA,NA,NA
"321",85476,"amm85476","amm",1922,"(Subsidiary of Yukon Gold Co., Equitable Building, New York.)",NA,NA,NA,NA,NA,NA,NA,NA,NA,NA,NA,NA,NA,"Hydro-Electric Power and Compressors. Electric Locomotive.",NA,NA,NA,NA
"322",85974,"amm85974","amm",1922,"NEVADA SILVER HORN MINING CO., PIOCHE. MGP",NA,NA,NA,NA,NA,NA,NA,NA,NA,NA,NA,NA,NA,"Silver Horn Silver Mine. Shaft. Gasolene Engines. 25 Men.",NA,NA,NA,NA
"323",85993,"amm85993","amm",1922,"NEVADA ZINC MINING CO., CLOVER CITY. > LGP",NA,NA,NA,NA,NA,NA,NA,"Pres","frick, j e","frick","j","e",NA,"J. E. Frick. President; G. L. Bemis, Salt Lake, Managing Director.","freytag","j",NA,"Pres"
"324",86738,"amm86738","amm",1922,"PARSONS MINING CO., PARSONS. 12 8",NA,NA,"new mexico ",-105.8700901,34.5199402,NA,NA,"Assistant","hutchins, r j","hutchins","r","j",NA,"R. J. Hutchins. Tyrone, New Mexico, Assistant Manager.","hussey","r",NA,"Assistant"
"325",86991,"amm86991","amm",1922,"ELDORADO COPPER MINING CO., RIDDLE. 123",NA,NA,NA,NA,NA,NA,NA,NA,NA,NA,NA,NA,NA,"Copper-Silver-Gold Prospect. Adits. Water Power. Developing.",NA,NA,NA,NA
"326",87101,"amm87101","amm",1922,"SILVER KING MINING CO., LYONS. LGP",NA,NA,NA,NA,NA,NA,NA,NA,NA,NA,NA,NA,NA,"Gold-Silver-Lead-Zinc. Adits. Water Power and Compressor. 15 Men.",NA,NA,NA,NA
"327",87288,"amm87288","amm",1922,"PRESIDIO MINING CO., SHAFTER. FHD",NA,NA,"presidio ",-122.4661937,37.7988737,NA,NA,NA,NA,NA,NA,NA,NA,"PRESIDIO MINING CO., SHAFTER. FHD",NA,NA,NA,NA
"328",87411,"amm87411","amm",1922,"(Subsidiary of American Smelting & Refining Co., New York.)",NA,NA,"garfield ",-95.2555846,37.3381673,NA,NA,"Manager","howard, w h","howard","william","h",NA,"William H. Howard, Garfield, Utah, Manager.","howard","william",NA,"Manager"
"329",88127,"amm88127","amm",1922,"WEST TOLEDO MINES CO., ALTA. ' LGP",NA,NA,NA,NA,NA,NA,NA,"Pres","hurley, a l","hurley","arthur","l",NA,"Arthur L. Hurley, Park City, Utah, President.","huntsman","arthur","l","Pres"
"330",88267,"amm88267","amm",1922,"WEBER COAL CO., COALVILLE, SUMMIT CO. DHD",NA,NA,NA,NA,NA,NA,NA,NA,NA,NA,NA,NA,NA,"'1‘. J. Lewis, Coalville, Utah, Superintendent.",NA,NA,NA,NA
"331",88488,"amm88488","amm",1922,"IVANHOE MINING CO., OROVILLE. LGP",NA,NA,"oroville ",-121.556359,39.5137752,NA,NA,NA,NA,NA,NA,NA,NA,"IVANHOE MINING CO., OROVILLE. LGP",NA,NA,NA,NA
"332",88596,"amm88596","amm",1922,"OROVILLE COPPER CO., OROVILLE. LGP",NA,NA,NA,NA,NA,NA,NA,NA,NA,NA,NA,NA,NA,"WASHINGTON",NA,NA,NA,NA
"333",88830,"amm88830","amm",1922,"Subsidiary of Northern Pacific R. Co., St. Paul, Minn.",NA,NA,"tacoma ",-122.4442906,47.2528768,NA,NA,"General Manager","andersen, c c","andersen","c","c",NA,"C. C. Andersen, Tacoma, Washington, General Manager.","andersen","c",NA,"General Manager"
"334",88973,"amm88973","amm",1922,"PACIFIC CAR 6. FOUNDRY CO., RENTON. FGP",NA,NA,"washington ",-120.7401385,47.7510741,NA,NA,"General Manager","curd, h n","curd","h","n",NA,"H. N. Curd, Renton, Washington, General Manager.","cunninghame","h",NA,"General Manager"
"335",89079,"amm89079","amm",1922,"NORTH LARAMIE PEAK COPPER M. CO., ESTERBROOK. LGP",NA,NA,NA,NA,NA,NA,NA,NA,NA,NA,NA,NA,NA,"WYOMING",NA,NA,NA,NA
"336",89100,"amm89100","amm",1922,"ACME COAL CO., ACME, SHERIDAN CO. DHD",NA,NA,NA,NA,NA,NA,NA,NA,NA,NA,NA,NA,NA,"Acme Colliery No. 3. Slope. Electric (Commercial) Power.",NA,NA,NA,NA
"337",89149,"amm89149","amm",1922,"CENTRAL COAL & COKE CO., ROCK SPRINGS. CHD",NA,NA,NA,NA,NA,NA,NA,NA,NA,NA,NA,NA,NA,"10 Electric Cutters. Horse and Trolley Locomotives. 250 Men.",NA,NA,NA,NA
"338",89306,"amm89306","amm",1922,"ALABAMA FUEL &. IRON CO., BIRMINGHAM. DHD",3500000,NA,"alabama ",-86.902298,32.3182314,NA,"Alabama",NA,NA,NA,NA,NA,NA,"Incorporated, Alabama, 1908. Stock, $3,500,000. Shares, $100.",NA,NA,NA,NA
"339",89551,"amm89551","amm",1922,"IRON ORE MINES.",NA,NA,"hematite ",-84.3191604,39.8520507,NA,NA,NA,NA,NA,NA,NA,NA,"Brown Hematite Iron Ore. Slope. Steam Power and Compressor.",NA,NA,NA,NA
"340",90457,"amm90457","amm",1922,"NATIONAL ROLLING MILL CO., VINCENNES. FGP",NA,NA,NA,NA,NA,NA,NA,"Pres","kessinger, c b","kessinger","c","b",NA,"C. B. Kessinger, Vincennes, President; Edward Watson, Vice-Pres.","kerr","charles",NA,"Pres"
"341",90643,"amm90643","amm",1922,"(Afliliation of Andrews Steel Co., Newport, Kentucky.)",NA,NA,"ashland ",-122.7094767,42.1945758,NA,NA,"Vice","seaton, w b","seaton","w","b",NA,"W. B. Seaton, Ashland, Vice-President; W. C. Richardson, Trees.","searles","w","b","Vice"
"342",90832,"amm90832","amm",1922,"COES WRENCH CO., WORCESTER. FGP",NA,NA,NA,NA,NA,NA,NA,"Pres","coes, f l","coes","frank","l",NA,"Frank L. Coes, President and Manager; Frederick Searle, Supt.","cofbton","frank",NA,"Pres"
"343",91241,"amm91241","amm",1922,"EAST JORDAN FURNACE CO., EAST JORDAN. FGP",75000,"Saginaw, Michigan","saginaw ",-83.9508068,43.4194699,NA,NA,NA,NA,NA,NA,NA,NA,"Office, Saginaw, Michigan. Incorporated, 1909. Stock, $75,000.",NA,NA,NA,NA
"344",91279,"amm91279","amm",1922,"MITCHELL DIGGINS IRON CO.,, CADILLAC. FGP",NA,NA,NA,NA,NA,NA,NA,NA,NA,NA,NA,NA,NA,"MITCHELL DIGGINS IRON CO.,, CADILLAC. FGP",NA,NA,NA,NA
"345",91289,"amm91289","amm",1922,"MONARCH STEEL CASTINGS CO., DETROIT. FGP",NA,NA,NA,NA,NA,NA,NA,"Vice","nelson, e l","nelson","e","l",NA,"E. L. Nelson, 310 Solvay Avenue, Vice President and Manager.","nekrassow","e","l","Vice"
"346",91530,"amm91530","amm",1922,"VIRGINIA ORE MINING CO., VIRGINIA.",NA,NA,"buffalo ",-78.8783689,42.8864468,NA,NA,NA,NA,NA,NA,NA,NA,"Hanna Furnace Co.-—Wickwire Spencer Steel Corporation, Buffalo.",NA,NA,NA,NA
"347",92161,"amm92161","amm",1922,"DESLOGE CONSOLIDATED LEAD CO., DESLOGE. CHD",NA,NA,NA,NA,NA,NA,NA,NA,NA,NA,NA,NA,NA,"Steam-Electric Power and Compressors. 5 Electric Shovels.",NA,NA,NA,NA
"348",92420,"amm92420","amm",1922,"DESPERATION MINING CO., TAR RIVER, OKLAHOMA. MGP",NA,NA,"oklahoma ",-97.5164276,35.4675602,NA,NA,"Superintendent","glenn, r f","glenn","robert","f",NA,"Robert F. Glenn, Tar River, Oklahoma, Superintendent.","glen","robert",NA,"Superintendent"
"349",92877,"amm92877","amm",1922,"MAGNOLIA METAL CO., ELIZABETH. EHD",3e+05,NA,NA,NA,NA,NA,"West Va",NA,NA,NA,NA,NA,NA,"Incorporated, West Va., 1893. Stock, $300,000. ($250,000 Common.)",NA,NA,NA,NA
"350",93109,"amm93109","amm",1922,"(Subsidiary of Joseph Dixon Crucible Co., Jersey City, N. J.)",NA,NA,"jersey ",-2.13125,49.214439,NA,NA,NA,NA,NA,NA,NA,NA,"(Subsidiary of Joseph Dixon Crucible Co., Jersey City, N. J.)",NA,NA,NA,NA
"351",93601,"amm93601","amm",1922,"NORTHERN IRON CO., PLATTSBURGH. DHD",NA,NA,NA,NA,NA,NA,NA,NA,NA,NA,NA,NA,NA,"NEW YORK",NA,NA,NA,NA
"352",93686,"amm93686","amm",1922,"SYRACUSE ALLOY STEEL CO., SYRACUSE. MGP",3000,NA,NA,NA,NA,NA,NA,NA,NA,NA,NA,NA,NA,"Reincorporated, N. Y., 1919. Stock, 3000 Shares; $100,000 Pref.",NA,NA,NA,NA
"353",94184,"amm94184","amm",1922,"KELLY NAIL & IRON CO., IRONTON. EHD",NA,NA,NA,NA,NA,NA,NA,NA,NA,NA,NA,NA,NA,"2 Heyl & Patterson SingleStrand Pig Iron Casting Machines.",NA,NA,NA,NA
"354",94240,"amm94240","amm",1922,"MARTING IRON a. STEEL CO., IRONTON. EHD",NA,NA,"ironton ",-82.6829406,38.5367471,NA,NA,NA,NA,NA,NA,NA,NA,"MARTING IRON a. STEEL CO., IRONTON. EHD",NA,NA,NA,NA
"355",94256,"amm94256","amm",1922,"MASSILLON ROLLING MILL CO., MASSILLON. CHD",NA,NA,NA,NA,NA,NA,NA,NA,NA,NA,NA,NA,NA,"11 Cold Roll Stands. 12 Annealing Furnaces. 3 Pickling Machines.",NA,NA,NA,NA
"356",94396,"amm94396","amm",1922,"STANDARD STEEL CASTINGS CO., CLEVELAND. FGP",NA,NA,NA,NA,NA,NA,NA,"General Manager","fletcher, c b","fletcher","c","b",NA,"C. B. Fletcher, General Manager; John Matthews, Superintendent.","flemingtp","c","b","General Manager"
"357",94609,"amm94609","amm",1922,"Langeloth Coal Co., Slovan, Pennsylvania.",NA,NA,"pennsylvania ",-77.1945247,41.2033216,NA,NA,NA,NA,NA,NA,NA,NA,"Langeloth Coal Co., Slovan, Pennsylvania.",NA,NA,NA,NA
"358",94635,"amm94635","amm",1922,"(Subsidiary oi.’ New Jersey Zinc Co., 160 Front Street, New York.)",NA,NA,NA,NA,NA,NA,NA,NA,NA,NA,NA,NA,NA,"Zinc Oxide, Spiegel, Lithopone and Sulphuric Acid Plants.",NA,NA,NA,NA
"359",94712,"amm94712","amm",1922,"ALTOONA IRON CO., ALTOONA. FGP",NA,NA,NA,NA,NA,NA,NA,"Pres","findley, j d","findley","joseph","d",NA,"Joseph D. Findley, President; H. K. McCauIey, General Manager.","finch","joseph",NA,"Pres"
"360",94723,"amm94723","amm",1922,"AMERICAN CAR & FOUNDRY CO., BERWICK. AHD",NA,NA,NA,NA,NA,NA,NA,NA,NA,NA,NA,NA,NA,"AMERICAN CAR & FOUNDRY CO., BERWICK. AHD",NA,NA,NA,NA
"361",95296,"amm95296","amm",1922,"EAGLE IRON CO., CURTIN. FGP",NA,NA,NA,NA,NA,NA,NA,NA,NA,NA,NA,NA,NA,"EAGLE IRON CO., CURTIN. FGP",NA,NA,NA,NA
"362",96167,"amm96167","amm",1922,"ALAN WOOD IRON a STEEL CO., PHILADELPHIA. AHB",NA,NA,"wyoming ",-107.2902839,43.0759678,NA,NA,"Pres","robertson, n g","robertson","nathaniel","g",NA,"Nathaniel G. Robertson, Wyoming, Pa., Pres., General Manager.","robertson","nathaniel","g","Pres"
"363",96199,"amm96199","amm",1922,"(Subsidiary of American Zinc, Lead & Smelting Co., Boston.)",NA,NA,NA,NA,NA,NA,NA,NA,NA,NA,NA,NA,NA,"2800-ton Concentrating (2) Mills and Flotation Plants. 1200 Men.",NA,NA,NA,NA
"364",96336,"amm96336","amm",1922,"KNOXVILLE IRON CO., KNOXVILLE.",NA,NA,NA,NA,NA,NA,NA,NA,NA,NA,NA,NA,NA,"4 Steam Blowing Engines. 3000 HP. Steam Plant: 10 W.T. Boilers.",NA,NA,NA,NA
"365",96651,"amm96651","amm",1922,"VIRGINIA IRON, COAL 6. COKE CO., ROANOKE. CHD",NA,NA,"virginia ",-78.6568942,37.4315734,NA,NA,NA,NA,NA,NA,NA,NA,"and Toms Creek, Virginia. Drifts. Steam-Electric Power Plants.",NA,NA,NA,NA
"366",96721,"amm96721","amm",1922,"FOLLANSBEE BROTHERS COMPANY, FOLLANSBEE. DHD",NA,NA,NA,NA,NA,NA,NA,NA,NA,NA,NA,NA,NA,"Five 28"" and Three 24"" Sets Sheet; Six 24"" Sets Tin Cold Rolls.",NA,NA,NA,NA
"367",97109,"amm97109","amm",1922,"BRAZEAU COLLIERIES, LIMITED, NORDEGG. DHD",NA,NA,"toronto ",-79.3831843,43.653226,NA,NA,"Pres","mackenzie, s w","mackenzie","sir","william",NA,"Sir William Mackenzie, Toronto, Canada, President.","mackenzie","sir","william","Pres"
"368",97165,"amm97165","amm",1922,"DAWSON COAL CO., LIMITED, EDMONTON. MGP",NA,NA,"edmonton ",-113.4938229,53.5461245,NA,NA,"General Manager","hyndman, c a","hyndman","c","a",NA,"C. A. Hyndman, Edmonton, Alberta, General Manager.","hyde","c",NA,"General Manager"
"369",97579,"amm97579","amm",1922,"EUREKA COPPER MINES, LIMITED, NELSON. MGP",NA,NA,NA,NA,NA,NA,NA,"Pres","malone, j j","malone","john","j",NA,"John J. Malone, President; John G. Bunyan, Sec. and Manager.","malleson","john",NA,"Pres"
"370",98062,"amm98062","amm",1922,"CROW'S NEST PASS COAL CO., LTD., FERNIE. AHD",NA,NA,NA,NA,NA,NA,NA,NA,NA,NA,NA,NA,NA,"CROW'S NEST PASS COAL CO., LTD., FERNIE. AHD",NA,NA,NA,NA
"371",98158,"amm98158","amm",1922,"NORTH AMERICAN ANTIMONY SM ELTING CO., LTD. MGP",NA,NA,NA,NA,NA,NA,NA,NA,NA,NA,NA,NA,NA,"IRON AND STEEL WORKS",NA,NA,NA,NA
"372",98339,"amm98339","amm",1922,"MARITIME COAL, RAILWAY &. POWER CO., LTD., JOGGINS. DHD",NA,NA,NA,NA,NA,NA,NA,NA,NA,NA,NA,NA,NA,"15-Mile. Standard Gauge, Steam Railway. 4 Locomotives. 500 Men.",NA,NA,NA,NA
"373",98713,"amm98713","amm",1922,"HOLLINGER CONS. GOLD MINES, LIMITED, TIMMINS. AHD",NA,NA,"toronto ",-79.3831843,43.653226,NA,NA,NA,NA,NA,NA,NA,NA,"Oflice, 85 Bay Street, Toronto, Canada.",NA,NA,NA,NA
"374",99071,"amm99071","amm",1922,"PORCUPINE DAVIDSON GOLD MINES, LTD., S. PORCUPINE. DHD",NA,NA,"porcupine ",-111.7909417,40.6189514,NA,NA,"General Manager","sutherland, h h","sutherland","h","h",NA,"H. H. Sutherland, South Porcupine, Ontario, General Manager.","sutherland","h",NA,"General Manager"
"375",99190,"amm99190","amm",1922,"WEST TREE GOLD MINES, LIMITED, SHINING TREE. MGP",NA,NA,NA,NA,NA,NA,NA,NA,NA,NA,NA,NA,NA,"West Tree Gold Mine. Steam Power and Compressor. Developing.",NA,NA,NA,NA
"376",99223,"amm99223","amm",1922,"MOOSE MOUNTAIN, LIMITED, SELLWOOD. EHD",NA,NA,NA,NA,NA,NA,NA,"General Manager","anderson, a j","anderson","a","j",NA,"A. J. Anderson, Sellwood, General Manager.","anderson","alexander",NA,"General Manager"
"377",99401,"amm99401","amm",1922,"STEEL COMPANY OF CANADA, LTD., HAMILTON. AHD",NA,NA,"montreal ",-73.567256,45.5016889,NA,NA,"Pres","whitton, f h","whitton","f","h",NA,"F. H. Whitton. Hamilton; Ross H. McMaster, Montreal, V. Pres.","whitton","f","h","Pres"
"378",99634,"amm99634","amm",1922,"CANADIAN ZINC PRODUCTS CO., LIMITED.",NA,NA,NA,NA,NA,NA,NA,NA,NA,NA,NA,NA,NA,"IRON AND STEEL WORKS",NA,NA,NA,NA
"379",99679,"amm99679","amm",1922,"CANADIAN FERRO ALLOYS, LTD., SHAWINIGAN FALLS. EHD",NA,NA,NA,NA,NA,NA,NA,NA,NA,NA,NA,NA,NA,"1 Electric Furnace. Ferrosilicon: 5000 Tons. Commercial E. Power.",NA,NA,NA,NA
"380",99691,"amm99691","amm",1922,"CANADIAN STEEL FOUNDRIES, LTD., MONTREAL. CHD",NA,NA,"montreal ",-73.567256,45.5016889,NA,NA,"Manager","reid, j i","reid","j","i",NA,"J. I. Reid, Montreal, Quebec, Operating Manager.","reid","j",NA,"Manager"
"381",99804,"amm99804","amm",1922,"YUKON GOLD CO., DAWSON. AHD",NA,NA,"yukon ",-135,64.2823274,NA,NA,NA,NA,NA,NA,NA,NA,"YUKON GOLD CO., DAWSON. AHD",NA,NA,NA,NA
"382",100323,"amm100323","amm",1922,"EL VERDE MINES, GUANACEVI. FGP",NA,NA,NA,NA,NA,NA,NA,NA,NA,NA,NA,NA,NA,"STATE OF GUANAJUATO",NA,NA,NA,NA
"383",100755,"amm100755","amm",1922,"MEXICAN LEAD CO., DIENTE, VIA MONTEREY. DHD",NA,NA,NA,NA,NA,NA,NA,NA,NA,NA,NA,NA,NA,"Zaragosa, San Pablo and San Pedro Lead-Silver-Zinc Mines.",NA,NA,NA,NA
"384",101063,"amm101063","amm",1922,"PLATA-FINA MINING 6. DEVELOPMENT CO.,ALAMOS. LGF",NA,NA,NA,NA,NA,NA,NA,NA,NA,NA,NA,NA,NA,"Cacharamba Group. Silver-Copper-Gold. Shafts. S. Power. 25 Men.",NA,NA,NA,NA
