"","id","year","company","capital","office","yearg","situated","mine","loc","text","lastname","firstname","middlename","prof"
"1","myb529",1887,"ALSTON MOOR MINING COMPANY LIMITED",NA,NA,NA,NA,NA,"newcastle","Office.",NA,NA,NA,NA
"2","myb3204",1887,"CAEGYNON LEAD MINING COMPANY",NA,NA,NA,NA,NA,"exchange street east","an unregistered agreement dated December 16th, 1885, and made between F. L.",NA,NA,NA,NA
"3","myb3654",1887,"COMPANY LIMITED",NA,"london road car company",NA,NA,NA,"london","Alex. Brogden, J.P., Director of the Etheridge Gold Field, Chairman. J. H. Mace, Director of the London Road Car Company.","brogden","alex",NA,"chair"
"4","myb5735",1887,"ITERION GOLD MINING COMPANY",NA,NA,NA,NA,NA,"london","Estimated Production.",NA,NA,NA,NA
"5","myb7805",1887,"EMPRESS LIMITED",NA,NA,NA,NA,NA,"eureka","cost, as compared with that necessary to raise it to the surface of each separate mine, and again",NA,NA,NA,NA
"6","myb7875",1887,"ENGLISH AND AUSTRALIAN COPPER CO LTD",NA,NA,NA,NA,NA,"australia","£140,000 £2 shares, £1 10s. paid up.",NA,NA,NA,NA
"7","myb12707",1887,"LIVINGSTONE GOLD MINING COMPANY",NA,NA,NA,NA,NA,"queensland","wero allotted to the vendor in part payment for the property, and the remaining",NA,NA,NA,NA
"8","myb16038",1887,"GOLD FIELDS LIMITED",NA,NA,NA,NA,NA,"transvaal","was for Lisbon £30,000, 4 per cent, on which is £1,200 : for Berlyn £45,000, 4 per cent, on which",NA,NA,NA,NA
"9","myb20811",1887,"INTERIM",NA,NA,NA,NA,NA,"hocking","quantity of rock fallen, and still falling at the latest date, makes working this part of the",NA,NA,NA,NA
"10","myb21824",1887,"SMELTING COMPANY LIMITED",NA,NA,NA,NA,NA,"cromwell road s","Edgar P. Rathbone, Assoc. Mem. Inst. C.E., M. American Inst. M.E., 2, Great",NA,NA,NA,NA
"11","myb23433",1887,"THARSIS SULPHUR AND COPPER COMPANY",NA,NA,NA,NA,NA,"spain","Valuations. These have been carefully gone over by the directors and auditors. The stock",NA,NA,NA,NA
"12","myb25471",1887,"VVEST KITTY MINES LIMITED",NA,NA,NA,NA,NA,"camborne","£15 13s. 6d. ; tin sales 60 tons 3J cwts £3,685 3s.; extra carriage, £12 Os. 6d.;",NA,NA,NA,NA
"13","myb26354",1888,"ALMADA AND TIRITO COMPANY LIMITED",NA,NA,NA,NA,NA,"san francisco","thought most advantageous by Mr. Sanchez, and the recent discovery of rich ore will greatly",NA,NA,NA,NA
"14","myb32471",1888,"DOLCOATH MINING COMPANY",NA,NA,NA,NA,NA,"camborne","of 1867 £305,395.",NA,NA,NA,NA
"15","myb43522",1888,"OPAL MINES OF QUEENSLAND LIMITED",NA,NA,NA,NA,NA,"queensland","Thomas Archer, C.M.G. | Charles Sidey.","archibald","thomas",NA,"board"
"16","myb43522",1888,"OPAL MINES OF QUEENSLAND LIMITED",NA,NA,NA,NA,NA,"queensland","Thomas Archer, C.M.G. | Charles Sidey.","sidebottom","charles",NA,"board"
"17","myb45004",1888,"POTOSI LIMITED",NA,NA,NA,NA,NA,"potosi","The debentures of the old company amounting to £18,250, together with",NA,NA,NA,NA
"18","myb49945",1888,"TION GOLD MINING COMPANY LIMITED",NA,NA,NA,NA,NA,"valley","gold. For more than a quarter of a century I have expected this district to come up to some of",NA,NA,NA,NA
"19","myb61192",1889,"BUENA ESPERANZA SYNDICATE LIMITED",NA,NA,NA,NA,NA,"mexico","Offices.",NA,NA,NA,NA
"20","myb61590",1889,"CALLINGTON UNITED MINES LIMITED",486854.9172,NA,NA,NA,NA,"london","The authorised capital is £100,000, in shares of £1 each, of which £55,000",NA,NA,NA,NA
"21","myb61891",1889,"CANTABRIAN COPPER MINES LIMITED",NA,NA,NA,NA,NA,"swansea","the quality of the ore is of the most satisfactory character, and they believe that, at all events",NA,NA,NA,NA
"22","myb63210",1889,"CORSICAN COPPER AND CHEMICAL COMPANY",NA,NA,NA,NA,NA,"london","Directors.",NA,NA,NA,NA
"23","myb74563",1889,"PINOS ALTOS BULLION COMPANY LIMITED",NA,NA,NA,NA,NA,"pinos","Directors.",NA,NA,NA,NA
"24","myb75642",1889,"RED ROCK GOLD MINING COMPANY LIMITED",NA,NA,NA,"nine miles in a",NA,"nine miles in a","acquiring and working a mining property situated about nine miles in a north",NA,NA,NA,NA
"25","myb78598",1889,"TILT COVE COPPER COMPANY LIMITED",NA,NA,NA,NA,NA,"queen street place e","cent, interest.",NA,NA,NA,NA
"26","myb82415",1889,"CHIMES GOLD MINING COMPANY LIMITED",NA,NA,NA,NA,NA,"heidelberg","October, 1889. Latest price, 1889, 4|.",NA,NA,NA,NA
"27","myb83751",1889,"EUREKA GOLD MINING COMPANY LIMITED",NA,NA,NA,NA,NA,"eureka","passed at a previous meeting for the winding-np of the company, the property",NA,NA,NA,NA
"28","myb84883",1889,"GREAT LAXEY BLACK BEEF GOLD",NA,NA,NA,NA,NA,"leadenhall street b","skilful management and capital only are required to bring the enterprise t a successful issue.",NA,NA,NA,NA
"29","myb85618",1889,"KIMBERLEY CENTRAL DIAMOND MINING COMPANY",NA,NA,NA,NA,NA,NA,"the company took over the Kimberley North Block Diamond Mining Company,",NA,NA,NA,NA
"30","myb86375",1889,"COMPANY LIMITED",NA,NA,NA,NA,NA,"london","the 1st February, 1890.",NA,NA,NA,NA
"31","myb86666",1889,"LUIPAARD S VLEI GOLD MINING COMPANY",NA,NA,NA,NA,NA,"johannesburg","1889, to £80,000 in £1 shares. The accounts for the half-year ending the Slsi",NA,NA,NA,NA
"32","myb92798",1889,"WEST BATTERY REEF GOLD MINING COMPANY",NA,NA,NA,NA,NA,"transvaal","mining lease. The estates cover an area of about 16,000 acres. Tlie two farms",NA,NA,NA,NA
"33","myb95409",1891,"BLAEN TWYMYN MINING SYNDICATE LIMITED",NA,NA,NA,NA,NA,"wales","being exhausted.",NA,NA,NA,NA
"34","myb99379",1891,"DEVON GREAT CONSOLS COMPANY LIMITED",NA,NA,NA,NA,NA,"bedford","payable on the 26th September, 1887. 127 shares have been forfeited.",NA,NA,NA,NA
"35","myb101891",1891,"GOLDEN CHANCE MINING COMPANY LIMITED",NA,NA,NA,NA,NA,"montana","its twoHmd-a-half years work £106,000, will, it is hoped, by a limited expenditure upon new",NA,NA,NA,NA
"36","myb106155",1891,"MOUNT ALBION SILVEH",NA,NA,NA,NA,NA,"colorado","titles total area 72 acres , three claims area 11 acres , six mill sites area 30",NA,NA,NA,NA
"37","myb108615",1891,"NORTH AUSTRALIAN MINING COMPANY LIMITED",NA,NA,NA,NA,NA,"stirling","Auditor. Solicitors. Bankers.",NA,NA,NA,NA
"38","myb109170",1891,"OOREGTJM GOLD",NA,NA,NA,NA,NA,"mysore","of plant, &e. ; £2,500 went for debenture bonns ; £3,000 was placed to suspense",NA,NA,NA,NA
"39","myb113609",1891,"STERLING GOLD MINES MONTANA LIMITED",NA,NA,1886,NA,NA,"helena","This company was registered on the 29th October, 1886, for the purpose of",NA,NA,NA,NA
"40","myb119314",1891,"EDWIN BRAY GOLD MINING COMPANY LIMITED",NA,NA,NA,NA,NA,"barberton","capital was increased in December, 1890, from £65,000, by the creation of 10,000",NA,NA,NA,NA
"41","myb120661",1891,"GRIQUALAND WEST DIAMOND MINING COMPANY",NA,NA,NA,NA,NA,"london","100 shares or part thereof, and Id. per share for colonial stamp duty. Shares",NA,NA,NA,NA
"42","myb122442",1891,"MAY CONSOLIDATED GOLD MINING COMPANY",NA,NA,NA,NA,NA,"the randt","stated as follows",NA,NA,NA,NA
"43","myb122830",1891,"NATAL GOLD MINING COMPANY LIMITED",NA,NA,NA,NA,NA,"london","Mr. Ritchie, who first made the discovery, and is now down some 23 feet in a cross-cut feet",NA,NA,NA,NA
"44","myb123100",1891,"NEW PRIMROSE GOLD",NA,NA,NA,NA,NA,"london","stated : During the past eix months, the gross profit from mining operations was £9,936 16s. fed.",NA,NA,NA,NA
"45","myb124975",1891,"UTH AFRICAN GOLD TRUST AND AGENCY",NA,NA,NA,NA,NA,"england","31st Dec., ... 2s. 6d. ... 17s. Od.",NA,NA,NA,NA
"46","myb125056",1891,"CORPORATION LIMITED",NA,NA,NA,NA,NA,"marshall","cent, dividend on the ordinary shares. The founders shares were originally",NA,NA,NA,NA
"47","myb138780",1893,"MINERALS SYNDICATE LIMITED",22641.05,NA,NA,NA,NA,"italy","have been issued and £215 per share called up, making the paid-up capital £4,655.",NA,NA,NA,NA
"48","myb138987",1893,"MINING AND FINANCIAL TRUST SYNDICATE",NA,NA,NA,NA,NA,"london","226 THE MIKING .",NA,NA,NA,NA
"49","myb142373",1893,"COMPANY LIMITED",NA,NA,NA,NA,NA,"colorado","Company, Limited. These two companies have since been wound np.",NA,NA,NA,NA
"50","myb144114",1893,"BIO TINTO",NA,NA,NA,NA,NA,"plant at cwm avon granrr","arc registered and to bearer. The shares and both elasses of bonds are quoted",NA,NA,NA,NA
"51","myb144827",1893,"SAN BERNARDO MINING COMPANY LIMITED",NA,NA,NA,NA,NA,"london","held on tho 29th December, 1891, stated as follows :",NA,NA,NA,NA
"52","myb146139",1893,"SPANISH ANTIMONY COMPANY LIMITED",NA,NA,NA,NA,NA,"honduras","have been issued, inclnding 10,000 credited as paid.",NA,NA,NA,NA
"53","myb151344",1893,"DE BEERS CONSOLIDATED MINES LIMITED",NA,NA,NA,NA,NA,"london","and 3,239, 134 loads washed as well as the remaining stock of blue ground at lhitoits-pan",NA,NA,NA,NA
"54","myb155671",1893,"NEW CHIMES GOLD MINING COMPANY LIMITED",NA,NA,NA,NA,NA,"london","Secretary. Offices.",NA,NA,NA,NA
"55","myb157374",1893,"ROYAL GOLD MINING COMPANY LIMITED",170233.5,NA,NA,NA,NA,"salisbury","to every one held in this company. The authorised capital was £35,000, in",NA,NA,NA,NA
"56","myb160295",1893,"COMPANY LIMITED",NA,NA,NA,NA,NA,"portland","undertakings have since been transferred to a new company called the Central",NA,NA,NA,NA
"57","myb162838",1894,"BLUE HILLS MINING COMPANY",NA,NA,NA,NA,NA,"cornwall","; r share was made.",NA,NA,NA,NA
"58","myb165880",1894,"COMPANY LIMITED",NA,NA,NA,NA,NA,"queensland","George Hopkins, C.E., Chairman.","hopkins","george",NA,"chair"
"59","myb169114",1894,"JOHN BOWES AND PARTNERS LIMITED",NA,NA,NA,NA,NA,"stirling","ordinary, 11 .",NA,NA,NA,NA
"60","myb169385",1894,"LANDORE COPPER COMPANY LIMITED",NA,NA,NA,NA,NA,"swansea","m issued and are folly paid, 1,000 shares being credited as fully paid.",NA,NA,NA,NA
"61","myb170172",1894,"MACHAN COAL CO LTD",NA,NA,NA,NA,NA,"dudley","Transfer form common ; fee 2s. Gil. per deed.",NA,NA,NA,NA
"62","myb172399",1894,"NEW VIOLA COMPANY LIMITED",NA,NA,NA,NA,NA,"new zealand","inference and 12,500 ordinary have been issued credited as fully paid.",NA,NA,NA,NA
"63","myb175521",1894,"ROUND HILL MINING COMPANY LIMITED",NA,NA,NA,NA,NA,"valley","farther liability of £1 13s. 4d. per share, they might have issned to them seven",NA,NA,NA,NA
"64","myb176068",1894,"SANTA ANA MINE LIMITED",NA,NA,NA,NA,NA,"broad street b","R. H. Ncrncy.",NA,NA,NA,NA
"65","myb176574",1894,"SHELTON IRON STEEL AND COAL CO LTD",NA,NA,NA,NA,NA,"granville","property and undertaking of the Shelton Iron and Steel Company, Limited, at",NA,NA,NA,NA
"66","myb180794",1894,"BRITANNIC GOLD MINING COMPANY LIMITED",NA,NA,NA,NA,NA,"johannesburg","Limited, and in December, 1892, was reconstructed under the present title.",NA,NA,NA,NA
"67","myb183286",1894,"MINING COMPANY LIMITED",NA,NA,NA,NA,NA,"london","C. C. Baker. London Joint Stock Bank, Limited. Paine, Son, and Pollock.",NA,NA,NA,NA
"68","myb184889",1894,"NEW BELGIUM TRANSVAAL LAND",NA,NA,NA,NA,NA,"transvaal","in July, 1892, from £48,000 to £60,000 by the creation of 12,000 new shares,",NA,NA,NA,NA
"69","myb188859",1894,"VAN RYN ESTATE AND GOLD MINING COMPANY",NA,NA,NA,NA,NA,"london","Bankers.",NA,NA,NA,NA
"70","myb189763",1895,"ABERFOYLE SLATE QUARRIES COMPANY LIMITED",NA,NA,NA,NA,NA,"stirling","£2,831 18s. 81 ; cash balances, £1,097 15s. lid.",NA,NA,NA,NA
"71","myb193706",1895,"CALDERBANK STEEL AND COAL COMPANY",NA,NA,NA,NA,NA,"glasgow","payable £30,000 in cash, £30,000 in fnlly-paid preference shares, and £40,000 in",NA,NA,NA,NA
"72","myb200825",1895,"LEON COBALT AND COPPER MINING COMPANY",NA,"carey street w",NA,NA,NA,"carey street w","Tho Official Receiver, 33, Carey Street, W.0.",NA,NA,NA,NA
"73","myb205153",1895,"NORTH BRANCEPETH COAL COMPANY LIMITED",NA,NA,NA,NA,NA,"wales","The accounts are made up annually to the 30th September and submitted ii",NA,NA,NA,NA
"74","myb209996",1895,"WAIHI GOLD MINING COMPANY LIMITED",NA,NA,NA,NA,NA,"new zealand","off debentures to the amount of £20,000, issued in May, 1889. The last call o",NA,NA,NA,NA
"75","myb210731",1895,"WEST AUSTBALIAN MINEBALS",NA,NA,NA,NA,NA,"cornwall","shares credited with 4s. 6d. as paid instead ; and, further, the new company was",NA,NA,NA,NA
"76","myb213611",1895,"COPENHAGEN MASHONALAND COMPANY LIMITED",NA,NA,NA,NA,NA,"cleveland","Transfer form, common ; fee, 2s. 6d. per deed. Latest price, 1, 1-J-.",NA,NA,NA,NA
"77","myb216949",1895,"DIRECTORS",NA,NA,NA,NA,NA,"transvaal","working it on their own account. The cyanide works have since been considerably increaect",NA,NA,NA,NA
"78","myb217938",1895,"MATABELELAND ADVENTURERS LIMITED",NA,NA,NA,NA,NA,"portland","return 5,000 fully-paid shares in the British South Africa Company, and the privilege of",NA,NA,NA,NA
"79","myb218586",1895,"OSSAM ED ES",NA,NA,NA,NA,NA,NA,"MOSSAMEDES COMPANY",NA,NA,NA,NA
"80","myb222863",1895,"STAR GOLD MINING COMPANY LIMITED",NA,NA,NA,NA,NA,"johannesburg","Operations ceased in 1893, owing to funds being exhausted, and in August,",NA,NA,NA,NA
"81","myb226516",1895,"MINING DIRECTORS",NA,NA,NA,NA,NA,"florida","Florida Syndicate, Limited.",NA,NA,NA,NA
"82","myb231280",1895,"COMPANY LIMITED",NA,NA,NA,NA,NA,"transvaal","pletion of the railway in November, 1894, since which time orders have",NA,NA,NA,NA
"83","myb232409",1895,"BRITISH AND TRANSVAAL FINANCIAL COMPANY",NA,NA,NA,NA,NA,"london","and loss of £2,162 15s. 4d. Investments, £17,134 13s. 7d.",NA,NA,NA,NA
"84","myb232745",1895,"CAPE ASBESTOS CO LTD",NA,NA,NA,NA,NA,"london","CAPE COPPER",NA,NA,NA,NA
"85","myb240410",1895,"PREMIER CONCESSIONS OF MOZAMBIQUE LIMITED",NA,NA,NA,NA,NA,"london","The consideration paid to the promoter was £60,000 in fully-paid shares. The",NA,NA,NA,NA
"86","myb244710",1895,"COMPANHIA DA ZAMBEZIA",NA,NA,NA,NA,NA,"london","convert the remainder into Crown lands and hold them. An exception has been",NA,NA,NA,NA
"87","myb245371",1903,"AKIM CORPORATION LIMITED",NA,NA,NA,NA,NA,"eastern","Akim, Akim Mausu and Wsssau districts of the Gold Coast Colony.",NA,NA,NA,NA
"88","myb249440",1903,"SCOTTISH WASSAU SYNDICATE LIMITED",NA,NA,190,NA,NA,"london","Tms company was registered on October 4th, 190 , to carry on a financial",NA,NA,NA,NA
"89","myb249473",1903,"SEFWI AND WASSAU GOLD SYNDICATE LIMITED",NA,NA,NA,NA,NA,"southampton street bloomsbury w","55. premium, and on the latter 15s. per share is called up besides the in.",NA,NA,NA,NA
"90","myb251124",1903,"AIRDRIE COLLIERIES LIMITED",NA,NA,NA,NA,NA,"glasgow","are issued and fully paid.",NA,NA,NA,NA
"91","myb255769",1903,"HAMPION BEEF GOLD",NA,NA,NA,NA,NA,"western",",, 1st Jam, ,, . ,1 J 1899-00.",NA,NA,NA,NA
"92","myb257752",1903,"DIAZ MINES LIMITED",NA,NA,1902,NA,NA,"flagstaff","us- company was registered on April 10th, 1902, to acquire the Santo Nino",NA,NA,NA,NA
"93","myb262823",1903,"JOHN BOWES AND PARTNERS LIMITED",NA,NA,NA,NA,NA,"glasgow","shares of £10, and in 1877 a further 25,000 were created; in 1890 each .8100 ordinary",NA,NA,NA,NA
"94","myb264427",1903,"LONDON EXPLORATION COMPANY LIMITED",NA,NA,NA,NA,NA,"london","The authorised capital",NA,NA,NA,NA
"95","myb267419",1903,"COMPANY LIMITED",NA,NA,NA,NA,NA,"yorkshire","- l I lre authorisedcopitu , is £650,000, divided into 8,000 six per cent. prcit rem",NA,NA,NA,NA
"96","myb269495",1903,"COMPANY LIMITED",NA,"queen street place london",NA,NA,NA,"london","Queen Street Place, E.C.",NA,NA,NA,NA
"97","myb269801",1903,"PYRENEES COPPER MINESI L M TED",NA,NA,NA,NA,NA,"france","shares have been issued and are fully paid, 112,500 vendors being issued",NA,NA,NA,NA
"98","myb269854",1903,"PLENARILY LONDON",NA,NA,NA,NA,NA,NA,"..PLENARILY. LQNDQH.",NA,NA,NA,NA
"99","myb270621",1903,"ROCK LLANTWIT COLLIERX COMPANY LIMITED",NA,NA,NA,NA,NA,"newport","The authorised cepitnl is £7,000, in 7,000 shares of £1 each.",NA,NA,NA,NA
"100","myb274663",1903,"VERAGUAS MINING COMPANY LIMITED",NA,NA,NA,NA,NA,"colombia","Accounts not published.",NA,NA,NA,NA
"101","myb275808",1903,"APANYLLIMITED",NA,NA,NA,NA,NA,"england","Y mcial Bank of England, Limited, Shrewsbury.",NA,NA,NA,NA
"102","myb276780",1908,"BINGARA DIAMOND FIELDS LIMITED",NA,NA,NA,NA,NA,"wales","hares are issued. No accounts received.",NA,NA,NA,NA
"103","myb279585",1908,"HANNAN S PROPRIETARYI LIMITED",NA,NA,NA,NA,NA,"london","£1,804, uncalled liability on shares held £3,750.",NA,NA,NA,NA
"104","myb282489",1908,"OROYA BLACK RANGE LIMITED",NA,NA,NA,NA,NA,"australia","acquired, in 1903, an adjoining property known as the New Yelta Copper",NA,NA,NA,NA
"105","myb282756",1908,"POBT LINCOLN COPPEB",NA,NA,NA,NA,NA,"london","Telegrams: Apionlar, London. N.T.. 6109 Bank,",NA,NA,NA,NA
"106","myb283724",1908,"TAITAPTJ GOLD",NA,NA,NA,NA,NA,"new zealand","acquire five gold mining leases near Karangahake, Province of Auckland, New",NA,NA,NA,NA
"107","myb285239",1908,"ADAMANT DIAMOND MINING COMPANY",NA,NA,NA,NA,NA,"london","The consideration was £17,500, payable £2,500 in cash and £15,000 in fully-paid",NA,NA,NA,NA
"108","myb285428",1908,"AFRICAN AND COLONIAL COMPANY LIMITED",NA,NA,NA,NA,NA,"johannesburg","divided into preference and ordinary. In November, 1901, the capital was",NA,NA,NA,NA
"109","myb286541",1908,"APEX MINES LTD",NA,NA,NA,NA,NA,"johannesburg","the dividend April, 1906 absorbed £33,509 and directors percentages £1,675,",NA,NA,NA,NA
"110","myb292477",1908,"FEBKEIHA DEEP",NA,NA,NA,NA,NA,NA,"FEBKEIHA DEEP",NA,NA,NA,NA
"111","myb297562",1908,"MEYER AND CHARLTON GOLD MINING CO LTD",NA,NA,NA,NA,NA,"johannesburg","acquiring 17 claims on the Main Beef, farm Doornfontein, Witwatersrand. The",NA,NA,NA,NA
"112","myb304275",1908,"SOUTH AFKICAN COMPANY",NA,NA,1904,NA,NA,"salisbury","This company was registered August 6th, 1904 see vol. for 1906 . On October",NA,NA,NA,NA
"113","myb311078",1908,"BLOOM SMYTHIES COLLIERY COMPANY LIMITED",NA,"penchurch street london",NA,NA,NA,"london","Peter D. Thomson. | Andrew Carrie. | Frank B. Eastwood. | Thomas C. Hancock. Secretary and Office Alexander Darward, 28, Penchurch Street, E.C. This company was registered on November 21st, 1902, to adopt an agreement",NA,NA,NA,NA
"114","myb316885",1908,"PAKNLEY IBON",NA,NA,NA,NA,NA,"weldon","This company was registered August 31st, 1903 see vol. for 1907 . On August",NA,NA,NA,NA
"115","myb326518",1908,"REIGATE MINES LIMITED",NA,NA,NA,NA,NA,"london","REIGATE MINES, LIMITED.",NA,NA,NA,NA
"116","myb328103",1908,"SHOTTS IRON COMPANY LIMITED",827250.6,NA,NA,NA,NA,"castle street edinburgh","The authorised capital is £170,000, in 120,000 4J per cent. A preference and",NA,NA,NA,NA
"117","myb329775",1908,"TRANS CONTIN ENTAL TRANSPORTATION",NA,NA,NA,NA,NA,"cardiff","properties have been acquired and the Oakdale Navigation Collieries, Ltd. has",NA,NA,NA,NA
"118","myb332661",1909,"BELLEVUE LIMITED",NA,NA,NA,NA,NA,"western","reconstruction of a company of similar namo registered November, 1896, lirst",NA,NA,NA,NA
"119","myb335712",1909,"HANNAN S LAND COMPANY LIMITED",NA,NA,NA,NA,NA,"kalgoorlie","Lake View East Mines, Ltd., Bellevne and Prentice and Southern Dee Leads",NA,NA,NA,NA
"120","myb342058",1909,"AFRICAN SALTPETRE COMPANY UMITED",NA,NA,NA,NA,NA,NA,"Direotors Qualification, £260 . Frederick P. T. Stniben, Chairman. | John 8. Sheldrick. I George H. Raw. | J. Cameron Swan",NA,NA,NA,NA
"121","myb345277",1909,"CHA RTE RED BRITI SH SOUTH A FRICA COMPANY",2436647,NA,NA,NA,NA,"rhodesia","The authorised capital is £500,000, in 500,000 shares of £1 each j 344,500",NA,NA,NA,NA
"122","myb345713",1909,"COM PAGN I E ANG LP FR ANCAISE M AROCAI NE LTD",NA,NA,NA,NA,NA,"london","mining concessions at Tangiers, Morooco. The consideration was £50,000, pay",NA,NA,NA,NA
"123","myb349333",1909,"FRENCH AYRSHIRE AND LO MAGONDI DISTRICT D E VE LOPM E NT COMPANY LIMITED",NA,NA,NA,NA,NA,"london","showed gold receipts £288,359 and a profit of £47,704 making with balance",NA,NA,NA,NA
"124","myb350347",1909,"GOLD COAST AGENCY NEW LIMITED",NA,NA,NA,NA,NA,"london","West at oost £371,815 ; creditors £84.",NA,NA,NA,NA
"125","myb350868",1909,"HARMONY PROPRIETARY COMPANY LIMITED",NA,NA,NA,NA,NA,"transvaal","of the estate to various syndicates. The estate is well watered and timbered.",NA,NA,NA,NA
"126","myb351708",1909,"JOTIPEBS DEEP",NA,NA,NA,NA,NA,"johannesburg","JOTIPEBS DEEP",NA,NA,NA,NA
"127","myb353476",1909,"COMPANY LIMITED",NA,NA,NA,NA,NA,"johannesburg","forward a sum of £58,496 which was carried forward. The accounts to June",NA,NA,NA,NA
"128","myb355725",1909,"NEW GHASKOP EXPLORING",NA,NA,NA,NA,NA,"london","was shut down owing to depletion of ore reserves and scarcity of water for power.",NA,NA,NA,NA
"129","myb356197",1909,"NEW MODDERFONTEIN GOLD",NA,NA,NA,NA,NA,"london","£7,069 ; caxh and investments £2,016 ; creditors £31 1.",NA,NA,NA,NA
"130","myb360797",1909,"INVESTORS REVIEW",NA,NA,NA,NA,NA,NA,"PUBLISHED EVERY SATURDAY MORNING.",NA,NA,NA,NA
"131","myb365740",1909,"ANANTAPUR GOLD FIELD LTD",NA,NA,NA,NA,NA,"queen street place e","Solicitors Francis 4 Johnson. | Bankers Union Bank oi Scotland, Ltd.",NA,NA,NA,NA
"132","myb366120",1909,"ANTIMONY LEASING SYNDICATE LIMITED",2436647,NA,NA,NA,NA,"bolivia","The authorised capital is £500,000, in 50,000 shares of £10 eaoh; 49,669",NA,NA,NA,NA
"133","myb368796",1909,"BWLLFA AND MERTHYR DARE STEAM COLLIERIES D LIMITED",NA,NA,NA,NA,NA,"cardiff","Dare Steam Collieries, Ltd., a company registered on the 21st October, 1890, with",NA,NA,NA,NA
"134","myb374867",1909,"HUANCHACA COMPANY OF BOLIVIA",NA,NA,NA,NA,NA,"valparaiso","Directors in Valparaiso.",NA,NA,NA,NA
"135","myb382368",1909,"PEKIN SYNDICATE LIMITED",NA,NA,NA,NA,NA,"london","PEKIN SYNDICATE from the Shansi and Honan concessions nntil the sums paid in respect of such percentage",NA,NA,NA,NA
"136","myb384473",1909,"SAN BARTOLOME SILVER LEAD MINES LIMITED",NA,NA,NA,NA,NA,"kensington","SAN SALVADOR SPANISH IRON ORE CO., LTD.",NA,NA,NA,NA
"137","myb384949",1909,"SHEMARA MININ G COMPANY LIMITED",NA,NA,NA,NA,NA,"siberia","mines in the district of Eastern Siberia, embracing the river systems of the Kara,","eask","minesthe","district","board"
"138","myb385304",1909,"TBB MINING UANCAL",NA,NA,1886,NA,NA,"yorkshire","SOOTHILL WOOD COLLIERY COMPANY, LIMITED DirecSteocrrse taAry. B. Blakeley j R. I. Critch ey, J.P. ; W. Critchley ; H. Child ; H. W. Day. and Offices S. Blakeley, SoothiU Wood Colliery, Batley, Yorks. This company was registered September 16th, 1886, to acquire from A B.",NA,NA,NA,NA
"139","myb389942",1910,"BBOKEN HILL PBOPBIETABY COMPATTY",NA,NA,NA,NA,NA,"brisbane","as the Brisbane Blooks, was purchased for £5,000, and in 1894, two blooks of",NA,NA,NA,NA
"140","myb390553",1910,"COBAR COPPER COMPANY LIMITED",NA,NA,NA,NA,NA,"the west coast","of Nations Group, 119 acres, Golden Fleece, 238 acres, Humphrey s Gully",NA,NA,NA,NA
"141","myb399199",1910,"BRITISH AND COLONIAL ASSOCIATION LIMITED",NA,NA,NA,NA,NA,"johannesburg","buildings in Johannesburg and properties in various other parts of the Transvaal,",NA,NA,NA,NA
"142","myb399616",1910,"BUSHVELD TIN MINES LIMITED",NA,NA,NA,NA,NA,"london","12th July, 1905, was appointed settling day in shares Nos. 150 001 to 250,000,",NA,NA,NA,NA
"143","myb401091",1910,"CORONATION EXTEN I SYTJD TTRANSVAAL LTD",NA,NA,NA,NA,NA,"heidelberg","fontein No. 180, 1,383 morgen in extent, portion of Vlakfontein No. 101, known",NA,NA,NA,NA
"144","myb407076",1910,"LANGLAAGTE DEEP LIMITED",NA,NA,NA,NA,NA,"johannesburg","N. J. Scholts. | F. S. Tudhope. | J. H. Butt. A. WUrht. | J. W. H. Utubbs. Managi ,,.","schofield","n","j","board"
"145","myb407076",1910,"LANGLAAGTE DEEP LIMITED",NA,NA,NA,NA,NA,"johannesburg","N. J. Scholts. | F. S. Tudhope. | J. H. Butt. A. WUrht. | J. W. H. Utubbs. Managi ,,.","tudhope","f","s","board"
"146","myb407076",1910,"LANGLAAGTE DEEP LIMITED",NA,NA,NA,NA,NA,"johannesburg","N. J. Scholts. | F. S. Tudhope. | J. H. Butt. A. WUrht. | J. W. H. Utubbs. Managi ,,.","utter","j","w","board"
"147","myb409639",1910,"WEST AFRICA LIMITED",NA,NA,NA,NA,NA,"siberia","Liberia, British, French and Belgian Colonies.",NA,NA,NA,NA
"148","myb409750",1910,"NEW EASTERN INVESTMENT COMPANY LIMITED",NA,NA,NA,NA,NA,"johannesburg","17,859 South Prenoh Band ; 27,438 Brakpan Mines and 2,150 Premier Transvaal",NA,NA,NA,NA
"149","myb410885",1910,"NEW STBTN ESTATE GOLD",1313230,NA,NA,NA,NA,"johannesburg","The authorised capital is £270,000, in 270,000 shares of £1 each ; 260,000",NA,NA,NA,NA
"150","myb414135",1910,"RHODESIAN PROPERTIES LIMITED",NA,NA,NA,NA,NA,"transvaal","This company wasregistered in the Transvaal July 12th, 1903, and was reconstructed",NA,NA,NA,NA
"151","myb415628",1910,"SIMMER DEEP LTD",NA,NA,NA,NA,NA,"johannesburg","Secretaries and Offices The Witwatersrand Township, Estate and Finance Corp.. Ltd.,",NA,NA,NA,NA
"152","myb417821",1910,"TRANSVAAL ANCDOMDPAENLYA GLOIMAITEDB AY INVESTMENT",NA,NA,NA,NA,NA,"london","1908- 9, 10 per cent. November, 19u9.",NA,NA,NA,NA
"153","myb420425",1910,"WEST COAST CONSOLS LIMITED",NA,NA,NA,NA,NA,"transvaal","are issued and fully paid. The capital, originally £200,000 in £4 shares, was",NA,NA,NA,NA
"154","myb420635",1910,"WESTERN RAND ESTATES LTD",NA,NA,NA,NA,NA,"western","produced gold value £91.814, or 29s. 8d. per ton ; costs 29s. 2d. per ton. The",NA,NA,NA,NA
"155","myb424222",1910,"BLAEN HIRWAIN COLLIERY COMPANYI LIMITED",NA,NA,NA,NA,NA,"station road port talbot","Transfer form, common ; fee, 2s. 6d.",NA,NA,NA,NA
"156","myb424810",1910,"BRAZILIAN DEVELOPMENT",NA,NA,NA,NA,NA,"brazil","Besident Engineer R. 8. Botstord, M.I.M.M., Lavras, Rio Grande do Sol, Brazil.","botsford","besident",NA,"engineer"
"157","myb424810",1910,"BRAZILIAN DEVELOPMENT",NA,NA,NA,NA,NA,"brazil","Besident Engineer R. 8. Botstord, M.I.M.M., Lavras, Rio Grande do Sol, Brazil.","botsford","robert","simpson","engineer"
"158","myb430802",1910,"ANACONDA COPPER MINING CO",NA,NA,NA,NA,NA,"wales","ENGLISH AND FORfcIGN SYNDICATE. LIMITED.",NA,NA,NA,NA
"159","myb432893",1910,"GUBBAY AND COMPANY LIMITED",NA,NA,NA,NA,NA,"near dowlais and at abercynon","The businesses of the Dowlais Iron Co. and Guest",NA,NA,NA,NA
"160","myb434672",1910,"J AND J CHARLESWORTH LIMITED",NA,NA,NA,NA,NA,"london","consideration was £34,870 in fully paid shares.",NA,NA,NA,NA
"161","myb435777",1910,"LIBIOLA COPPER MINING COMPANY LIMITED",NA,NA,NA,NA,NA,"italy","Italy, near the port of Sestri Levante. The consideration was £252,000 in cash.",NA,NA,NA,NA
"162","myb436288",1910,"M F H SYNDICATE LIMITED",NA,NA,NA,NA,NA,"cardiff","and 0. Michael, the 8an Sixto and Sixto Oeste lead mines, also other mines, all",NA,NA,NA,NA
"163","myb436581",1910,"MAZAPIL OOPPEB",NA,NA,NA,NA,NA,"zacatecas","Several dividends have been paid. The accounts to December 31st, 1908,",NA,NA,NA,NA
"164","myb439842",1910,"ORE UO NC ENTR ATI ON COMPANY",NA,NA,NA,NA,NA,"broad street place b","Frank Elm re. Solicitors Ashurst, Morris, Crisp",NA,NA,NA,NA
"165","myb441834",1910,"REDHILLS TIN MINING CQMPANY LIMITED",NA,NA,NA,NA,NA,"cornwall","The accounts for year to March 3 1st, iy08, submitted iu Bedrnth August 5th,",NA,NA,NA,NA
"166","myb442109",1910,"EHIMKEY IRON",NA,NA,NA,NA,NA,"france","Is. per £20 bond, and 2s. 6d. per £100 or £500 bond. The shares and debentures",NA,NA,NA,NA
"167","myb448321",1910,"WHEAL ANNA MARIA LIMITED",NA,NA,NA,NA,NA,"cornwall","tin value £5,486.",NA,NA,NA,NA
"168","myb451031",1911,"COBAR COPPER COMPANY LIMITED",NA,NA,NA,NA,NA,"winchester","COBAR COPPER, LIMITED.",NA,NA,NA,NA
"169","myb452168",1911,"UREAT BOULDER PROPRIETARY GOLD MINES LTD",NA,NA,NA,NA,NA,"boulder","n w owns 85 acres. A large sulphide plant",NA,NA,NA,NA
"170","myb455083",1911,"NORTH BRANCEPETH COAL COMPANY LIMITED",NA,NA,NA,NA,NA,"kalgoorlie","1910, showed £7,198 debit balance carried forward ; cash £9,000 ; oreditors £219.",NA,NA,NA,NA
"171","myb458224",1911,"AFRICAN EXPLORATION AND DEVELOPMENT COMPANY LIMITED",NA,NA,NA,NA,NA,"london","Charles McCulloch, Chairman, j Col. R. Kaston Aitken. V. Trubshawe. Solicitors Davidson A Morriss. I Bankers -Capital & Counties Bank, Limited. Auditors Jackson, Taylor, Aberuethy & Co. Secretary and Offices Lydi-tone .1. Lansniead, A.C.A., 3, London Wall Buildings, E.G.",NA,NA,NA,NA
"172","myb458288",1911,"AFRICAN EXPLORATION AND DEVELOPMENT COMPANY LIMITED",NA,NA,NA,NA,NA,"london","Box 1107, Job&nnesburp. London Secretary and Offices J. Bradshaw, 8, Old Jewry, E.C.",NA,NA,NA,NA
"173","myb462403",1911,"C NS LIDATED GOLD FIELDS OF S A LTD",NA,NA,NA,NA,NA,"transvaal","tee vol. for 1900 . List of the company s principal investments at Jnne 30th",NA,NA,NA,NA
"174","myb468012",1911,"KAFUE COPPER DEVELOPMENT CO LTD",NA,NA,NA,NA,NA,"london","Directors.",NA,NA,NA,NA
"175","myb476740",1911,"HOBINSON DEEP QOLD",NA,NA,NA,NA,NA,"roodepoort","100, and Is. each certificate. Prices, 1907 : highest, 9J ; lowest, 7J ; 1908 : high",NA,NA,NA,NA
"176","myb477605",1911,"SEFWI GOLDFIELDS LIMITED",NA,NA,NA,NA,NA,"london","showed expenditure in West Africa £3,511, in London £680; cash and loans",NA,NA,NA,NA
"177","myb479343",1911,"SURPRISE GOLD MINING COMPANY LIMITED",NA,NA,NA,NA,NA,"transvaal","1910 : highest, 75s. ; lowest, 6s. 4Jd Latest price, 1, , 1 r. SUTHERLAND GOLD MiNES7 LIMITED.",NA,NA,NA,NA
"178","myb480039",1911,"TRANSVAAL AGENCY LIM ITED",NA,NA,NA,NA,NA,"london","Telegrams: Octandria, London. Phono: 110-ks Central. Begistebkd in the Transvaal to protect the interests of the mining industry",NA,NA,NA,NA
"179","myb485512",1911,"BARROW H EMATITE STEEL COMPANY LIMITED",NA,NA,NA,NA,NA,"hematite","£2,262, leaving £8,384, carried forward.",NA,NA,NA,NA
"180","myb486378",1911,"BOSWIN MINES LIMITED",NA,NA,NA,NA,NA,"cornwall","622 fUE MINIM .",NA,NA,NA,NA
"181","myb487685",1911,"CALLY MINES DEVELOPMENT SYNDICATE LIMITED",NA,NA,NA,NA,NA,"cornwall","merly owned by the East Cornwall Tin Mining Sy ml., Ltd., who arranged for",NA,NA,NA,NA
"182","myb488878",1911,"CHESTER BASIN GOLD",NA,NA,NA,NA,NA,"london","the province of Chihli, near the Gnlf of Fechili, with adjacent coal lands, a fleet",NA,NA,NA,NA
"183","myb498954",1911,"MONK BRETTO N COLLI E RY CO MP AN Y LIM ITE",NA,NA,NA,NA,NA,"nevada","claims at Edgemont, Elko County, Nevada, were aoquired, upon which a 20-stamp",NA,NA,NA,NA
"184","myb500055",1911,"NEW ENOLAKD",NA,NA,NA,NA,NA,"swansea","Merthyr Colliery, Ltd., the Neath Merthyr, Gored Merthyr and Kheola Collieries,",NA,NA,NA,NA
"185","myb502557",1911,"PEARSON KNOWLES COAL",NA,NA,NA,NA,NA,"yorkshire","be required by holder on six months notice from either party at par ; interest",NA,NA,NA,NA
"186","myb504678",1911,"SAINT BEAT GENERAL MARBLE QUARRIES LTD",NA,NA,NA,NA,NA,"london","Secretary and Offices James Junner, 29, Cornhill, E.C.",NA,NA,NA,NA
"187","myb508708",1911,"VENTANAS MINING AND EXPLORATION CO LTD",NA,NA,NA,NA,NA,"glasgow","This company was registered in Edinburgh January 17th, 1905, and is a recon",NA,NA,NA,NA
"188","myb510429",1911,"YORK HARBOUR M IN E WEWFOUND LAN D LT D",NA,NA,NA,NA,NA,"yorkshire","cent, and one-fifth of the surplus profits, the deferred taking the remaining",NA,NA,NA,NA
"189","myb512247",1912,"SOCIET ANONYME",NA,NA,NA,NA,NA,"new zealand","General Manager A. Winter Evans. | Assistant Manager H. Norton Johnson.","eustis","a","winter","manager"
"190","myb512247",1912,"SOCIET ANONYME",NA,NA,NA,NA,NA,"new zealand","General Manager A. Winter Evans. | Assistant Manager H. Norton Johnson.","johnson","h","norton","manager"
"191","myb512796",1912,"GIBRALTAR CONSOLIDATED GOLD MINESI LTD",NA,"queen street place london",NA,NA,NA,"england","Bankers National Provincial Bank of England, Limited. Solicitors Asburst, Morris, Crisp & Co. | Auditors Turquand, Youngs 4 Co. Secretary and Offices William F. Garland, 5 a ad 6, Queen Street Place, E.C.",NA,NA,NA,NA
"192","myb515569",1912,"NEW BAYLEY S MINBS",NA,NA,NA,NA,NA,"norfolk","NEW DAY DAWN ANCT NORFOLK MINES, LTD.",NA,NA,NA,NA
"193","myb517217",1912,"TALISMAN CONSOUDATED LIMITED",NA,NA,NA,NA,NA,"new zealand","and to increase pUnt, Ac.",NA,NA,NA,NA
"194","myb525340",1912,"EGYPTIAN INVESTMENT AND AGENCY LIMITED",NA,NA,NA,NA,NA,"rhodesia","Co., Ltd. The property was repotted on by A. H. Ackerm nn and Leopold",NA,NA,NA,NA
"195","myb527613",1912,"GOVERNMENT GOLD MINING AREAS MODDER FONTEIN CONSOLIDATED LIMITED",NA,NA,NA,NA,NA,"transvaal","value of the prectius metals proluced; provided, however that in no oaw shall",NA,NA,NA,NA
"196","myb531584",1912,"MODDERFONTEIN B GO LD MINES LTD",NA,NA,NA,NA,NA,"london","subscribed by A. Goerz & Co., Ltd., in 1899, at £2 each, and a further 10,000",NA,NA,NA,NA
"197","myb532833",1912,"NEW EOYPTIAN",NA,NA,NA,NA,NA,"paris","Paris Agents General Mining & Finnnco Cnr| oration, Limited, 29, Hue Taitbont.",NA,NA,NA,NA
"198","myb539075",1912,"SIMMER AND JACK EAST LIMITED",NA,NA,NA,NA,NA,"london","renewals £15,281, leaving £80,104 carried forward; cash £205.645, investments",NA,NA,NA,NA
"199","myb539785",1912,"SOUTH AFBICAN GOLD MINES",486618,NA,NA,NA,NA,"rhodesia","The authorised capital is £100,000, in 100,000 shares of £1 each ; 69,306 shares",NA,NA,NA,NA
"200","myb543007",1912,"VILLAGE MAIN REEF GOLD MINING CO LTD",NA,NA,NA,NA,NA,"london","For 1898, 60 per cent. ; 1899, 40 per cent. ; 1902, 25 per cent ; 1903, 35 per cent, ;",NA,NA,NA,NA
"201","myb543441",1912,"WAN DERER SELU KWE GOLD M I NESI LTD",NA,NA,NA,NA,NA,"london","ton ; costs 8s. per ton including development costs . Ore reserves at April 30th,",NA,NA,NA,NA
"202","myb548377",1912,"AND FINANCE COMPANY LIMITED",NA,NA,NA,NA,NA,"london","London Wall Building, E.C.",NA,NA,NA,NA
"203","myb550609",1912,"COLTNESS IRON COMPANY LIMITED",NA,NA,NA,NA,NA,"glasgow","Dividends including bonuses paid on ordinary shares: For 1899-0, 20 per",NA,NA,NA,NA
"204","myb552984",1912,"ENGLISH CHINA CLAY COMPANY LIMITED",NA,NA,1910,NA,NA,"canada","Phone : 6796 Wall. This company was registered February 19th, 1910, to take over and work silver mining properties, situate in the district of Iguana, State of Nuevo Mexice, and known as Esmeralda, area 60 acres ; Esperanza, area 57 Ampliaoon de Esperama, area 25 acres, and Anexion a la Esperanza, 15 acres, together with a modern concentrating plant, ore cars, rails machinery ; also 330,000 tons of ore on damp. The consideration was £100,000,",NA,NA,NA,NA
"205","myb566116",1912,"TCHDT EVANS CO LIMITED",NA,NA,NA,NA,NA,"ontario","The accounts to December 31st, 1910, showed $45,027 credit balance carried",NA,NA,NA,NA
"206","myb568126",1912,"KEWEN WERN AVOTTCO LX IER",NA,NA,NA,NA,NA,"broad street avenue b","KEWEN WERN AVOTTCO LX IER",NA,NA,NA,NA
"207","myb569607",1912,"TETELA MINING COMPANY LIMITED",NA,NA,NA,NA,NA,"buffalo","subscribed; interest is payable January 1st, and July 1st. Ihere are also £ 45,1 HI",NA,NA,NA,NA
"208","myb569822",1912,"SYNDICATE LIMITED",NA,NA,NA,NA,NA,"lima","in Tolima, Colombia. The company also holds on lease the adjoining propertj",NA,NA,NA,NA
"209","myb573476",1913,"ABERCORN GOLD TRUST LIMITED",NA,NA,NA,NA,NA,"london","lowest,",NA,NA,NA,NA
"210","myb577724",1913,"BUNDUM NIGERIA TIN AREAS LIMITED",NA,NA,NA,NA,NA,"rhodesia","lhe consideration was £30,000 cash.",NA,NA,NA,NA
"211","myb579999",1913,"CORONATION COLLIERIES LIMITED",NA,NA,NA,NA,NA,"johannesburg","The accounts for year to June 30th, 1912, submitted in Johannesburg",NA,NA,NA,NA
"212","myb581000",1913,"DRIE KOPPIE DIAMOND MINE LIMITE D",NA,NA,NA,NA,NA,NA,"F. W. Marchment.",NA,NA,NA,NA
"213","myb581764",1913,"THOMAS SMITH",NA,NA,NA,NA,NA,"transvaal","these companies since absorbed see below .",NA,NA,NA,NA
"214","myb582311",1913,"EMIR TIN SYNDICATEI LIMITED",NA,"bond street house",NA,NA,NA,"bnad street hi use","Secretary and OflIees L. N. Blllson, 4 . Bond street House, 3.0.",NA,NA,NA,NA
"215","myb585488",1913,"HENDERSON S TRANSWAAL",NA,NA,NA,NA,NA,"transvaal",". There are £50,000 six per cent. first debentures of £100 each; interest",NA,NA,NA,NA
"216","myb589500",1913,"MESSINA TRANSVAAL DEVELOPMENT CO LTD",NA,NA,NA,NA,NA,"transvaal","per cent. of the annual not produce of the company. The total mining area",NA,NA,NA,NA
"217","myb592160",1913,"NEW LYDENBURG MINERALS EXPLORING CO LTD",NA,NA,NA,NA,NA,"london","Bankers London, City and Midland Bank. Ltd. | Bolieitors Ingle, Holmes, Boas s Pott.",NA,NA,NA,NA
"218","myb595490",1913,"RAND CCLLLIERIESL LIMITED",NA,NA,NA,NA,NA,"johannesburg","£550,000, in 2,200,000 shares of 5s. each; 2,125.995",NA,NA,NA,NA
"219","myb599489",1913,"I SOUTH VILLAGEKDEEP LIMITED",NA,NA,NA,NA,NA,"western","200,000 shares were otfcred for public subscription. The Capital was further",NA,NA,NA,NA
"220","myb602672",1913,"ADVERTISEMENT SCALE F CHARGES",NA,NA,NA,NA,NA,"london","lowest,",NA,NA,NA,NA
"221","myb603664",1913,"GOLD COMPANY LIMITED",NA,NA,NA,NA,NA,"transvaal","£84,677 based on market quotations there was s depreciation of £60,053 ;",NA,NA,NA,NA
"222","myb607531",1913,"ASSOCIATED NORTHERN BLOCKS",121713.7,NA,NA,NA,NA,"queensland","The authorised capital is £25,000, in 100,000 shares of is. each ; 60,252",NA,NA,NA,NA
"223","myb608802",1913,"BERENGUELA SIL V E LEAD MINES LIMITED",584225.9,NA,NA,NA,NA,"spain","The authorised capital is £120,000 in 95,460 preference shares of £1 each and",NA,NA,NA,NA
"224","myb609874",1913,"BRAZILIAN GOLD DREDGING SYNDICATE LIMITED",NA,NA,NA,NA,NA,"brazil","£175,000 in 1909, and to present amount in 1911.",NA,NA,NA,NA
"225","myb610458",1913,"AND FINANCE COMPANY LIMITED",NA,NA,NA,NA,NA,"hudson","Dil ÃƒÆ Ã Â cizrs Qualification, £200 . Major-Gen.",NA,NA,NA,NA
"226","myb610779",1913,"NO LIABILITY",NA,NA,NA,NA,NA,"zeehan","net profits is payable to the N.S.W. Government. The South Comstock mine",NA,NA,NA,NA
"227","myb612540",1913,"CARGO FLEET IRON COMPANY LIMITED",NA,NA,NA,NA,NA,"durham","4,997 preference and 20,7 74 ordinary shares are issued fully paid, making",NA,NA,NA,NA
"228","myb621196",1913,"GREAT BOULDER PROPRIETARY GOLD MINES LTD",NA,NA,NA,NA,NA,"london","priority one fully-paid share for every five shares taken up; liquidator, T. A.",NA,NA,NA,NA
"229","myb622218",1913,"HAMPTON URUGUAY LIMITED",NA,NA,NA,NA,NA,"charlotte","680 MINING M AAiUAL",NA,NA,NA,NA
"230","myb623141",1913,"HUANCHACA COMPANY OF BOLIVIA",NA,NA,NA,NA,NA,"hudson","G. Taylor, Pren dmf. I A. A. McKelvie, I icbPNll dlfll. l S. S. Ritchie, Junt . l T. McCsmus.","mckeand","a",NA,"board"
"231","myb623141",1913,"HUANCHACA COMPANY OF BOLIVIA",NA,NA,NA,NA,NA,"hudson","G. Taylor, Pren dmf. I A. A. McKelvie, I icbPNll dlfll. l S. S. Ritchie, Junt . l T. McCsmus.","taylor","g",NA,"board"
"232","myb623596",1913,"INAMBARI GOLD DBEDGING",NA,NA,NA,NA,NA,"london","company owns gold dredging rights over 300 miles of the River Inambari,",NA,NA,NA,NA
"233","myb624003",1913,"MINING YEAR K",NA,NA,NA,NA,NA,"franklin","in rsmu rzoisan MEXICO",NA,NA,NA,NA
"234","myb633947",1913,"OLGA IRON ORE COMPANY LIMITED",NA,NA,NA,NA,NA,"bolivia","mining propcrtiee, &c. The following oomplniol are interested Dolmen run",NA,NA,NA,NA
"235","myb638166",1913,"RUNCORN COMPANY LIMITED",NA,NA,NA,NA,NA,NA,"Tl company Ill mgistorod Decl-mbor 23rd, Hill, to vary uu tho liusinou of",NA,NA,NA,NA
"236","myb639503",1913,"S EL VZ DI A PEDENO MINING COMPANY LIMITED",NA,NA,NA,NA,NA,"london","subscription, one-half in London and the remainder in the Straits Settlements.",NA,NA,NA,NA
"237","myb644216",1913,"UTAH APEX MINING COMPANY",NA,NA,NA,NA,NA,"london","property ofa London company, the Utah Consolidated Gold Mines, Ltd., hold by",NA,NA,NA,NA
"238","myb648217",1914,"AFRICAN AND COLONIAL COMPANY LIMITED",NA,NA,NA,NA,NA,"london","Transfer form, common; fee, 2s. 6d. per transfer of .100 or part of 100 shares.",NA,NA,NA,NA
"239","myb654168",1914,"CONSTRUCTIONAE",NA,NA,NA,NA,NA,"rhodesia","Ltd. . The syndicate has the option of",NA,NA,NA,NA
"240","myb660876",1914,"MESSINA COPPER EXTENSIONS LIMITED",NA,NA,1913,NA,NA,"salisbury","l ms company was registered May 80th, 1913, to adopt an agreement with the",NA,NA,NA,NA
"241","myb664445",1914,"NORTHERN NIGERIA MINING AND EXPLORATION",NA,NA,NA,NA,NA,"transvaal","also mineral rights over three farms, area 16,836 acres, situate in the Waterberg",NA,NA,NA,NA
"242","myb665089",1914,"PNIEL DIAMOND MINING COMPANY LIMITED",NA,NA,NA,NA,NA,"johannesburg","1913 . On August 11th, 1918, it Was resolved to wind up voluntarily and",NA,NA,NA,NA
"243","myb672613",1914,"WELGEDACHT EXPLORATION CO LTD",NA,NA,NA,NA,NA,"salisbury","stars and, Omoes-F. H. Williamson, sac-213, Salisbury House, 12.0",NA,NA,NA,NA
"244","myb675851",1914,"ANGELO DUTCH VEEXPLTORATIION COMPANY LIMITED",NA,NA,NA,NA,NA,"india avenue london","£10,000, in 10,000 shares of £1 each.",NA,NA,NA,NA
"245","myb676552",1914,"ARIZONA CONSOLIDATED COPPER MINES LIMITED",NA,NA,NA,NA,NA,"arizona","to be set aside each year commencing with the year ending",NA,NA,NA,NA
"246","myb676913",1914,"AUETRAEIA LIMITED",NA,NA,NA,NA,NA,"porcupine","Lake View Extended share for every five Associated shares; on July 11th, 1898, 25.",NA,NA,NA,NA
"247","myb679268",1914,"NT CGWW NO LIABILITY",NA,NA,NA,NA,NA,"queensland","January 13th, 1914. Dividends and bonuses per share",NA,NA,NA,NA
"248","myb692457",1914,"KENT COAL CONCESSIONS LIMITED",NA,NA,NA,NA,NA,"london","ordinary holders having also the right to apply for any shares not taken up under",NA,NA,NA,NA
"249","myb692722",1914,"KILLINGHALL SY NDICAIE LIMITED",NA,NA,NA,NA,NA,"london","has the right to draw ,500 cubic feet of water per minute, but in conjunction",NA,NA,NA,NA
"250","myb697298",1914,"COMPANY LIMITED",NA,NA,NA,NA,NA,"zeehan","vited to convert ordinary shares into preference on payment of 5s. per share, in",NA,NA,NA,NA
"251","myb701920",1914,"IRON CO LTD",NA,NA,NA,NA,NA,"manchester","1885-8",NA,NA,NA,NA
"252","myb705160",1914,"ST ERTH SYNDICATE LIMITED",NA,NA,NA,NA,NA,"brazil","£462,000 in 1893, to £500,000 in January, 1895, to £600,000 in November, 1895,",NA,NA,NA,NA
"253","myb710908",1914,"WAIHI GRAND JUNCTION G Q LD COMPANY LIMITED",NA,NA,NA,NA,NA,"sydney","August 9th, 1912, showed a profit of £5,726, making with balance forward a sum",NA,NA,NA,NA
"254","myb711058",1914,"WARWICKSHIRE COAL CO LTD",NA,NA,NA,NA,NA,"glasgow","sunk and",NA,NA,NA,NA
"255","myb715939",1915,"ASHTON VALE IRON COMPANY LIMITED",NA,NA,NA,NA,NA,"bristol","1897-8 ...3 ,, 1901.2 ...2; ,. 1905-6 nil. 1910-11 nil.",NA,NA,NA,NA
"256","myb716931",1915,"BAKNSLEY SMOKELESS FUEL CO LTD",NA,NA,NA,NA,NA,"london","The company has acquired the benefit of a prospecting license over the Semna",NA,NA,NA,NA
"257","myb718667",1915,"BRAZILIAN GOLD DREDGING SYNDICATE LIMITED",NA,NA,NA,NA,NA,"queensland","mill, five Huntington Mills and cyanide works. For half-year to May, 1914,",NA,NA,NA,NA
"258","myb718877",1915,"BRITISH AND CANADIAN LEAD COMPANY LIMITED",1612749.762,NA,NA,NA,NA,"london","Capital £339,000, in 315,000 ordinary shares of £1 each and 60,000 privileged",NA,NA,NA,NA
"259","myb718933",1915,"BRITISH AND CANADIAN LEAD COMPANY LIMITED",NA,NA,NA,NA,NA,"london","tectorate, and acquired the undertakings of Sharrer s Zambesi Traffic Co., Ltd.,",NA,NA,NA,NA
"260","myb721004",1915,"CAMBRIAN MINERAL AND METAL CO LTD",NA,NA,NA,NA,NA,"canada","the Official List. Settling days have been appointed in ordinary shares Nos.",NA,NA,NA,NA
"261","myb722519",1915,"CHAS BUTTERS",NA,NA,NA,NA,NA,"broken","Dividends 1902, 10 per cent.; 1903,",NA,NA,NA,NA
"262","myb722961",1915,"CHINESE ENGINEERING AND MINING CO LTD",NA,NA,NA,NA,NA,"topeka","which company also transports the concentrates to the smokers at El Paso. A",NA,NA,NA,NA
"263","myb726746",1915,"DURBAN NAVIGATION COLLIERIES LTD",NA,NA,NA,NA,NA,"roodepoort","288 claims were acquired for £24,103; the extent of the property is now 273-7",NA,NA,NA,NA
"264","myb732417",1915,"H E PROPRIETARY NEW LTD",NA,NA,NA,NA,NA,"new zealand","to 252,007 and March 11, 1915, in Nos. 252,008 to",NA,NA,NA,NA
"265","myb734754",1915,"JOHANNESBURG CONSOLIDATED INVESTMENT",NA,NA,NA,NA,NA,"johannesburg","The properties comprise large holdings of shares in mining and other com",NA,NA,NA,NA
"266","myb735779",1915,"KERR LAKE MINING COMPANY",NA,NA,NA,NA,NA,"ontario","been drained , the work being undertaken in conjunction with the Crown Reserve",NA,NA,NA,NA
"267","myb740327",1915,"MIDDLEBURG CENTRAL COLLIERIES SYND LTD",NA,NA,NA,NA,NA,"transvaal","every two old shares held, together with right to subscribe for 45,000 ordinary",NA,NA,NA,NA
"268","myb743634",1915,"NEW NIMROD COM PANY LIMITED",NA,NA,NA,NA,NA,"london","Rand, Ltd., in October, 1914.",NA,NA,NA,NA
"269","myb750149",1915,"R TINTO COMPANY LIMITED",NA,NA,NA,NA,NA,"glasgow","Estate, and during 1908, the Longdales property intersecting the View Park",NA,NA,NA,NA
"270","myb750166",1915,"R TINTO COMPANY LIMITED",NA,NA,NA,NA,NA,"london","1891 7 ,, 1090 10 ,, 1904 14 ,, 1910 30 ,, bonus",NA,NA,NA,NA
"271","myb753761",1915,"SOUTHERN RHODESIA EXPLORATIONI LIMITED",NA,NA,NA,NA,NA,"siberia","creditors £12,764.",NA,NA,NA,NA
"272","myb756272",1915,"COMPANY LIMITED",NA,NA,NA,NA,NA,"transvaal","Accounts For year ended December 31, 1914, submitted March 26, 1915,",NA,NA,NA,NA
"273","myb761400",1915,"ZAMBESIA COMPANY COMPANHIA DA ZAMBEZIA",NA,NA,NA,NA,NA,"rhodesia","B. Gold, coal, and iron concessions are not subject to any royalty payable to the Portuguese",NA,NA,NA,NA
"274","myb762537",1916,"AKOKO GOLD MINES AND ESTATES LTD",NA,NA,NA,NA,NA,"alaska","Transfer form, common ; fee, 2s. 6d. Settling days have been appointed in",NA,NA,NA,NA
"275","myb764119",1916,"ANGLO FRENCHTRANLSAVNAADL CLIMOIMTEPDA NY OF THE",NA,NA,NA,NA,NA,"paris","Solicitors Allen, Edwards",NA,NA,NA,NA
"276","myb764276",1916,"ANGLO FRENCHTRANLSAVNAADL CLIMOIMTEPDA NY OF THE",NA,NA,NA,NA,NA,"tasmania","Boppy ord, and 7,039 pref., 10,000 Tasmania Gold, 5,000 Champion Reef, 14,500",NA,NA,NA,NA
"277","myb764287",1916,"ANGLO FRENCHTRANLSAVNAADL CLIMOIMTEPDA NY OF THE",NA,NA,NA,NA,NA,"mysore","holders received two fully-paid shares for each fully-paid",NA,NA,NA,NA
"278","myb772245",1916,"BUTTERS SALVADOR MINES LIMITED",NA,NA,NA,NA,NA,"rhodesia","Registered July 15, 1914, to adopt an agreement with T. Braithwaite on behalf","juliu","registered",NA,"board"
"279","myb774829",1916,"CHANNEL COLLIERIES TRUST LIMITED",NA,NA,NA,NA,NA,"london","account",NA,NA,NA,NA
"280","myb780233",1916,"DUFF DEVELOPMENT COMPANY LIMITED",NA,NA,NA,NA,NA,NA,"question has arisen between the company and the Government",NA,NA,NA,NA
"281","myb780291",1916,"DUFF DEVELOPMENT COMPANY LIMITED",NA,NA,NA,NA,NA,NA,"latter received an option certificate entitling them",NA,NA,NA,NA
"282","myb780413",1916,"IDUNDEE COAL",NA,NA,NA,NA,NA,"london","the assets of the St. George s Coal and Estate Co., Ltd.",NA,NA,NA,NA
"283","myb784654",1916,"GAVIN PAUL AND SONS LIMITED",NA,NA,NA,NA,NA,"heidelberg","1,839ft.",NA,NA,NA,NA
"284","myb785235",1916,"GENERAL DEVELOPMENT TRUST LIMITED",NA,NA,NA,NA,NA,"durham","countries, also mineral and metallurgical works",NA,NA,NA,NA
"285","myb787592",1916,"GRAIGFELEN COLLIERY COMPANY LIMITED",NA,NA,NA,NA,NA,"phoenix","at par in January, 1913, redeemable after May 1, 1923, and before May 1, 1928,",NA,NA,NA,NA
"286","myb798388",1916,"MENAI COLLIERIES LIMITED",NA,NA,NA,NA,NA,"western","each; 224,015 shares are issued credited",NA,NA,NA,NA
"287","myb800158",1916,"MORKVVA GOLD ESTATES LIMITED",NA,NA,NA,NA,NA,"broken","payable January 1, and July 1.",NA,NA,NA,NA
"288","myb800368",1916,"MOUNT CUTHBERT",NA,NA,NA,NA,NA,"london","Transfer form, common; fee, 2s. 6d. March 1, 1911, was appointed settling",NA,NA,NA,NA
"289","myb802565",1916,"NEVV CHUOUITAMBO GOLD MINES LIMITED",NA,NA,NA,NA,NA,"santiago","par and 7,000",NA,NA,NA,NA
"290","myb806842",1916,"NOURSE MINES LIMITED",NA,NA,NA,NA,NA,"wabana","the Nova Scotia Steel Co., Ltd. The properties comprise iron ore",NA,NA,NA,NA
"291","myb811117",1916,"RAMBUTAN LIMITED",NA,NA,NA,NA,NA,"portland","£158, increasing debit balance",NA,NA,NA,NA
"292","myb813161",1916,"RHODESIAN VENTURES LIMITED",NA,NA,NA,NA,NA,"wales","the £2 10s. per share",NA,NA,NA,NA
"293","myb817617",1916,"SNEYD COLLIERIES LIMITED",NA,NA,NA,NA,NA,NA,"Coal production for 1914, 49,000 tons; seven months",NA,NA,NA,NA
"294","myb820441",1916,"SUKARI MINES LTD",NA,NA,NA,NA,NA,"broken","treatment",NA,NA,NA,NA
"295","myb821973",1916,"THORNTHWAITE MINES LIMITED",166825.5482,NA,NA,NA,NA,"cumberland","Capital £35,000, in 17,500 six per cent. cumulative preference and 17,500",NA,NA,NA,NA
"296","myb823405",1916,"TRANSVAAL GOLD EXPLORATION",NA,NA,NA,NA,NA,"transvaal","General Manager 4t, A. Barry, Pilgrim s Rest, l mnsVaal.",NA,NA,NA,NA
"297","myb823753",1916,"TREDEGAR IRON",953288.8466,NA,NA,NA,NA,"cornwall","Capital £200,000, in 80,000 ten per cent. non-cumulative participating prefer",NA,NA,NA,NA
"298","myb826710",1916,"WALLARAH COAL CO LTD",NA,NA,NA,NA,NA,"london","forward made £24,509; dividends absorbed £10,000, leaving £14,509 carried",NA,NA,NA,NA
"299","myb828145",1916,"EAST RAND MINING ESTATES LIMITED",NA,NA,NA,NA,NA,"london","be driven 800 ft. c Crush for the company 15,0",NA,NA,NA,NA
"300","myb828479",1916,"WHIM WELL COPPER MINES LIMITED",NA,NA,NA,NA,NA,"australia","December, 1913, held 29,300 shares.",NA,NA,NA,NA
"301","myb831878",1917,"AFRICAN CITY PROPERTIES TRUST LTD",NA,NA,NA,NA,NA,"canada","Chambers-Ferland Mining Co., Ltd., registered in Canada with $2,500,000",NA,NA,NA,NA
"302","myb833704",1917,"TRANSVAAL LIMITED",NA,NA,NA,NA,NA,"transvaal","about 170,565 acres,",NA,NA,NA,NA
"303","myb835413",1917,"ASSOCIATED AUSTRALASIAN MINERS LIMITED",NA,NA,NA,NA,NA,"adelaide","1914: highest, 9s. 6d.; lowest, 5s.; 1915: highest, 7s.; lowest, 1s. 6d.; 1916:",NA,NA,NA,NA
"304","myb836259",1917,"BALDWINS LIMITED",NA,NA,NA,NA,NA,"birmingham","profit",NA,NA,NA,NA
"305","myb839446",1917,"BRITISH NORTH RAND MINES LIMITED",NA,NA,NA,NA,NA,"winchester","accounts received.",NA,NA,NA,NA
"306","myb842775",1917,"CARDINAL PROSPECTING SYNDICATE LIMITED",NA,NA,NA,NA,NA,"france","Backhouse, Bart., J.P., D.L.",NA,NA,NA,NA
"307","myb844505",1917,"CHINESE ENGINEERING AND MINING CO LTD",NA,NA,NA,NA,NA,"austin","The property has been tested by boreholes and coal seams struck. Two pits are",NA,NA,NA,NA
"308","myb847530",1917,"W WIGAN",NA,NA,NA,NA,NA,"western","ing Engines, with Valves to Walkers Latest Patents. for Power-driven Plants.",NA,NA,NA,NA
"309","myb850515",1917,"EAST CORNWALL CHINA CLAY",NA,NA,NA,NA,NA,"london","lowest, 9d. Latest price,",NA,NA,NA,NA
"310","myb852881",1917,"BARCLAY",NA,NA,NA,NA,NA,"vulcan","LIMITED,",NA,NA,NA,NA
"311","myb855667",1917,"GOLDFIELDS CONSOLIDATED OF S A LTD",NA,NA,NA,NA,NA,"mysore","and secondly in March, 1902 see vol. for 1907 . The original company acquired",NA,NA,NA,NA
"312","myb864195",1917,"LABUAN COALFIELDS COMPANY LIMITED",19380.66,NA,NA,NA,NA,"johannesburg","ber 26, 1915, showed uncalled capital £4,068; debtors £1,291; creditors £6,011.",NA,NA,NA,NA
"313","myb867223",1917,"MAIN REEF WEST LIMITED",NA,NA,NA,NA,NA,"spain","issued credited except two as fully paid.",NA,NA,NA,NA
"314","myb868281",1917,"MEDITERRANEAN COAL MINING SYNDICATE LTD",NA,NA,NA,NA,NA,"western","1916, there",NA,NA,NA,NA
"315","myb869206",1917,"D ASKAMI HEMATITE IRON",NA,NA,NA,NA,NA,"cumberland","the Alquife Mines and Railway Co., Ltd., and",NA,NA,NA,NA
"316","myb870203",1917,"MORKVVA GOLD ESTATES LIMITED",NA,NA,NA,NA,NA,"london","July 1914, 17,500 shares were offered for sub",NA,NA,NA,NA
"317","myb873585",1917,"NEVV JAGERSFONTCEOINMPANMYI NING AND EXPLORATION LIMITED",NA,NA,NA,NA,NA,"london","South Africa for every",NA,NA,NA,NA
"318","myb877007",1917,"NORTH AMMAN COLLIERIES LTD",NA,NA,NA,NA,NA,"kalgoorlie","per cent.; 1900,",NA,NA,NA,NA
"319","myb879921",1917,"PARING A MINES",NA,NA,NA,NA,NA,"liverpool","Bankers Parr s Bank, Limited. | Auditors Blease & Sons, Liverpool.",NA,NA,NA,NA
"320","myb884037",1917,"RHODESIA BROKEN HILL DEVELOPMENT CO LTD",NA,NA,NA,NA,NA,"rhodesia","its share capital until the debenture issue has been redeemed. Thereafter, so soon as the",NA,NA,NA,NA
"321","myb886742",1917,"DAVID DUMCAM",NA,NA,NA,NA,NA,"london","moted by the vendors, the London Concessions and Construction Synd., Ltd.,",NA,NA,NA,NA
"322","myb889029",1917,"BIMMER DEEP",NA,NA,NA,NA,NA,"london","lowest, Is...;",NA,NA,NA,NA
"323","myb889570",1917,"SONDAGE SYNDICATE LIMITED",NA,NA,NA,NA,NA,"california","filter plant",NA,NA,NA,NA
"324","myb892152",1917,"SUB NIGEL LIMITED",NA,NA,NA,NA,NA,"transvaal","Hibbert.",NA,NA,NA,NA
"325","myb957975",1919,"BOSCHOEK PROPRIETARY CO LTD",NA,NA,NA,NA,NA,"carter","Phone : 2731 Wall.",NA,NA,NA,NA
"326","myb959516",1919,"BULLF INCH PROPRIETARY L FDT",NA,NA,NA,NA,NA,"london","for debentures of Burma Mines, Ltd.",NA,NA,NA,NA
"327","myb959750",1919,"H CLEMENTS LANE LONDON E C",NA,NA,NA,NA,NA,"valley","£10 each were sub-divided. In September, 1914, the remaining unissued ordinary",NA,NA,NA,NA
"328","myb960580",1919,"CASEY COBALT MINING CO LTD",NA,NA,NA,NA,NA,"transvaal","Co. take 100,000 shares of £1 each, the Clydesdale Transvaal Collieries 100,000",NA,NA,NA,NA
"329","myb961560",1919,"CHILE COPPER CO",NA,NA,NA,NA,NA,"london","Transfer form, common; foo, 2s. 6d. June 18, 1913, was appointed settling day",NA,NA,NA,NA
"330","myb963532",1919,"EDWARD SATTERTHWAITE",NA,NA,NA,NA,NA,"johannesburg","Consolidated Mines Selection 00., 5 63 Claims on farm Turfiontein 5,532",NA,NA,NA,NA
"331","myb966291",1919,"F M S TIMAHI LTD",NA,NA,NA,NA,NA,"chrome","was a balance after writing £150,891 ofi shares and interests of £25,995, which",NA,NA,NA,NA
"332","myb971116",1919,"KRAMAT PULAL LTD",NA,NA,NA,NA,NA,"carter","ward made £40,104; dividends absorbed £20,000, leaving £20,104 carried forward;",NA,NA,NA,NA
"333","myb971164",1919,"KRAMAT PULAL LTD",NA,NA,NA,NA,NA,"japan","1,369,255 yen to reserve, 2,503,000 yen to special reserve, writing ofi 650,000 you",NA,NA,NA,NA
"334","myb972182",1919,"LOMBARD FINANCE CO I LTD",NA,NA,NA,NA,NA,"rhodesia","2 Farm Lands, comprising, approximately, 41,634 acres in the districts of Salis",NA,NA,NA,NA
"335","myb974641",1919,"MOUNT CUTHBERT",NA,NA,NA,NA,NA,"bourne","claims, area 500 acres, at Mount Cuthbert, in the Cloncurry district, North Queens",NA,NA,NA,NA
"336","myb977777",1919,"NORTH LINCOLNSHIRE SYND LTD",NA,NA,NA,NA,NA,"london","shares.",NA,NA,NA,NA
"337","myb980232",1919,"PRESTEA BLOCK A LIMITED",NA,NA,NA,NA,NA,"london","from the Appantoo Mines, Ltd., for 50,000 fully-paid £1 shares, and in January,",NA,NA,NA,NA
"338","myb980587",1919,"PROPRIETARY",NA,NA,NA,NA,NA,"london","subscribed at par. It was increased in 1906 to £250,000 in order to acquire the",NA,NA,NA,NA
"339","myb988021",1919,"UNITED COLLIERIES LTD",NA,NA,NA,NA,NA,"altoona","Utah, and Altoona, Iola and La Harpe, Kansas, Checotah, Oklahoma, electrolytic",NA,NA,NA,NA
"340","myb994910",1920,"BECHUANALAND EXPLORATION COMPANY",NA,NA,NA,NA,NA,"spain","to return 10s. per share to shareholders, cancel 630 shares which had been forfeited,",NA,NA,NA,NA
"341","myb995926",1920,"BRISEIS TIN AND GENERAL MINING CO LTD",NA,NA,NA,NA,NA,"cardiff","Accounts For year ended December 31, 1918, submitted July 16, 1919, the",NA,NA,NA,NA
"342","myb1006325",1920,"GELDENHUIS DEEP LIMITED",NA,NA,NA,NA,NA,"london","31- per cent. interim , January 7, 1920",NA,NA,NA,NA
"343","myb1019373",1920,"PAHANG CONSOLIDATED CO LTD",NA,NA,NA,NA,NA,"austin","Accounts For year ended July 31, 1919, submitted December 15, 1919, there",NA,NA,NA,NA
"344","myb1021912",1920,"BERENGUELA TIN MINES LTD",NA,NA,NA,NA,NA,"salisbury","6365 Arcadia Belingwe .. 3,041 24",NA,NA,NA,NA
"345","myb1028651",1920,"TYEE COPPER CO LTD",NA,NA,NA,NA,NA,"british columbia","scribed; in 1901 it was increased to £180,000, and 80,000 shares were offered for",NA,NA,NA,NA
"346","myb1033583",1921,"DOBBIN S CORE DRILL",NA,NA,NA,NA,NA,"new york","DOBBINS CORE DRILL c0., Inc.,",NA,NA,NA,NA
"347","myb1035296",1921,"ASSOCIATED AUGSOTLRDALIAM ILNIMEISTEDO F VVESTERN",NA,NA,NA,NA,NA,"kalgoorlie","but were shut down February, 1914. A new sulphide plant has been erected, and",NA,NA,NA,NA
"348","myb1047285",1921,"GLYN TILLERY COLLIERY CO LTD",NA,NA,NA,NA,NA,"london","Registered January 20, 1898, to adopt an agreement dated March 15, 1898.","january","registered",NA,"board"
"349","myb1049977",1921,"HUELVA COPPER AND SULPHUR MINES LTD",NA,NA,NA,NA,NA,"london","made a sum of £44,653; income tax absorbed £14,794, leaving £29,860 carried",NA,NA,NA,NA
"350","myb1051121",1921,"JOS TIN AREA NIGERIA LTD",NA,NA,NA,NA,NA,"london","purity and brilliancc. The situation of the mine gives exceptional facilities for",NA,NA,NA,NA
"351","myb1051736",1921,"KEFFI CONSOLIDATED TIN CO LTD",NA,NA,NA,NA,NA,"new zealand","which a dredge is expected to start Work very shortly.",NA,NA,NA,NA
"352","myb1052476",1921,"LA FE MINING CO LTD",NA,NA,NA,NA,NA,"lawson","stopes; no estimate of the amount of silver in reserve can be made.",NA,NA,NA,NA
"353","myb1053854",1921,"LYDENBURG ESTATES LIMITED",NA,NA,NA,NA,NA,"heidelberg","Uitzicht No. 1222 ; in all, covering 7,445 morgen. Rustenberg farms: Witklip",NA,NA,NA,NA
"354","myb1054223",1921,"MANTA MINING CO LTD",384911.5,NA,NA,NA,NA,"mexico","Capital £100,000, in 100,000 shares of £1 each; all the shares are issued",NA,NA,NA,NA
"355","myb1067333",1921,"I SOUTH BUKERU NIGERIA TIN CO LTD",NA,NA,NA,NA,NA,"lawson","The shares are quoted in the Oificial List. Prices, 1918: highest, 58s. 11d;",NA,NA,NA,NA
"356","myb1068659",1921,"WNTAN GAN YIKA CONCESSIONS LTD",NA,NA,NA,NA,NA,"rhodesia","Also tov acquire the right of 1 locating and registering, within a. period of",NA,NA,NA,NA
"357","myb1068847",1921,"WNTAN GAN YIKA CONCESSIONS LTD",NA,NA,NA,NA,NA,"london","5,878 fully-paid shares for arrears of interest. The new debentures have since been",NA,NA,NA,NA
"358","myb1074731",1922,"AIREDALE COLLIERIESI LTD",NA,NA,NA,NA,NA,"yorkshire","F. J. Dundas. | R. G. Ellis, D.L., J.P. | R. E. Hodgkinson, J.P. | H. H. C. Horsfall. J. Kershsw, Secretary .LP. I Sir M. Oldroyd. I Sir J. S. Rymer. and Oflices-H. Sandy, Allerton Bywater Collieries, Cabtleford, Yorkshire.",NA,NA,NA,NA
"359","myb1075494",1922,"ANACONDA COPPER MINING CO",NA,NA,NA,NA,NA,"santiago","also owns the Africana copper and sulphur mines about 3 miles distant from the",NA,NA,NA,NA
"360","myb1080319",1922,"MIAJAG HIS NU YEAR BOO",NA,NA,NA,NA,NA,"broken","prietary. Ltd. An interest 150,000 fully-paid £1 shares has been secured in the",NA,NA,NA,NA
"361","myb1085022",1922,"DARYMUSU WEST COAST DEVELOPMEN",NA,NA,NA,NA,NA,"london","paid preference and one fully-paid deferred share of £2 we. each; 50,000 fully-paid deferred",NA,NA,NA,NA
"362","myb1085387",1922,"DEVON AND CORNWALL MINING SYND LTD",NA,NA,NA,NA,NA,"queensland","the issued capital of that company. This position remains unaltered in the event",NA,NA,NA,NA
"363","myb1085923",1922,"DUNDERLAND IRON ORE CO LTD",NA,NA,NA,NA,NA,"norway","the net profits. 7 . ., .. .. . Machinery capable in the first instance of dealin gi",NA,NA,NA,NA
"364","myb1089967",1922,"COLEMAN T LONDON",NA,NA,NA,NA,NA,"london","ancl Barclay, Ltd., for Langlaagte Estates Gold Mining",NA,NA,NA,NA
"365","myb1091651",1922,"GROUND JOINTS",NA,NA,NA,NA,NA,NA,"GROUND JOINTS.",NA,NA,NA,NA
"366","myb1093104",1922,"KANO NIGERIA TIN AREAS LTD",NA,NA,NA,NA,NA,"canada","New properties are to be acquired.",NA,NA,NA,NA
"367","myb1093535",1922,"KING ASBESTOS RHODESIA LTD",NA,NA,NA,NA,NA,"austin","E. G. Crake, Pinners Hall, Austin Friars, E.C.2.",NA,NA,NA,NA
"368","myb1093926",1922,"KLERKSDORP PROPRIETARY MINES LTD",NA,NA,NA,NA,NA,"london","cent.; 1912, 35 per cent.; 1913, 30 per cent.; 1914, 22 per cent.; 1915, 20 per",NA,NA,NA,NA
"369","myb1098559",1922,"MOZAMBIQUE COMPANY",NA,NA,NA,NA,NA,"mysore","115 per cent.; 1909, 115 per cent.; 1910, 115 per cent.; 1911, 120 per cent.; 1912,",NA,NA,NA,NA
"370","myb1099327",1922,"NEW BRITISH TRANSVAAL MINES LTD",NA,NA,NA,NA,NA,"albany","000 Simmer Deep, Ltd.. sum m debs. £141,100",NA,NA,NA,NA
"371","myb1101886",1922,"NORTHERNIWGERM MHHNG AND EXPLORKHONT",NA,NA,NA,NA,NA,"johannesburg","1913-14, 18 per cent.; 1914-15,13 per cent.; 1915-16, 10 per cent.; 1916-17,",NA,NA,NA,NA
"372","myb1102847",1922,"OTAVI EXPLORING SYNDICATE LIMITED",NA,NA,NA,NA,NA,"london","03 depreciation and plant £7,499, tax, &0., £2,351. debenture interest £101,",NA,NA,NA,NA
"373","myb1105666",1922,"RAN EN COPPER LTD",NA,NA,NA,NA,NA,"of square feet","191.68 ismsoes which have a total capacity of 1,200 tons lead monthly. Two",NA,NA,NA,NA
"374","myb1110080",1922,"STANDARD GRANITE QDTAFQTQTE S ETD",NA,NA,NA,NA,NA,"nottingham","Nottinghamshire, and ironworks near Nottingham. During 1918 the entire share",NA,NA,NA,NA
"375","myb1111282",1922,"TATT LTD",NA,NA,NA,NA,NA,"wharf street sheflield","Dividends On priority shares : 10 per cent. September, 1907; 6 per cent",NA,NA,NA,NA
"376","myb1113058",1922,"UTAH APEX",NA,NA,NA,NA,NA,"broadway","Secretary and OtHces A. H. Melin, 42, Broadway, New York, U.S.A.",NA,NA,NA,NA
"377","myb1113866",1922,"WAIHI GOLD MINING COMPANY LIMITED",NA,NA,NA,NA,NA,"new zealand","Consols, Waihi South and Waihi Extended properties have also been acquired.",NA,NA,NA,NA
"378","myb1118428",1923,"APPOLLONIA GOLD FIELDS LTD",NA,NA,NA,NA,NA,"london","francs carried forward. Reserve fund 1,500,000 francs.",NA,NA,NA,NA
"379","myb1119166",1923,"ATLAS CORPN LTD",NA,NA,NA,NA,NA,"brazil","ITEATT, 1111161081111 &",NA,NA,NA,NA
"380","myb1119190",1923,"NOTANOS TUBE MILLS",NA,NA,NA,NA,NA,NA,"NOTANOS TUBE MILLS.",NA,NA,NA,NA
"381","myb1122570",1923,"CALANO SYND LTD",NA,NA,NA,NA,NA,"wakefield","CALANO SYND.. LTD.",NA,NA,NA,NA
"382","myb1123346",1923,"CARNFORTH HEMATITE IRON CO LTD",NA,NA,NA,NA,NA,"manchester","Ten per cent. Debentures Authorised £30,000; issued £300.",NA,NA,NA,NA
"383","myb1124527",1923,"CHROME CO LTD",NA,NA,NA,NA,NA,"london","cost £197,730; creditors £38,090.",NA,NA,NA,NA
"384","myb1130196",1923,"GEDULD PFQOMPRIETARIY MINETS I LTD",NA,NA,NA,NA,NA,"london","Accounts For year ended December 31, 1921, submitted in Johannesburg",NA,NA,NA,NA
"385","myb1133800",1923,"FOLEY STREET LONDON W I",NA,NA,NA,NA,NA,"london","loss of £21,365 ; deducting credit balance brought forward left a debit balance",NA,NA,NA,NA
"386","myb1137820",1923,"MAZAPIL COPPER CO LTD",NA,NA,NA,NA,NA,"coahuila","and capitalised.",NA,NA,NA,NA
"387","myb1138320",1923,"MIDDLEBURG STEAM COAL AND COKE CO LTD",NA,NA,NA,NA,NA,"london","1919-20, 10 per cent.; 1920.21 and 1921-22. nil.",NA,NA,NA,NA
"388","myb1143896",1923,"OREGON GOLD SYND LTD",NA,NA,NA,NA,NA,"transvaal","decided to acquire the property of the New British Transvaal Mines,, Ltd.,",NA,NA,NA,NA
"389","myb1149804",1923,"SINAI MINING CO LTD",NA,NA,NA,NA,NA,"moscow","The Sysselsky mine was opened up in 1906, and plant with a productive capacity",NA,NA,NA,NA
"390","myb1154346",1923,"VAN RYN DEEP LIMITED",NA,NA,NA,NA,NA,"transvaal","sands plant and slimes Butter s Filter process plant, having a capacity of 54,000",NA,NA,NA,NA
"391","myb1155191",1923,"CANNON STREET LONDON E C",NA,NA,NA,NA,NA,"glasgow","WARWICKSHIBE COAL",NA,NA,NA,NA
