id,year,text,company,ciarfn,ciarfn2
1157015,1923,"Di rectorsZ AAA. AIP. ALuAretA, TChSairmaTn;INHon. MSirINT.INK.GMurrCayO, .K..C.ML.GT.D; .J. Munro; F. W. Baxter; J. Macintosh.",AAA AIP ALUAR TCUSR INHUR,NA,NA
397714,1910,ABTGLO-SWAZI COMPAHT Y,ABTGLO SWAZI COMPAHT,Abtglo Swazi Compaht,NA
421430,1910,"ABUNDANCIA MCEOXMIPCAONY , MLIMINITINEDG. AND MILLING",ABUNDANCIA MCEOXMIPCAONY MLIMINITINEDG AND MILLING,Abundancia Mceoxmipcaony Mliminitinedg And Milling,NA
250978,1903,ABUNDANCIA MEXICO MINING AND MILLING,ABUNDANCIA MEXICO MINING AND MILLING,Abundancia Mceoxmipcaony Mliminitinedg And Milling,NA
674759,1914,"ACHOTLA V V MINES CODMPAANY. Directors P. W. Henry, President.",ACHOTLA MINES CODMPAANY,Achotla Mines Codmpaany,NA
605545,1913,"ACHOTLAJZIN ES ,fiQiOM PANY.",ACHOTLAJZIN IQIOM PANY,Achotlajzin Iqiom Pany,NA
484230,1911,AN ACON DA CO PPER Ml NlN G CO M PA NYT,ACON PPER NYT,Acon Pper Nyt,NA
531231,1912,ACQUIRED BY THE,ACQUIRED THE MEYER CHARLTON GOLD,Acquired The Meyer Charlton Gold,NA
251039,1903,ADELAIDE EAR meg. LIMITED.,ADELAIDE EAR LIMITED,Adelaide Ear Limited,NA
365066,1909,"ADJUTOR SYNDICATeV LlrVMTED. Secretary and Offices C. Nomioo, 101, Leadonhall Street, B.C.",ADJUTOR SYNDICATEV LLRVMTED,Adjutor Syndicatev Llrvmted,NA
605598,1913,ADJUTORWSVY VcNiDti eICsA TEL LIMITED. 001. R. G. Sherman Crawlord. | J. Sargent. I H. 1 . Ho lles,ADJUTORWSVY EICSA TEL LIMITED,Adjutorwsvy Eicsa Tel Limited,NA
831391,1917,"ADJUTQR SYNDICATE. LIMITED. Registered December 23, 1907 see vol. for 1913 . On October 31, 1916, the company was dissolved.",ADJUTQR SYNDICATE LIMITED AFRICAN AND,Adjutqr Syndicate Limited African And,NA
245133,1903,"ADULESSAV SYN DICAIE, LIMITED.",ADULESSAV SYN DICAIE LIMITED,Adulessav Syn Dicaie Limited,NA
518927,1912,AFBICAN LAND AND INVESTMENT-eontinued.,AFBICAN LAND AND INVESTMENT,Afbican Land And Investment,NA
396992,1910,"AFKICAN CITY PROPEHTIES. AuditorsS ecTruertqauraynd,anYdounps & Co. | Bankers Parr s Bank, Limited. Offices Charles Forbes, 0, Old Jewry, K.C.",AFKICAN CITY PROPEHTIES,Afkican City Propehties,NA
286256,1908,AFlilGAN COMPANIES. 108,AFLILGAN COMPANIES ANGLO FBENCH LAND,Aflilgan Companies Anglo Fbench Land,NA
341962,1909,"AFmCAN LAND AND INVESTMENT CO., LTD.",AFMCAN LAND AND INVESTMENT LIMITED,Afmcan Land And Investment Limited,NA
459518,1911,AFMCAX COMPANIES. 171 . .,AFMCAX COMPANIES AUCKLAND PARK,Afmcax Companies Auckland Park,NA
519078,1912,AFR IKAND E R P R O P R I ETA RTH3 OLJ3 M j NE S 7 LtUT Directors.,AFR IKAND ETA RTH OLJ,Afr Ikand Eta Rth Olj,NA
342078,1909,"AFR I KA N DE R PROPR I ETAR Y QO LD M I N ES, LTD.",AFR PROPR ETAR LIMITED,Afr Propr Etar Limited,NA
1074537,1922,AFRIC AN CKTY PROPERTIES,AFRIC CKTY PROPERTIES,Afric Ckty Properties,NA
461750,1911,AFRICA COMPANIES. 2U,AFRICA COMPANIES CINDERELLA CONSOLIDATED,Africa Companies Cinderella Consolidated,Cinderella Consolidated
713667,1915,AFRICA-N PM I NPEVS ACQUISITION SY N DICATE .VL IIWITITE DH.,AFRICA NPEVS ACQUISITION DICATE IIWITITE,Africa Npevs Acquisition Dicate Iiwitite,African Acquisition Syndicate Limited
341608,1909,AFRICAN ACQUISITION SYNDICATE. LIMITED. Directors. D. E. Higham. | M.H.Myers.,AFRICAN ACQUISITION SYNDICATE LIMITED,African Acquisition Syndicate Limited,African Acquisition Syndicate Limited
605604,1913,"AFRICAN AND AUSgTRALlAN COMPANY. LIMITED. J. Directors Qualification, 1,000 shares Ł100 . B. Palmer, Chairman. I E. A. Foster. l E. Pope.",AFRICAN AND AUSGTRALGAN COMPANY LIMITED,African And Ausgtralgan Company Limited,African And Ausgtralian Company Limited
605623,1913,AFRICAN AND AUSTRALIAN,AFRICAN AND AUSGTRALGAN COMPANY LIMITED,African And Ausgtralgan Company Limited,African And Ausgtralian Company Limited
903364,1918,AFRICAN AND EUROPEAN INVES I MENT,AFRICAN AND EUROPEAN INVES MENT,African And European Investmenl Limited,African And European Investment Limited
458026,1911,"AFRICAN AND EUROPEAN INVESTMENl CO., LTD.",AFRICAN AND EUROPEAN INVESTMENL LIMITED,African And European Investmenl Limited,African And European Investment Limited
1074453,1922,AFRICAN AND EUROPEAN NVESTMENT CO.. LTD. Directors.,AFRICAN AND EUROPEAN NVESTMENT LIMITED,African And Europeanwinvestment Limited,African And European Investment Limited
647802,1914,AFRICAN AND COLONIAL COMPANY. LIMITED,AFRICAN AND EUROPEANWINVESTMENT LIMITED,African And Europeanwinvestment Limited,African And European Investment Limited
647806,1914,AFRICAN AND EUROPEANWINVESTMENT CO-. LTD.,AFRICAN AND EUROPEANWINVESTMENT LIMITED,African And Europeanwinvestment Limited,African And European Investment Limited
647810,1914,"AFRICAN AND EUROPEAN INVEBTMENT London Manager A. D. Owen. London Bankers London City and Midland Bank, Limited. London Bolicitorn Ingle, Secretary Holmes, Sons & Pott. | London Auditors P. L. Ellis 8: Jo. and omces G. D. Massey. Lewis and Msrlrs Brig Box 2567, Johannesburg.",AFRICAN AND EUROPEANWINVESTMENT LIMITED,African And Europedan Investment Limited,African And European Investment Limited
1032847,1921,"AFRICAN AND AUSTRALIAN 30.. LTD. Directors Qualification, 1,000 shares Ł100 .",AFRICAN AND EUROPEDAN INVESTMENT LIMITED,African And Europedan Investment Limited,African And European Investment Limited
1032871,1921,AFRICAN AND EUROPEDAN,AFRICAN AND EUROPEDAN INVESTMENT LIMITED,African And Europedan Investment Limited,African And European Investment Limited
1032896,1921,AFRICAN AND EUROPEAN INVESTMENT,AFRICAN AND EUROPEDAN INVESTMENT LIMITED,African And Europedan Toinvestment Limited,African And European Investment Limited
1116465,1923,"AFRICAN AND EUROPEDAN toINVESTMENT CO., LTD. 1rec rs.",AFRICAN AND EUROPEDAN TOINVESTMENT LIMITED,African And Europedan Toinvestment Limited,African And European Investment Limited
573412,1913,"AFRICAN AND EURQELEAM lNlESTMENT 00., LTD.",AFRICAN AND EURQELEAM LNLESTMENT LIMITED,African And Europedan Toinvestment Limited,African And European Investment Limited
573463,1913,AFRICAN AND EUROPEAN INVESTMENT,AFRICAN AND EURQELEAM LNLESTMENT LIMITED,African And Eurqeleam Lnlestment Limited,African And European Investment Limited
285321,1908,"AFRICAN AND COLONIAL COMPANY, LIMITED.",AFRICAN AND GENERAL EXPLORATION LIMITED,African And Eurqeleam Lnlestment Limited,African And European Investment Limited
647861,1914,"Ordinary lineage raced cosmic, . r, v, , M V , AFRICAN CITY PROEERTiIES TRUST, LIMITED. Trustees for Debenture-Holdars. A. Davidson ; V. B. l ritton.",AFRICAN CITY PROEERTIIES TRUST LIMITED,African City Proeertiies Trust Limited,African City Properties Trust limited
1116552,1923,AFRICAN CITY PROPERTIES,AFRICAN CITY PROPERTIES TRUST LIMITED,African City Properties Trustqlimited,African City Properties Trust limited
713401,1915,AFRICAN CITY PROPERTIES TRUSTQLIMITED. Trustees for Debenture-Holders. A. Davidson; V. B. l ritton.,AFRICAN CITY PROPERTIES TRUSTQLIMITED,African City Properties Trustqlimited,African City Properties Trust limited
713425,1915,AFRICAN CITY PROPERTIES TRUST,AFRICAN CITY PROPERTIES TRUSTQLIMITED,African City Properties Trustqlimited,African City Properties Trust limited
713453,1915,"AFRICAN DIAMOND DEVELOPMENT COM PANY, LTD.",AFRICAN DIAMOND DEVELOPMENT COM PANY,African Diamondj Edging Syndicate Limited,AFRICAN DIAMOND DEVELOPMENT LIMITED
903414,1918,"ord., 7s. 9d. AFRICAN DIAMOND DEVELOPMENT CO.. LTD. ReglStend July 23, 1913 see vol. for 1915 . On March 13, 1917, the",AFRICAN DIAMOND DEVELOPMENT LIMITED,African Diamondj Edging Syndicate Limited,AFRICAN DIAMOND DEVELOPMENT LIMITED
341794,1909,AFRICAN DIAMOND F A RM S LIMIT ED,AFRICAN DIAMOND LIMIT,African Diamondj Edging Syndicate Limited,AFRICAN DIAMOND MINING COMPANY
68,1887,"AFRICAN DIAMOND MINING COMPANY,",AFRICAN DIAMOND MINING COMPANY,African Diamondj Edging Syndicate Limited,AFRICAN DIAMOND MINING COMPANY
51990,1888,"AFRICAN DIAMOND MINING COMPANY, LIMITED.",AFRICAN DIAMOND MINING COMPANY LIMITED,African Diamondj Edging Syndicate Limited,AFRICAN DIAMOND MINING COMPANY
397057,1910,"AFRICAN DIAMONDJ EDGING SYND., LIMITED.",AFRICAN DIAMONDJ EDGING SYNDICATE LIMITED,African Diamondj Edging Syndicate Limited,African Diamond DrEdging Syndicate Limited
518953,1912,AFRICAN nvflNERAL ESTATES LIMITED,AFRICAN FLNERAL ESTATES LIMITED,African Flneral Estates Limited,African Funeral Estates Limited
245237,1903,AFRICAN GOLD COAST. LIMITEDf,AFRICAN GOLD COAST LIMITEDF,African Gold Ecovery Company Limitept,AFRICAN GOLD COAST SYNDICATE
118,1887,"AFRICAN GOLD COAST SYNDICATE,",AFRICAN GOLD COAST SYNDICATE,African Gold Ecovery Company Limitept,AFRICAN GOLD COAST SYNDICATE
26114,1888,"AFRICAN GOLD COAST SYNDICATE, LIMITED.",AFRICAN GOLD COAST SYNDICATE LIMITED,African Gold Ecovery Company Limitept,AFRICAN GOLD COAST SYNDICATE
341874,1909,"AFRICAN GOLD DREDGING AND MINING CONCESSIONS, UMITED.",AFRICAN GOLD ECOVERY COMPANY LIMITEPT,African Gold Ecovery Company Limitept,"AFRICAN GOLD DREDGING AND MINING CONCESSIONS, LiMITED."
341907,1909,"AFRICAN GOLD R ECOVERY COMPANY. LIMITEPT Directors Qualification, 260 shares .",AFRICAN GOLD ECOVERY COMPANY LIMITEPT,African Gold Ecovery Company Limitept,African Gold Recovery Company Limited
231341,1895,"AFRICAN GOLD RECOVERY COMPANY, LIMITED.",AFRICAN GOLD RECOVERY COMPANY LIMITED,African Gold Recovery Company Limitept,African Gold Recovery Company Limited
397137,1910,"AFRICAN GOLD RECOVERY COMPANY. LIMITED Directors yualincation, 280 shares .",AFRICAN GOLD RECOVERY COMPANY LIMITED,African Gold Recovery Company Limitept,African Gold Recovery Company Limited
518868,1912,"AFRICAN GOLD RECOVERY COMPANY. LIMITED. Directors Qualification, except flrst, Ł100 . Charles McCullnch, Chairman. | Col. R. Easton Aitken. | J. E. H. Lomas. | H. L. Stoke . Solicitors Davidson & MorAriussd.itors| ForBda, nkers Capital & Counties Bjnk, Limited. Rhodes k Ford.",AFRICAN GOLD RECOVERY COMPANY LIMITED,African Gold Recovery Company Limitept,African Gold Recovery Company Limited
713566,1915,"AFRICAN GOLD RECOVERY COMPANY. LIMITED. Directors Qualification, except first, Ł100 .",AFRICAN GOLD RECOVERY COMPANY LIMITED,African Gold Recovery Company Limitept,African Gold Recovery Company Limited
285618,1908,"issued . Transfer form, common ; fee, 2s. Od. AFRICAN GOLD DREDGING AND MINING",AFRICAN GOLD RECOVERY COMPANY LIMITEPT,African Gold Recovery Company Limitept,African Gold Recovery Company Limited
285624,1908,AFRICAN GOLD DREDGING,AFRICAN GOLD RECOVERY COMPANY LIMITEPT,African Gold Recovery Company Limitept,African Gold Recovery Company Limited
396978,1910,"ls7 Bank. This company was registered April 28th, 1903, and entered into ac agreement to acquire from J. Woolf Cohon, 7,700 fully-paid shares in Adventurers Ashanti and Wassan , Limited, and the benefit of certain services in connection with New Zealand and Egypt. The purchase consideration for shares and services was Ł17,500, in 20,000 shares credited as 17s. 6d. paid. The Bulawayo Gold Beefs Development, Ltd. registered July 9th, 1897, tee vol. for 1905 , has linen absorbed, also the Luit Syndicate, Ltd. registered February 11th, 1001, . ce rol. for 1905 . The authorised capital is Ł50,000, in 5C,000 shares of Ł1 each ; 43,042 shares are issued and fully paid. No accounts yet issued. Transfer form, common : fee, 2s. 6d. AFRICAN And mex ICAN Ml nes DEVELOPMENT COMPANY. LIMITED. This company was registered December 29th, 1901 sec vol. for 1906 . On February 19th, 1909, the company was dissolved. AFRICAN CITY PROPERTIES TRU tTTTWtED. Trustees for Debenture-Holders.",AFRICAN ICAN DEVELOPMENT COMPANY LIMITED,African Ican Development Company Limited,African Gold Recovery Company Limited
991749,1920,"AFRICAN JJAND AND INVESTMENT sippi River Power Co., 235 Shamva. Mines, 200 South-West Diamonds, 200",AFRICAN JJAND AND INVESTMENT,African Jjand And Investment,African Land and Investment Limited
341936,1909,"AFRICAN LAKES CORPORATTON, LIMITED.-",AFRICAN LAKES CORPORATTON LIMITED,African Lan And Investment Limited,AFRICAN LAKES CORPORATiON LIMITED
648048,1914,"AFRICAN LAKESQQBBQRATION, LIMITED. Directdrs Qualification, $00 A shares .",AFRICAN LAKESQQBBQRATION LIMITED,African Lan And Investment Limited,AFRICAN LAKES CORPORATiON LIMITED
954332,1919,"AFRICAN LAN D AND INVESTMENT CO., LTD.",AFRICAN LAN AND INVESTMENT LIMITED,African Lan And Investment Limited,African Land and Investment Limited
648055,1914,AFRICAN LAKES CORPORATION,AFRICAN LAN INVESTMENT LIMITED,African Lan And Investment Limited,African Land and Investment Limited
648074,1914,"AFRICAN LAN D INVESTMENT CO., LTD.",AFRICAN LAN INVESTMENT LIMITED,African Lan Iwestment Cot Limited,African Land and Investment Limited
458254,1911,AFRICAN LAKES CORPORATION. LIMITED.,AFRICAN LAN IWESTMENT COT LIMITED,African Lan Iwestment Cot Limited,African Land and Investment Limited
397302,1910,AFRICAN MINING TRUST. LIMITED.,AFRICAN MINING AGENCY LIMITED,African Mining And General Syndicate,AFRICAN MINING AGENCY LIMITED
518956,1912,"AFRICAN MINES, LI M ITED.",AFRICAN MINING AND GENERAL SYNDICATE,African Mining And General Syndicate,"AFRICAN MINES, LiMiTED."
518983,1912,"AFRICAN MINING AND GENERAL SYND., LTD.",AFRICAN MINING AND GENERAL SYNDICATE,African Mining And General Syndicate,African Mining And General Syndicate
518989,1912,AFRICAN MINING AND GENERAL,AFRICAN MINING AND GENERAL SYNDICATE,African Mining And General Syndicate,African Mining And General Syndicate
149,1887,"AFRICAN MINING CORPORATION,",AFRICAN MINING CORPORATION,African Mining Corporation Limited,African Mining Corporation Limited
52047,1888,"AFRICAN MINES DEVELOPMENT COMPANY,",AFRICAN MINING CORPORATION LIMITED,African Mining Corporation Limited,African Mining Corporation Limited
52058,1888,AFRICAN MINES DEVELOFMENT,AFRICAN MINING CORPORATION LIMITED,African Mining Corporation Limited,African Mining Corporation Limited
52075,1888,"AFRICAN MINING CORPORATION, LIMITED.",AFRICAN MINING CORPORATION LIMITED,African Mining Corporation Limited,African Mining Corporation Limited
342020,1909,"Transf er form, common ; fee, 2s. 6 1. AFRICAN MINING JTRUST, LIMITED -",AFRICAN MINING JTRUST LIMITED,African Mining Corporation Limited,African Mining Trust Limited
573564,1913,AFRICAN QREDGERS- LIMITED.,AFRICAN QREDGERS LIMITED,African Qredgers Limited,African Dredges Limited
573885,1913,"debelitures created November, 1911. A AFRICAN SALTFlETRE COIYLPANY, LIMITED.",AFRICAN SALTFLETRE COIYLPANY LIMITED,African Saltfletre Coiylpany Limited,African Saltpetre Limited
991788,1920,"AFRICAN SALTPETRE CO., LTD.",AFRICAN SALTPETRE LIMITED,African Saltpetre Limited,African Saltpetre Limited
1033048,1921,"AFRICAN SALTPETRE CO., LTD.",AFRICAN SALTPETRE LIMITED,African Saltpetre Limited,African Saltpetre Limited
1074649,1922,"AFRICAN SALTPETRE CO LTD Dlrectors Qualification, Ł250 . F. P. T. Struben, J.P., F.R.G.S., Chairman. I G. H. Raw. I J. B. Sheldrick. I V. H. Smith. Secretary and Oflices O. W. Hunt, London House, 35, Crutched Friars, E.C. 8.",AFRICAN SALTPETRE LIMITED,African Saltpetre Limited,African Saltpetre Limited
1074664,1922,AFRICAN SALTPE PRE,AFRICAN SALTPETRE LIMITED,African Saltpetre Limited,African Saltpetre Limited
519037,1912,AFRICAN SALTPETRE OIvrpANiY,AFRICAN SALTPETRE OIVRPANVY,African Saltpetre Limited,African Saltpetre Limited
341620,1909,AFRICAN XND EUROPEAN INVESTM E N T CO .,AFRICAN XND EUROPEAN INVESTM,African Xnd European Investm,African And European Investment Limited
648165,1914,"AFRICANfi TIN. LIMITED. Directors Qualification, Ł100 .",AFRICANFI TIN LIMITED,Africanfi Tin Limited,African Tin Limited
459153,1911,AfRICAX COMPANIES. 165,AFRICAX COMPANIES ABHANTI BANKET,Africax Companies Abhanti Banket,AFRIKANDER PROPRIETARY GOLD MINES LIMITED
397349,1910,"Phoie : 169 Wall. This company was registered in the Transvaal March 10th, 1905, and owns 247 prospecting claims and 38 diggers claims on farms Wolverand No. 383 and Itietkuil 620, together with a freehold portion of farm Kaffirnkraal, 18 morgan in extent, twenty maobine stands and two water rights situate in the Klerksdorp district, about 10 miles west of Klerksdorp, Transvaal, and formerly owned by the New Afrikander Gold Mining Co. Ltd. see vol. for 1903 . The vendors received 150,000 fnlly-paid shares. Ore reserves at June 30th, 1908, 95,fi00 tons, value ir84dwts. per ton. The authorised capital is Ł280,000, in 280,000 shares of Ł1 each j all the shares are issued and fully paid. Shareholders in the New Afrikander Company were offered the right to subscribe for 50,000 shares upon certain terms. The capital was increased from Ł250,000 in October, 1909, when 80,000 shares were taken up at 22s. Od. each. The directors have power to increase the capital to A 350,000 to provide shares under option rights. . AFRIKANDER PROP HI-TARY The accounts for year to Jane 30th, 1909, submitted in Johannesburg, September 23rd, 1909, showed cash Ł16.008; creditors Ł3,387. Transfer form, common ; fee, 2s. 6d., pertransferof 100 or part of 100 shares. A share register is kept in London. The 23rd August, 1905, was appointed settling day in sharas Nos. 1 to 200,000. Latest price, 2T , 2T3,r. AINIBAK GOLD CONCELISMSITIEODN. S OF WEST AFRICA. This company was registered June 29th, laoi ee vol. for 1909 . On June 21st, 1909, it was re olved to wind up voluntarily ; liquidator, A. K. Tilley, S, Staple Inn, Holborn. W.C. AKIM COCOA AND. RUBBER ESTATES, LIMITED. Offices 10, &ustrhe i , E.C. This company was registered March 27th, 1902, as the Akim Goldiields, Ltd., to adopt an agreement with the Bartie Corpu., Ltd., to acquire 12 properties in Eastern Akim, Akim Mansn and Wassau districts of the Gold Coast Colony. The consideration was Ł116,000 in shares. The name was changed in August, 1908. The authorised capital isŁl53,000, in 150,000 shares of Ł1 each; 116,307 shares are issued and fully paid. No accounts jet issued. Transfer form, common ; fee, 2s. 6d. AKIM MINING. CONCESSION, LIMITED. Directors Qualification, 100 xhares . SecretaryE. T. Hollo ay. | A. H. Collier. 1 A. Quicve. and Offices a. C. Turtle, 1 10, Cockspur Street, S.W. This company was registered October 7th, 1909 to acquire from 0. f. Dickinson toe Oboporsu mining concession, situate in Eastern Akim, Gold Coast Colony. The consideration was Ł12,000 in fully-paid shares. The authorised capital is gZ O.OUO. in 20,000 shares of Ł1 each. AKTNASSI SYNDICATE ASHANTI . LIMITED- Directors yualincaiijn, Ł100 . Georjre Macdonald, Chairman. | O. S. Good. Solicitors Allen, Edwards & OMfleld. | Bankers Bank of british West Africa, Limited. Secretary and Offices Edwin S. P arce, 210, Capel House, E.C. .Receiver C. S. Good, 210, C apel House, E.C. This company was registered February 13th, 1902, being a reconstruction of a company of same name, registered July 5t.h, 1900 see vol. for 1902 , and in 190 the undertaking of the Wassau Consolidated Go d Fields, Ltd. registered April 26th, 1901, sec vol. for 1904 , was purchased for 90,780 shares credited as 1S . psid. Various concessions in West Africa were taken over, the company h s share interests in the Gold Fields of Eastern Akim, Ltd., Birrim Valley, Asiakwa, Kwaben Mines, Kyebi Lands, Caucasus Minerals, Gold Coast and Ashanti Corporation, Ac. The Nyabo Concession of five square miles, situate rast of Odnmassi, Gold Coast Colony, has been developed. The authorised capital is Ł150,000, in 150,000 shares of Ł1 each ; 144,659 hares are issued and fully paid, including 50,000 issued credited as fully paid",AFRIKANDER PROPRIETARY GOLD MINES LIMITED,Afrikander Roprietarvyw Igiold Mines Limited,AFRIKANDER PROPRIETARY GOLD MINES LIMITED
713699,1915,"AFRIKANDER PROPRIETARY GOLD MINES, LTD .",AFRIKANDER PROPRIETARY GOLD MINES LIMITED,Afrikander Roprietarvyw Igiold Mines Limited,AFRIKANDER PROPRIETARY GOLD MINES LIMITED
954396,1919,AFRIKANDER PROPRIETARY GOLD MINES. LTD,AFRIKANDER PROPRIETARY GOLD MINES LIMITED,Afrikander Roprietarvyw Igiold Mines Limited,AFRIKANDER PROPRIETARY GOLD MINES LIMITED
991813,1920,AFRIKANDER PROPRIETARY GOLD MINES. LTD,AFRIKANDER PROPRIETARY GOLD MINES LIMITED,Afrikander Roprietarvyw Igiold Mines Limited,AFRIKANDER PROPRIETARY GOLD MINES LIMITED
903554,1918,"AFRIKANDER PROPRIETARY GOLDTVMINES, LTD. Directors.",AFRIKANDER PROPRIETARY GOLDTVMINES LIMITED,Afrikander Roprietarvyw Igiold Mines Limited,AFRIKANDER PROPRIETARY GOLD MINES LIMITED
1116706,1923,"AFRIKANDER PROPRIIgTAFZY GOLD MINES, LTD rrectors.",AFRIKANDER PROPRIIGTAFZY GOLD MINES LIMITED,Afrikander Roprietarvyw Igiold Mines Limited,AFRIKANDER PROPRIETARY GOLD MINES LIMITED
831788,1917,"AFRIKANDER PROPRISTARY GOLD MINES, LTD. 1rectors.",AFRIKANDER PROPRISTARY GOLD MINES LIMITED,Afrikander Roprietarvyw Igiold Mines Limited,AFRIKANDER PROPRIETARY GOLD MINES LIMITED
573925,1913,"AFRIKANDER PRQLQIEIARLLSOLD MINES, LTD.",AFRIKANDER PRQLQIEIARLLSOLD MINES LIMITED,Afrikander Roprietarvyw Igiold Mines Limited,AFRIKANDER PROPRIETARY GOLD MINES LIMITED
1074673,1922,"AFRIKANDER P ROPRIETARVYW iGiOLD MINES. LTD Directors. Sir W. Dalryrnple, K.B.E., Chairman, I D. Christonhcrson, C.B.E. I W. J. Gnu.",AFRIKANDER ROPRIETARVYW IGIOLD MINES LIMITED,Afrikander Roprietarvyw Igiold Mines Limited,AFRIKANDER PROPRIETARY GOLD MINES LIMITED
285695,1908,"AFRlCATTMINING TRUST, LIMITED. Directors Qualification, 400 ordinary snares Ł100 . Edwin Wilding, Chairman. | Henry N. Stevens.",AFRLCATTMINING TRUST LIMITED,Afrlcattmining Trust Limited,African Mining Trust Limited
292617,1908,"Transfer form, common ; fee, 2b. 6d. F AlgC AFRrCAN EXPlJORATION AND INVESTMENT COMPANY, LIMITED.",AFRRCAN EXPRJORATION AND INVESTMENT COMPANY,Afrrcan Exprjoration And Investment Company,African Exploration and Investment Company
458088,1911,AFRTCAN ASBESTOS Y TCATEri-l M ITED7,AFRTCAN ASBESTOS TCATERI ITED,Afrtcan Asbestos Tcateri Ited,African Asbestos Limited
405409,1910,AFRWAtf COMPANIES. 315,AFRWATF COMPANIES INDWE RAILWAY COLLIERIES,Afrwatf Companies Indwe Railway Collieries,Indie Railway Collieries
462310,1911,AFttidAN COMPANIES. 221,AFTTIDAN COMPANIES CONSOLIDATED EXPLORATION SYNDICATE,Afttidan Companies Consolidated Exploration Syndicate,Consolidated Exploration Syndicate
504621,1911,ST. AGNES CON SP LID ATE D MINES. LI M I TE D.,AGNES CON LID ATE MINES,Agnes Con Olidated Mines Limited,St. Agnes Consolidated mines Limited
704892,1914,ST. AGNES CON OLIDATED MINES. LIMITED.,AGNES CON OLIDATED MINES LIMITED,Agnes Con Olidated Mines Limited,St. Agnes Consolidated mines Limited
421508,1910,"AGUA DIOS GOLD MINES COLOM Bl A , LI M ITED.",AGUA DIOS GOLD MINES COLOM,Agua Dios Golf Mvin Esjicolombia,Agua Dios Gold Mines Limited Colombia
483831,1911,"AGUA DIOS GOLD; MINES COLOMBIA , LIMITED . Directors Qualification, Ł100 .",AGUA DIOS GOLD MINES COLOMBIA,Agua Dios Golf Mvin Esjicolombia,Agua Dios Gold Mines Limited Colombia
545295,1912,"AGUA DIOS GOLD MINES COLOMBIA , LIMITED.",AGUA DIOS GOLD MINES COLOMBIA,Agua Dios Golf Mvin Esjicolombia,Agua Dios Gold Mines Limited Colombia
605629,1913,AGUA I DIOS GOLF MVIN ESJICOLOMBIA . LIMITED.,AGUA DIOS GOLF MVIN ESJICOLOMBIA,Agua Dios Golf Mvin Esjicolombia,Agua Dios Gold Mines Limited Colombia
365120,1909,AGUA DIPS GOLC M7rTES 7CQ L r iA rT lWTED;,AGUA DIPS GOLC RTES RWTED,Agua Dips Golc Rtes Rwted,Agua Dios Gold Mines Limited Colombia
274113,1903,AILVICE AND INFORMATION No trouble is spared to give Clients,AILVICE AND INFORMATION,Ailvice And Information,NA
763726,1916,AINGLO-COLOMBIAN IDEVELOPMENT,AINGLO COLOMBIAN IDEVELOPMENT,Ainglo Colombian Idevelopment,Anglo Colombian Development
763784,1916,AINGLO.CONTINENTAL MINES,AINGLO CONTINENTAL MINES,Ainglo Continental Mines,Anglo Continental Mines
763915,1916,AINGLO-FRENCH EXPLORATION.,AINGLO FRENCH EXPLORATION,Ainglo French Exploration,Anglo French Exploration
764044,1916,"AINGLO-SFeRcEreNtCarHy MATABELELAND and Offices T. Brown, 208-224, Salisbury House, E.C. Telegrams: Punicial, London. Phone: 159 Wall.",AINGLO SFERCE MATABELELAND,Ainglo Sferce Matabeleland,Anglo French Matabeleland
831827,1917,"AIRE AND ouse M|N|N 131 CgpMPMY. LIMITED. Directors 15- C. Atkinson; bu-n; . . Robson. Secretary and Omens E. C. Atkinson, 14, Moorgato Street, Rothsrham.",AIRE AND CGPMPMY LIMITED,Aire And Cgpmpmy Limited,Aire and Mining Company
574116,1913,AIVIALGAMATED Psiifie ries OF RHODESIA. LTD.,AIVIALGAMATED RHODESIA LIMITED,Aivialgamated Rhodesia Limited,Amalgamated Rhodesia Limited
519647,1912,"AJffGLO-TBANSVAAI, DEVELOPMENT",AJFFGLO TBANSVAAI DEVELOPMENT,Ajffglo Tbansvaai Development,Anglo Transvaal Development
309218,1908,"AJTDALUCIA LEAD AND SILVEB. This company was registered December 15th, 1902, to acquire three mines,",AJTDALUCIA LEAD AND SILVEB,Ajtdalucia Lead And Silveb,Andalucia Lead and Silver
80940,1889,AJTOLO- AFRICAN DIAMOND,AJTOLO AFRICAN DIAMOND,Ajtolo African Diamond,Autolo African Diamond
842291,1917,ALL CLASSES 0F CANVAS ORE BAGS MANUFACTURED.,ALL CLASSES CANVAS ORE BAGS,All Classes Canvas Ore Bags,NA
597891,1913,ALL CONTACTS OIL IMMERSED.,ALL CONTACTS OIL IMMERSED AUTOMATIC,All Contacts Oil Immersed Automatic,NA
643322,1913,ALL ENQUIRIES WILL BE ESTEEMED AND HAVE THE,ALL ENQUIRIES WILL ESTEEMED AND,All Enquiries Will Esteemed And,NA
695531,1914,ALL MATERIALS AND WQRKMANSHIP OF THE,ALL MATERIALS AND WQRKMANSHIP THE,All Materials And Wqrkmanship The,NA
1077298,1922,"ALL OUR STONES ARE TESTED,",ALL OUR STONES ARE TESTED,All Our Stones Are Tested,NA
597895,1913,ALL PARTS INTERCHANGEABLE,ALL PARTS INTERCHANGEABLE AND EASILY,All Parts Interchangeable And Easily,NA
230700,1895,ALL SATURDAY S SPORTS.,ALL SATURDAY SPORTS,All Saturday Sports,NA
289883,1908,ALL SUBSCRIPTIONS ARE PAYABLE IN ADVANCE.,ALL SUBSCRIPTIONS ARE PAYABLE ADVANCE,All Subscriptions Are Payable Advance,NA
395329,1910,ALL SUBSCRIPTIONS ARE PAYABLE IN ADVANCE.,ALL SUBSCRIPTIONS ARE PAYABLE ADVANCE,All Subscriptions Are Payable Advance,NA
667180,1914,ALL SUBSCRIPTIONS ARE PAYABLE IN ADVANCE,ALL SUBSCRIPTIONS ARE PAYABLE ADVANCE,All Subscriptions Are Payable Advance,NA
395324,1910,MiningWorld AND ENGINEERING RECORD.,AND ENGINEERING RECORD,And Engineering Record,NA
667174,1914,ininfiWerid AND ENGINEERING RECORD.,AND ENGINEERING RECORD,And Engineering Record,NA
1104771,1922,"whole interest in 218 2774; half interest in 8031.140; AND 10 WATER RIGHTS, at",AND WATER RIGHTS,And Water Rights,NA
484575,1911,"ANGLC RUSSIAN E FlWATTON SYND., LTD",ANGLC RUSSIAN FLWATTON SYNDICATE LIMITED,Anglc Russian Flwatton Syndicate Limited,Anglo Russian Flotation Syndicate
842233,1917,ANY CAPACITY. ANY HEAD ANY SPEED.,ANY CAPACITY ANY HEAD ANY,Any Capacity Any Head Any,NA
1002385,1920,Di rectDorRs ANY.TWO. KNidnerI;RCO. KNidneAr;NPDR. LeSMTarEe;EL CO-. LTD- G. J. Plevins; W. M. Plevms;,ANY TWO KNID RCO KNID,Any Two Knid Rco Knid,NA
292540,1908,APAtCAN COMPANIES. 311,APATCAN COMPANIES PEHHEIHA GOLD,Apatcan Companies Pehheiha Gold,NA
519801,1912,"APINTO DEVE LOPMENTZSYN DICATE, LIMITED7",APINTO DEVE LOPMENTZSYN DICATE LIMITED,Apinto Deve Lopmentzsyn Dicate Limited,Apinto Development Syndicate Limited
464280,1911,APR1CAN COMPANIES. 25i,APRICAN COMPANIES EIASST BAND GOLD,Aprican Companies Meyer And Chaelton,East Band Gold Company
531271,1912,APRICAN COMPANIES.,APRICAN COMPANIES MEYER AND CHAELTON,Aprican Companies Meyer And Chaelton,Meyer and Chaelton
518744,1912,APRiCAX COMPANIES. 189,APRICAX COMPANIES AFBICAN CITY FKOPEHTIES,Apricax Companies Afbican City Fkopehties,NA
309772,1908,ARGOLIS COPPER MININQT SYN DICATET LIMITED,ARGOLIS COPPER MININQT SYN DICATET,Argolis Copper Mininqt Syn Dicatet,Argolis Copper Mining Syndicate
1074409,1922,"DirectoArsFR IQCuaAlifiNcation,AŁD2 XJ E 1N . T.1.kJRcamEe,RCSha,irmaLn T; JD. C.oncliie-",ARSFR IQCUAA SJRUA RCSUA,Arsfr Iqcuaa Sjrua Rcsua,NA
423003,1910,"ASHBURlNHAM minerals development- SYN DICATE, LI MITED.",ASHBURLNHAM SYN DICATE MITED,Ashburlnham Syn Dicate Mited,Ashburinham SynDicate Limited
276583,1908,AUBTRALASIAN COMPANIES. 11,AUBTRALASIAN COMPANIES AUSTBALIAN SHALE SYNDICATB,Aubtralasian Companies Austbalian Shale Syndicatb,Australian Shale Syndicate
464310,1911,AUTHORISED MEDIUM FOR ALL GOVERNMENT NOTICES.,AUTHORISED MEDIUM FOR ALL GOVERNMENT,Authorised Medium For All Government,NA
597892,1913,AUTOMATIC NOTCHING DEVICE,AUTOMATIC NOTCHING DEVICE HANDLE GIVING,Automatic Notching Device Handle Giving,NA
276429,1908,AVSTRALAS1AK COMPANIES. 7,AVSTRALASIAK COMPANIES AUSTRALASIAN SHARE TRTJST,Avstralasiak Companies Australasian Share Trtjst,Australasian Share Trust
253346,1903,BENGAL COAL SVYN DICATETLIMITED.,BENGAL COAL SVYN DICATETLIMITED,Bengal Coal Svyn Dicatetlimited,NA
487550,1911,BICKFORD S FUSE,BICKFORD FUSE SAFETY AND ELECTRIC,Bickford Fuse Safety And Electric,NA
548875,1912,BICKFORD S FUSE,BICKFORD FUSE SAFETY AND ELECTRIC,Bickford Fuse Safety And Electric,NA
724435,1915,BICKFURD S FUSE,BICKFURD FUSE SAFETY AND ELECTRIC,Bickfurd Fuse Safety And Electric,NA
847506,1917,BICKFURD S FUSE,BICKFURD FUSE SAFETY ELECTRIC,Bickfurd Fuse Safety Fuses All,NA
1044064,1921,BICKFURD S FUSE,BICKFURD FUSE SAFETY FUSES ALL,Bickfurd Fuse Safety Fuses All,NA
370844,1909,"BRANCH OF f ICES LONDON, MANCHESTER, GLASGOW, CARDIFF,",BRANCH ICES LONDON MANCHESTER GLASGOW,Branch Ices London Manchester Glasgow,NA
1106114,1922,BRANCH OFFICES AND WAREHOUSES:,BRANCH OFFICES AND WAREHOUSES,Branch Offices And Warehouses,NA
254402,1903,"BROADWAY SYN DICATE, LIMITED.",BROADWAY SYN DICATE LIMITED,Broadway Syn Dicate Limited,NA
511159,1912,"BSOecNreNtaIrEy aDnUdNODffEiceEs GHO. LD MINES London Secretary G. Pither, Mosman Street, ChartorB Towers, Queensland. & Offices W. W. Hilburu, Devonshire Chambers, Bishopsgate, E.Oi",BSOECN DNUDNODECE GHO MINES,Bsoecn Dnudnodece Gho Mines,NA
370852,1909,"BUENOS AYRES Colson, Brookhouse & Pyne.",BUENOS AYRES RIO JANEIRO,Buenos Ayres Rio Janeiro,NA
843642,1917,"BUILDINGS, MACHINE SHOPS,",BUILDINGS MACHINE SHOPS IMPORT AND,Buildings Machine Shops Import And,NA
912486,1918,"BUILDINGS, MACHINE SHOPS,",BUILDINGS MACHINE SHOPS IMPORT AND,Buildings Machine Shops Import And,NA
962337,1919,"BUILDINGS, MACHINE. SHOPS,",BUILDINGS MACHINE SHOPS IMPORT AND,Buildings Machine Shops Import And,NA
281709,1908,"to 500,000. Transfer form, common; fee, 2s 6d. Latest price, 6s., 6s. 6d. BUY YOUR HOUSE and",BUY YOUR HOUSE INSURE YOUR,Buy Your House Insure Your,NA
1099918,1922,BUYERS ENQUIRIES.,BUYERS ENQUIRIES TELEGRAMS TELEPHONE,Buyers Enquiries Telegrams Telephoni,NA
1058098,1921,BUYERS ENQUIRIES.,BUYERS ENQUIRIES TELEGRAMS TELEPHONI,Buyers Enquiries Telegrams Telephoni,NA
1099913,1922,BUYERS and SELLERS 0,BUYERS SELLERS MANGANESE ORES,Buyers Sellers Manganese Ores Manganiferous,NA
1058094,1921,BUYERS and SELLERS of,BUYERS SELLERS MANGANESE ORES MANGANIFEROUS,Buyers Sellers Manganese Ores Manganiferous,NA
719149,1915,"Lt.-CAodl.mHionn.isEt.raBtaorinrg,ofCS.Vo.Ou.theI rJn. H. Birchenough, C.M.G. I H. W. Fox. I D. 0. Malcolm. Rhodesia F. D. P. Chaplin, Government House,",CAOD OFCS CROE TGMROE,Caod Ofcs Croe Tgmroe,NA
425533,1910,"CBoEnYsuNltAinMg MEnAgNineeAr NTHRACITE Bankers Morgan W. Davies, A.M.I.C.E., 3, Gloucester Place, Swansea. Metropolitan Bank of England and Wales t Limited. Ł SolicSiteocrr etaEr.yRo wland Payne, Cardiff. | Auditors A. Wright A Co. RegisteErdenidnnd Woodroffe, F.S.A.A., 34, Greaham Street, E.C. Offices 12, Cambrian Place, Swansea. This company wis registered March 16th, 1900. to acquire tho Brynamman Anthracite Colliery leasehold , area 282 acres, situate under the Vnysdawela, Olynbeidy, Nantgwine and Cwmnantmoel Farms, Brynamman district, Booth Wales. The consideration was Ł10,750, payable Ł 1.400 cash, Ł4,350 in fully-paid preferred ordinary shares and Ł5,000 in debentures. The company was promoted by the vendors, Van Zanten",CBOENY MEOANN NTHRACITE,Cboeny Meoann Nthracite,Brynamman ANTHRACITE Collieries Limited
255931,1903,CHEVENEY SYN DICATEI LIMITED.,CHEVENEY SYN DICATEI LIMITED,Cheveney Syn Dicatei Limited,Cheveney SynDicate Limited
777104,1916,"CLAIM AND OTHER INTERESTs UNFLoATED AT JUNE 30, 1913.",CLAIM AND OTHER INTERESTS UNFLSATED,Claim And Other Interests Unflsated,NA
871392,1917,"-1 , CLEMENTS LANE, LOMBARD ST, LONDON, E.C.",CLEMENTS LANE LOMBARD LONDON CAPITALIST,Clements Lane Lombard London Capitalist,NA
401559,1910,"Offices: u-13, CLEMENTS LANE, LOMBARD STREET,",CLEMENTS LANE LOMBARD STREET,Clements Lane Lombard Street,NA
530612,1912,"Offices. H-I2, CLEMENTS LANE, LOMBARD STREET,",CLEMENTS LANE LOMBARD STREET,Clements Lane Lombard Street,NA
256068,1903,"COLEGAS SYN DICATE, LIMITED.",COLEGAS SYN DICATE LIMITED,Colegas Syn Dicate Limited,NA
740581,1915,"COMBINING STRENGTH, ELEGANT APPEARANCE,",COMBINING STRENGTH ELEGANT APPEARANCE PURTABILITY,Combining Strength Elegant Appearange Purtability,NA
933508,1918,"COMBINING STRENGTH, ELEGANT APPEARANGE,",COMBINING STRENGTH ELEGANT APPEARANGE PURTABILITY,Combining Strength Elegant Appearange Purtability,NA
648868,1914,"Agent :1 .Davies, Chairman. I C. Smith. I J. Westro . in fiwaziland J. Baylis. l Bankers Natal Ban , Limited. Solicitor E. A. Biu nie. Auditors Chas. COminB & Co. Secretary and OHOBI . H. Yincent.27. Clements Lane, FLC. Tms company was registered April 26th, 1890, and acquired 200,000 acres of",COMI OHOBI FLC,Comi Ohobi Flc,NA
1000937,1920,CON IZINUOUS 1Eilr-IeicttCTlON,CON IZINUOUS TTCTLON,Con Izinuous Ttctlon,NA
489356,1911,CON NAUGHT COAL AN D ROtsTS YN DICATE. LTM ITEP: Directors H. H. A. Van Somercn.,CON NAUGHT COAL ROTSTS DICATE,Con Naught Coal Rotsts Dicate,Connaugt Coal and Iron Syndicate
660809,1914,CONC ENTRATI NG MACHINERY,CONC ENTRATI MACHINERY,Conc Entrati Machinery,NA
665666,1914,avmlahle In nll mans of the world. F CREDIT illued. PURCHASE and SALE 0 Block: and Slum afiectvd.,CREDIT PURCHASE SALE DIVIDENDS ANNUITIES,Credit Purchase Sale Dividends Annuities,NA
606426,1913,MlscrLLan Eocs COMPANIES. 4.57,CRLLAN COMPANIES ANCHOR TIN MINE,Crllan Companies Anchor Tin Mine,NA
313203,1908,"CSAeWcrDetOaBry AND GARNANT and Offices W. B. Btayt-Taylor, Lloyds Bank Chambers, Cheltenham. This company was registered September 5th, 1905, to acquire from E. A. Trapnell",CSAEWC AND GARNANT,Csaewc And Garnant,NA
468425,1911,"Telegrams: CUKTISS, LONDON. I Cablegrams: CURHAR, LONDON.",CUKTISS LONDON CURHAR LONDON LONDON,Cuktiss London Curhar London London,NA
257649,1903,DEWDNEY S CANADIAN SYN DICATE. LIMITED.,DEWDNEY CANADIAN SYN DICATE LIMITED,Dewdney Canadian Syn Dicate Limited,Dewdney Canadian SynDicate Limited
151733,1893,EAST AFBICA EXPLOBATION,EAST AFBICA EXPLOBATION,East Afbica Explobation,NA
315991,1908,EASTInDIAIrON AND STEEITsS DICATET LIMITED.,EASTINDIAINON AND STEEITNS DICATET LIMITED,Eastindiainon And Steeitns Dicatet Limited,East India Iron and Steels Syndicate Limited
525242,1912,"ECLIPSE DIAMOND SYN DICATE, LIMITED.",ECLIPSE DIAMOND SYN DICATE LIMITED,Eclipse Diamond Syn Dicate Limited,Eclipse Diamond Syndicate Limited
846690,1917,ELECTR ic PoweR TRANs Mission schEME,ELECTR TRANS CHEME,Electr Trans Cheme,NA
612655,1913,ELEVATOR FIIAIAINC AND PULSATOIIS FOR DIAMOND MINING PLANT.,ELEVATOR FIIAIAINC AND PULSATOIIS FOR,Elevator Fiiaiainc And Pulsatoiis For,NA
1136751,1923,ENGINEERS FOR,ENGINEERS FOR GGAI WASHING GNE,Engineers For Siiai Washing Iiiie,NA
1094703,1922,ENGINEERS FOR,ENGINEERS FOR GGAI WASNING GRE,Engineers For Siiai Washing Iiiie,NA
1052854,1921,ENGINEERS FOR,ENGINEERS FOR SIIAI WASHING IIIIE,Engineers For Siiai Washing Iiiie,NA
604667,1913,"ENGINES, DRIVING",ENGINES DRIVING GEARS HAULAGE,Engines Driving Gears Haulage,NA
748686,1915,EVERY DESCRIPTION OF BANKING BUSI,EVERY DESCRIPTION BANKING BUSI,Every Description Manufacturers All Kinds,NA
811581,1916,"EVERY DESCRIPTION OF BANKING BUSI NESS transacted with the Cape Province, Natal,",EVERY DESCRIPTION BANKING BUSI NESS,Every Description Manufacturers All Kinds,NA
353076,1909,OF EVERY DESCRIPTION.,EVERY DESCRIPTION MANUFACTURERS ALL KINDS,Every Description Manufacturers All Kinds,NA
604671,1913,EVERY GEAR DESCRIPTION.,EVERY GEAR DESCRIPTION REVERSING VALVE,Every Gear Description Reversing Valve,NA
1007238,1920,EVERY SATURDAY. THREE PEucE.,EVERY SATURDAY THREE PEUCE SPECIAL,Every Saturday Three Peuce Special,NA
577851,1913,EXPLOSIIVES. RENDITE.,EXPLOSIIVES RENDITE NOBELIGLHSGOW THISTLE BRAND,Explosiives Rendite Nobeliglhsgow Thistle Brand,NA
401564,1910,EXPLOSIVES FOR,EXPLOSIVES FOR HOME AND EXPORT,Explosives For Home And Export,NA
868443,1917,"FINANCIAL TIMEs, Limited.",FINANCIAL TIMES FINANCIAL TIMES,Financial Times Financial Times,NA
852909,1917,FINANCIAL TIMES INDEX. The value of The,FINANCIAL TIMES INDEX,Financial Times Index,NA
905506,1918,FIRE HOSE AND APPLIANCES. .,FIRE HOSE AND APPLIANCES SUCTION,Fire Hose And Appliances Suction,NA
665399,1914,.4 FRIC AN COMPANIES. 263,FRIC COMPANIES QUEST GOLD MINING,Fric Companies Quest Gold Mining,NA
582259,1913,A FRICAN COJII A XIES. 121,FRICAN COJII XIES ELDOBADO BANKLLT,Frican Cojii Xies Eldobado Bankllt,NA
581101,1913,A FRICAN COM PA NIES. 107,FRICAN COM NIES,Frican Com Nies,NA
581927,1913,A FRICAN COMPANIES. 1 17,FRICAN COMPANIES EASTERN AKKIH,Frican Companies Eastern Akkih,NA
582420,1913,A FRICAN COMPANIES. 123,FRICAN COMPANIES EXPLOBIN LAND,Frican Companies Randfon Ein Central,NA
655073,1914,A FRICAN COMPANIES. 11 1,FRICAN COMPANIES FALCON MHV,Frican Companies Randfon Ein Central,NA
595689,1913,A FRICAN COMPANIES. 803,FRICAN COMPANIES RANDFON EIN CENTRAL,Frican Companies Randfon Ein Central,NA
905521,1918,"FRICTION SURFACES LCoonntdraocntors to the War Ofi n-e and Advm raltz v ground General Omnibus Company. and Under Electric Railways of London and, Pans.",FRICTION SURFACES LCOO HERBERT FROOD,Friction Surfaces Lcoo Herbert Frood,NA
372631,1909,"FSEecLrIeCtaIDryAaDnd GOfOficLeDs oCo. nHt.inHuawedks.worth, 235-239, Finebury Pavement House, B.C.",FSEECL CTAIDECA GOEOC,Fseecl Ctaideca Goeoc,NA
1047822,1921,"GDQireLcPtoHrsI LEL. ForQreUst;AWR.RTaIEyloSr;, J. TLrTamD. .",GDQIR LEL AWR RTIIEIR TLITR,Gdqir Lel Awr Rtiieir Tlitr,Golphill Quarries Limited
293146,1908,"GELUK SYNDICATE, LIMITED. Directors Qualification, except managing director, Ł100 .",GELUK SYNDICATE LIMITED,Geluk Syndicate Limited,Geluk Syndicate Limited
349619,1909,GELUK SYNDICATE LIMITED.,GELUK SYNDICATE LIMITED,Geluk Syndicate Limited,Geluk Syndicate Limited
465826,1911,"GELUK SYNDICATE, LIMITED.",GELUK SYNDICATE LIMITED,Geluk Syndicate Limited,Geluk Syndicate Limited
526658,1912,"GELUK SYNDICATE, LIMITED.",GELUK SYNDICATE LIMITED,Geluk Syndicate Limited,Geluk Syndicate Limited
247832,1903,"GEYINSUE iYN DICATE, LIMITED.",GEYINSUE IYN DICATE LIMITED,Geyinsue Iyn Dicate Limited,Geluk Syndicate Limited
260189,1903,GIJON SYN DICATE. LIMITED.,GIJON SYN DICATE LIMITED,Gijon SynDicate Limited,Gijon SynDicate Limited
1052878,1921,lso Makers of For GobSFirMes aOnd KshorEt distaHnceElwLorkMmLEollTierSies.,GOBSFIRM OMBLEIR OXYGEN REVIVINGI APPARATUS,Gobsfirm Ombleir Oxygen Revivingi Apparatus,NA
779922,1916,"GOTION KHAKI DRILLS, &C, FOR MINERS SUITS,",GOTION KHAKI DRILLS FOR MINERS,Gotion Khaki Drills For Miners,NA
231136,1895,"GREGARIOUS, LONDON.",GREGARIOUS LONDON GREGGOE LONDON,Gregarious London Greggoe London,NA
231137,1895,"GREGGOE, LONDON.",GREGGOE LONDON GREGAL MANCHESTER,Greggoe London Gregal Manchester,NA
231140,1895,"GREGORIAN, BRIGHTON.",GREGORIAN BRIGHTON GREGORY HASTINGS,Gregorian Brighton Gregory Hastings,NA
779921,1916,"GYANIDE, ENDLESS BLANKETINGS, BUFFALO BLANKETINGS,",GYANIDE ENDLESS BLANKETINGS BUFFALO BLANKETINGS,Gyanide Endless Blanketings Buffalo Blanketings,NA
136194,1893,GYMFIE GREAT EASTERN GOLD,GYMFIE GREAT EASTERN GOLD,Gymfie Great Eastern Gold,Gymfie Great Eastern Gold
136236,1893,GYMFIE GREAT EASTERN GOLD,GYMFIE GREAT EASTERN GOLD,Gymfie Great Eastern Gold,Gymfie Great Eastern Gold
868453,1917,Tel univ: HAM. ESTABLISHED 1770.,HAM ESTABLISHED HIGHEST OUALITY,Ham Established Highest Ouality,NA
318493,1908,HANKOW AMERICAN SY DICATET l1WtED.,HANKOW AMERICAN DICATET WTED,Hankow American Dicatet Wted,Hankow American Syndicate Limited
494380,1911,HDTTI NIZAM S GOLD,HDTTI NIZAM GOLD,Hdtti Nizam Gold,NA
66537,1889,HINIXG MAXl AL. 139,HINIXG MAXL GOLD HILL MINING,Hinixg Maxl Gold Hill Mining,NA
690555,1914,HISCELLANEO US COMPANIES. 617,HISCELLANEO COMPANIES HUANCHAOA COMPANY BOLIVIA,Hiscellaneo Companies Huanchaoa Company Bolivia,NA
696044,1914,HISOELLANEO US COMPANIES. 697,HISOELLANEO COMPANIES KILLS DAY DAWN,Hisoellaneo Companies Kills Day Dawn,NA
682344,1914,HISOELZANEOUS COMPANIES. 497,HISOELZANEOUS COMPANIES CHAMBER MINES,Hisoelzaneous Companies Chamber Mines,NA
297143,1908,HOW TO INSURE CHEAPLY,HOW INSURE CHEAPLY,How Insure Cheaply,NA
297137,1908,HOW TO INVEST MONEY,HOW INVEST MONEY,How Invest Money,NA
297139,1908,HOW TO OBTAIN CAPITAL,HOW OBTAIN PARTNER,How Obtain Partner,NA
297141,1908,HOW TO OBTAIN A PARTNER,HOW OBTAIN PARTNER,How Obtain Partner,NA
374969,1909,HTJTTi NIZAM S GOLD,HTJTTI NIZAM GOLD,Htjtti Nizam Gold,NA
433886,1910,HTJTTI NIZAM S GOLD,HTJTTI NIZAM GOLD,Htjtti Nizam Gold,NA
67814,1889,HtTHST LEAD MINES-continned.,HTTHST LEAD MINES,Htthst Lead Mines,NA
690556,1914,HUANCHAOA COMPANY OF BOLIVIA.,HUANCHAOA COMPANY BOLIVIA COMPANIA HUANCHACA,Huanchaoa Company Bolivia Compania Huanchaca,Huanchaca Company Bolivia
682341,1914,"HYDRAULICIXG PUMP supplied m the Nlpissing Mines, 4,000 g.p,m. 415 feel; HEM Elflciency, 5: per cent. BOYIN G 85 C 0., Limited, WATER POWER ENGINEERS,",HYDRAULICIXG PUMP HEM BOYIN WATER,Hydraulicixg Pump Hem Boyin Water,NA
645710,1913,CI IANNEL STEELS for RUBBER TYRES.,IANNEL STEELS RUBBER TYRES IIORSE,Iannel Steels Rubber Tyres Iiorse,NA
1131661,1923,"l-IIGl-IIS I GRADE WIRE FORROPES. WINDING, HAULING 6: GUIDES A SPECIALITY.",IIGL IIS GRADE WIRE FORROPES,Iigl Iis Grade Wire Forropes,NA
638624,1913,Using to insnfllciescy of water at tni- minn tho miil iii III IIIR FIT- UNI near the,III IIIR FIT UNI,Iii Iiir Fit Uni,NA
641259,1913,"Iecretsry end Omcee I . 0. Hour , In, Frederick P11415011 Jewry, RC. I lI e oompnny was I Ifllllervl lurch Hth, 1912, to Inquire 1mm 1.. U. do Coppct lnIlJ. Mugnier thi- following In minim; III JIN fIIIPI in Uplift : Th0 Utuyomendi,",III JIN FIIIPI,Iii Jin Fiiipi,NA
843647,1917,"Telegrams: IIIONSIDES, LIVERPOOL, and DROPPER, LONDON,",IIIONSIDES LIVERPOOL DROPPER LONDON MINES,Iiionsides Liverpool Dropper London Mines,NA
1114397,1922,"the IIIUCSION CDI OIIICIC and mOIIQQ market Review,",IIIUCSION CDI OIIICIC MOIIQQ DRAPERS,Iiiucsion Cdi Oiiicic Moiiqq Drapers,NA
1055952,1921,iilllllll|||||||ll||lllllllll||llllllIllll|llllllll|ll|Illllll|IIlllIllllllIIIIIll||Illllllfllllllllllllfllllllllllll|IllllIlllllll|||I||I||l||IIIIIIIIIIIIlllllllllllllllllllllllllllllllllllilll,IILL LLIIIIILL IIIIIIIIIIIILL,Iill Lliiiiill Iiiiiiiiiiiill,NA
645711,1913,IIORSE llld MULE SI IOES of every DESCRIPTION.,IIORSE MULE IOES DESCRIPTION LONDON,Iiorse Mule Ioes Description London,NA
1049721,1921,IIq 02 Y OROOTVLEI,IIQ OROOTVLEI III IYAYI,Iiq Orootvlei Iii Iyayi,NA
1055954,1921,IIQIW IIIIIIIIIIIIIIIIIIIIIIIIIIIIIIIIIIIIIIIIIIIIIIIIIIIIIIIIIIIIIIIIIIIIIIIIllIII IIIIIIIIIIIIIIIIIIIIIIIIIIIIIIIIIIIIIE,IIQIW IIIIIIIIIIIIIIIIIIIIIIIIIIIIIIIIIIIIIIIIIIIIIIIIIIIIIIIIIIIIIIIIIIIIIIIILLIII IIIIIIIIIIIIIIIIIIIIIIIIIIIIIIIIIIIIIE,Iiqiw Iiiiiiiiiiiiiiiiiiiiiiiiiiiiiiiiiiiiiiiiiiiiiiiiiiiiiiiiiiiiiiiiiiiiiiiilliii Iiiiiiiiiiiiiiiiiiiiiiiiiiiiiiiiiiiiie,NA
641245,1913,Iltif l- Ll. INA OI B COMPANIES. 1H7,INA COMPANIES SPANISH LEAD SYNDICATE,Ina Companies Spanish Lead Syndicate,NA
262027,1903,"INAMBARI SYN DICATE, LIMITED.",INAMBARI SYN DICATE LIMITED,Inambari Syn Dicate Limited,Inambari Syndicate Limited
859744,1917,"INDWE RAILWAY, COLE: 8 AND LAND CO., LTD.",INDWE RAILWAY COLE AND LAND,Indwe Railway Collieries And Land,Indwe Railway Collieries And Land
790942,1916,"INDVVE RAILVVAY, CoLEER S AND LAND CO., LTD.",INDWE RAILWAY COLEER AND LAND,Indwe Railway Collieries And Land,Indwe Railway Collieries And Land
351209,1909,"INDWE RAILWAY, COLLIERIES AND LAND CO., LTD.",INDWE RAILWAY COLLIERIES AND LAND,Indwe Railway Collieries And Land,Indwe Railway Collieries And Land
467381,1911,"INDWE RAILWAY, COLLIERIES AND LAND CO., LTD.",INDWE RAILWAY COLLIERIES AND LAND,Indwe Railway Collieries And Land,Indwe Railway Collieries And Land
528348,1912,"INDWE RAILWAY, COLLIERIES AND LAND CO., LTD.",INDWE RAILWAY COLLIERIES AND LAND,Indwe Railway Collieries And Land,Indwe Railway Collieries And Land
733940,1915,"INDWE RAILWAY, COLLIERIES AND LAND CO., LTD. Directors.",INDWE RAILWAY COLLIERIES AND LAND,Indwe Railway Collieries And Land,Indwe Railway Collieries And Land
924233,1918,"INDWE RAILWAY, COLLIERIES AND LAND CO.. LTD.",INDWE RAILWAY COLLIERIES AND LAND,Indwe Railway Collieries And Land,Indwe Railway Collieries And Land
1037768,1921,"INF. Stop Valve No. 200. Nm C but N m cm SML LP Stop 125.11,.v Valve No. 20 won. Pm. ZOO-lbw ovhnPru-n- lwlb- WNW-Pam-m- 175-llW .mkmP|M .",INF SML ZOO WNW,Inf Sml Zoo Wnw,NA
254668,1903,INSURANCE NOTES.,INSURANCE NOTES ABOHUROH LANE LONDON,Insurance Policies Adjusted And Fire,NA
1084424,1922,INSURANCE POLICIES ADJUSTED AND FIRE CLAIMS PREPARED.,INSURANCE POLICIES ADJUSTED AND FIRE,Insurance Policies Adjusted And Fire,NA
969146,1919,"IPNIBSBITdQITDtU TG-IOBN. WalkeOr,FJ.P.,MTaInNkeIrNsleGy GraEngNe,GneIaNr BEaErn e ..",IPNIBSBITDQITDDU IOBN MTDINN BEDEN,Ipnibsbitdqitddu Iobn Mtdinn Beden,NA
968593,1919,I9l9 ISSUE READY IN MAY,ISSUE READY MAY PUBLISHED ANNUALLY,Issue Ready May Published Annually,NA
1008215,1920,I920 ISSUE READY IN MAY.,ISSUE READY MAY PUBLISHED ANNUALLY,Issue Ready May Published Annually,NA
68414,1889,ItlXUfn MAXI AL. 171,ITLXUFN MAXI ITATITAJI GOLD,Itlxufn Maxi Itatitaji Gold,NA
1055957,1921,JITIIIIIHIIIIHIIIIIIIIIIIIIIIIIIIIIllllllllllllliIIIIIHIIIIIIIHIIIIIIIIIIIIIIIIHIII|llIIIIHIIHIHIIIHHHIIHIIIIIIHIIIIIIHIIIIIIIIIIIIHIIHIHIIIIHIIIIIIII HIHIIIIHIIIIHIIIIIIIIIIIIHIIIIHHIIHIIIIIIIIIIHIIIIIIIIIIIIIIIIIIIIIIIIIIIIII,JITIIIIIHIIIIHIIIIIIIIIIIIIIIIIIIIILL LIIIIIIHIIIIIIIHIIIIIIIIIIIIIIIIHIII LIIIIIHIIHIHIIIHHHIIHIIIIIIHIIIIIIHIIIIIIIIIIIIHIIHIHIIIIHIIIIIIII HIHIIIIHIIIIHIIIIIIIIIIIIHIIIIHHIIHIIIIIIIIIIHIIIIIIIIIIIIIIIIIIIIIIIIIIIIII,Jitiiiiihiiiihiiiiiiiiiiiiiiiiiiiiill Liiiiiihiiiiiiihiiiiiiiiiiiiiiiihiii Liiiiihiihihiiihhhiihiiiiiihiiiiiihiiiiiiiiiiiihiihihiiiihiiiiiiii Hihiiiihiiiihiiiiiiiiiiiihiiiihhiihiiiiiiiiiihiiiiiiiiiiiiiiiiiiiiiiiiiiiiii,NA
528557,1912,"JOHANNESBURG RHODESIA SYNDICATE, LIMITED.",JOHANNESBURG RHODESIA SYNDICATE LIMITED,Johannesburg Roodepoort Gold Mining Company,Johannesburg Roodepoort Gold Mining Company
85271,1889,JOHANNESBURG AND EAST AFRICAN EXPLORA,JOHANNESBURG ROODEPOORT GOLD MINING COMPANY,Johannesburg Roodepoort Gold Mining Company,Johannesburg Roodepoort Gold Mining Company
85283,1889,"JOHANNESBURG GOLD FIELDS, LIMITED.",JOHANNESBURG ROODEPOORT GOLD MINING COMPANY,Johannesburg Roodepoort Gold Mining Company,Johannesburg Roodepoort Gold Mining Company
85312,1889,JOHANNESBURG GOLD FIELDS,JOHANNESBURG ROODEPOORT GOLD MINING COMPANY,Johannesburg Roodepoort Gold Mining Company,Johannesburg Roodepoort Gold Mining Company
85330,1889,"JOHANNESBURG PIONEER GOLD MINING COMPANY,",JOHANNESBURG ROODEPOORT GOLD MINING COMPANY,Johannesburg Roodepoort Gold Mining Company,Johannesburg Roodepoort Gold Mining Company
85349,1889,JOHANNESBURG ROODEPOORT GOLD MINING,JOHANNESBURG ROODEPOORT GOLD MINING COMPANY,Johannesburg Roodepoort Gold Mining Company,Johannesburg Roodepoort Gold Mining Company
85373,1889,"JOHANNESBURG WATERWORKS, ESTATE AND",JOHANNESBURG ROODEPOORT GOLD MINING COMPANY,Johannesburg Roodepoort Gold Mining Company,Johannesburg Roodepoort Gold Mining Company
153515,1893,JOHANNESBUEG PIONEER OOLD.,JOHANNESBURG WATERWORKS ESTATE AND EXPLORATION,Johannesburg Roodepoort Gold Mining Company,Johannesburg Roodepoort Gold Mining Company
692015,1914,"KADU R-S H l MOGA GOgDflMELDS, SYN DICATEI LTD",KADU MOGA GOGDFLMELDS SYN DICATEI,Kadu Moga Gogdflmelds Syn Dicatei,Kadu Moga Goldfields Syndicate
735212,1915,KADUNA SYN DICATE. LIMITED.,KADUNA SYN DICATE LIMITED,Kaduna Syn Dicate Limited,Kaduna Syndicate Limited
861819,1917,"KADUNA SYN TE, LIMITED.",KADUNA SYN LIMITED,Kaduna Syndicate Limited,Kaduna Syndicate Limited
925786,1918,"KADUNA SYNDICATE, LTD.",KADUNA SYNDICATE LIMITED,Kaduna Syndicate Limited,Kaduna Syndicate Limited
970015,1919,"K KADUNA SYNDICATE, LTD. Directors.",KADUNA SYNDICATE LIMITED,Kaduna Syndicate Limited,Kaduna Syndicate Limited
1009800,1920,"KADUNA SYND., LTD. n ectors.",KADUNA SYNDICATE LIMITED,Kaduna Syndicate Limited,Kaduna Syndicate Limited
1092765,1922,"KADUNA SYND., LTD.",KADUNA SYNDICATE LIMITED,Kaduna Syndicate Limited,Kaduna Syndicate Limited
1134298,1923,KADUNA SYND.. LTD. Directors.,KADUNA SYNDICATE LIMITED,Kaduna Syndicate Limited,Kaduna Syndicate Limited
792991,1916,"KADUNA SYNE TE, LIMITED,",KADUNA SYNE LIMITED,Kaduna Syndicate Limited,Kaduna Syndicate Limited
263122,1903,"KAPUTGUDA SYN DICATE, LIMITED.",KAPUTGUDA SYN DICATE LIMITED,Kaputguda Syn Dicate Limited,Kaputguda Syndicate Limited
735540,1915,"KEATI NG COPPER SYN DICATE, LIMITED.",KEATI COPPER SYN DICATE LIMITED,Keati Copper Syn Dicate Limited,Keating Copper Syndicate Limited
794366,1916,"F. Hirschhorn. J. M. Jones. C. E. Mind. Secretary a nd Of fice s .J.G.PoOoslbeoyr,n4e6,, KMoaffinyfoSnttreeient,, BOorxan1g8e9, FKriemebSetraletye,. Cape Colony.",KMOA BOOA FKOA,Kmoa Booa Fkoa,NA
11862,1887,"KOOTENAY SYNDICATE, LIMITED.",KOOTENAY SYNDICATE LIMITED,Kootenay Syndicate Limited,NA
183660,1894,"KROMDRAAI GOLD FIELD, LIMITED.",KROMDRAAI GOLD FIELD LIMITED,Kromdraai Gold Mining Company Limited,Kromdraai Gold Mining Company Limited
55384,1888,"KROMDRAAI GOLD MINING COMPANY, LIMITED.",KROMDRAAI GOLD MINING COMPANY LIMITED,Kromdraai Gold Mining Company Limited,Kromdraai Gold Mining Company Limited
85996,1889,"KROMDRAAI GOLD MINING COMPANY, LIMITED.",KROMDRAAI GOLD MINING COMPANY LIMITED,Kromdraai Gold Mining Company Limited,Kromdraai Gold Mining Company Limited
693442,1914,LAKE vinw AND OBOYA continiued.,LAKE AND OBOYA,Lake And Oboya,NA
497115,1911,"Transfer form, common j fee, 2s. 6d. LLA NGEINOR COLLIERY COMPANY, LIMITED. This company was registered March 28th, 1905 see rcl. for 1910 . On June",LLA NGEINOR COLLIERY COMPANY LIMITED,Lla Ngeinor Colliery Company Limited,Llangeinor Colliery Company Limited
720603,1915,JllllllllllllllllllllllllllllllllllllIllllllllllllllllllllllllllllllllllllllllllllllllllllllillllll||liilllllllllIIllllIIllllllll|ll|IIIlllllllllllII|IIll|IIllI|||||||||||||ll|||IIll||||I||||||||||||||||||||||,LLIILLLLIILL IIILL LLII IILL IILLI,Lliilllliill Iiill Llii Iill Iilli,NA
225536,1895,"il: .1798 ettog 977. 791 J908 llOZI uea 07011 C BOll ,10087 907.7 89811 8718, I wit : . t:.r ŁiZŁ . ZMi -E71 0908 0877 17H| 01 17 t 07 OW. 90111 098 9868 0986 ioot 0197 0099 0099 0778 8168 170 1701 7711 898 oofif: 0888 t807 0981 8719 M88 am 88617 0910 791 W89 Vflt S3 mi Ml I1JH II K S2ain j, I1 K ll W ll K II W",LLOZI BOLL ZML IIJH,Llozi Boll Zml Iijh,NA
929199,1918,"LODNirGectorRs APK.EPotteSr;PBA. HR. AgaCteo; .H,. S. IP i keT.D.",LODNIRG APK EPIR PBA,Lodnirg Apk Epir Pba,NA
434242,1910,LOEST AND LARGEST MAKERS OF TIME RECORDERS IN THE WORLD.,LOEST AND LARGEST MAKERS TIME,Loest And Largest Makers Time,NA
217097,1895,lON -BEH.LYir,LON BEH LYIR,Lon Beh Lyir,NA
236761,1895,lON -BEH.LYir,LON BEH LYIR,Lon Beh Lyir,NA
925414,1918,". I | LONDO N OFFICE: LEEDS, , ,, ,, I, Broad St. P|ace,E.6l2",LONDO OFFICE LEEDS,Londo Office Leeds,NA
296695,1908,"LONDON S&ecrJeOtaHryANanNdESBURG TRTJBT Offices H. G. Latilla, 68, London Wall,E.C.",LONDON HRYANANNYESBURG TRTJBT,London Hryanannyesburg Trtjbt,NA
497586,1911,MADRAS S YN DiCATETLl M ITED.,MADRAS DICATETLL ITED,Madras Dicatetll Ited,NA
469172,1911,MAP SHOWING APPROXIMATE POSITION,MAP SHOWING APPROXIMATE POSITION LOMAH,Map Showing Approximate Position Lomah,NA
469282,1911,MAP SHOWING,MAP SHOWING COMPANY MINING INTERESTS,Map Showing Company Mining Interests,NA
266415,1903,"MEMORANDUMS AND ARTICLES 0 ASSOCIATION,",MEMORANDUMS AND ARTICLES ASSOCIATION AGREEMENTS,Memorandums And Articles Association Agreements,NA
660941,1914,MESSINA. TBANSVAAL DEVELOPMENT,MESSINA TBANSVAAL DEVELOPMENT,Messina Tbansvaal Development,NA
866840,1917,"M1A1ANG d, MINING YEAR ROOK. 367",MIAIANG MINING YEAR ROOK EXPLORATION,Miaiang Mining Year Rook Exploration,NA
170770,1894,MIMNG AND FINANCIAL oontinued.,MIMNG AND FINANCIAL,Mimng And Financial,NA
931377,1918,MIN EBALS SEPARATION 6: DE BAVAY S eontinued.,MIN EBALS SEPARATION BAVAY,Min Ebals Separation Bavay,NA
931453,1918,MIN EBALS SEPARATION NORTH AMERICAN continucd.,MIN EBALS SEPARATION NORTH AMERICAN,Min Ebals Separation North American,NA
1113982,1922,"- . . MINING JY 4Z CU 1 : IHLINQ M,.59 -192K 7,621 WALTER SCOTT",MINING IHLINQ WALTER SCOTT,Mining Ihlinq Walter Scott,NA
866635,1917,M1N1NG & M1N1NG YEAR BOOR. LUCKY TIGER-COMBINATION.,MINING MINING YEAR BOOR LUCKY,Mining Mining Year Boor Meyer,NA
798782,1916,M1N1NG & M1NING YEAR BOOR. -- 395,MINING MINING YEAR BOOR MEYER,Mining Mining Year Boor Meyer,NA
1113917,1922,i620 imvrzva .1. MINING ZEAaiaooKJez-z. an...,MINING ZEAAI OOKJAI WALLARAH COAL,Mining Zeaai Ookjai Wallarah Coal,NA
499395,1911,M1SCELLAKE0US COMPANIES. 851,MISCELLAKEOUS COMPANIES MYSORE WEST GOLD,Miscellakeous Companies Mysore West Gold,NA
496217,1911,"MISCELLANEO 118 COMPANIES. 798 KYSHTIM CORPOBATION. This company was registered October 29th, 19 8, to acquire, as from June 30th,",MISCELLANEO COMPANIES KYSHTIM CORPOBATION,Miscellaneo Companies Mckinley Dabbagh Bavagi,NA
694796,1914,MISCELLANEO vs COMPANIES. 679,MISCELLANEO COMPANIES MCKINLEY DABBAGH BAVAGI,Miscellaneo Companies Mckinley Dabbagh Bavagi,NA
630036,1913,MISCELLANEOFS COMPANIES. 791,MISCELLANEOFS COMPANIES XOUH LYELL BLOCKS,Miscellaneo Companies Mckinley Dabbagh Bavagi,NA
630811,1913,MISCELLANEOI S COMPANIES. 803,MISCELLANEOI COMPANIES IYALLB AND PIAK,Miscellaneoi Companies Iyallb And Piak,NA
627683,1913,MISCELLANEOI S COMPANIES. 757,MISCELLANEOI COMPANIES LYDNII AND CBUMP,Miscellaneoi Companies Lydnii And Cbump,NA
377247,1909,MISCELLANMOUB COMPANIES. 849,MISCELLANMOUB COMPANIES LLANGEINOR COLLIERY COMPANY,Miscellanmoub Companies Llangeinor Colliery Company,NA
263823,1903,MISGELLANEOUS COMPANIES. 1111,MISGELLANEOUS COMPANIES LITTLETON COLLIERIEB,Misgellaneous Companies Littleton Collierieb,NA
264657,1903,MISOELLANEO US COMPANIES. 1125,MISOELLANEO COMPANIES MCDONALD BONANZA,Misoellaneo Companies Mcdonald Bonanza,NA
320359,1908,MlSCELtAtiEOUS COMPANIES.,MLSCELTATLEOUS COMPANIES OHEBESUAAN HNEDIUCAA,Mlsceltatleous Companies Ohebesuaan Hnediucaa,NA
378788,1909,"MOHOCHANG MINING SYNDICATE. LIMITED. Directors Qualification, 1 share .",MOHOCHANG MINING SYNDICATE LIMITED,Mohochang Minmgjisyj Dicatet Limited,NA
437156,1910,MOHOCHANG MINING SYNDICATE. LIMITED.,MOHOCHANG MINING SYNDICATE LIMITED,Mohochang Minmgjisyj Dicatet Limited,NA
498820,1911,MOHOCHANG MINMGJIsYJ DICATET- LIMITED:,MOHOCHANG MINMGJISYJ DICATET LIMITED,Mohochang Minmgjisyj Dicatet Limited,NA
280643,1908,MONMOUTHSHIRE BRECONSHIRE GLOUCESTER,MONMOUTHSHIRE BRECONSHIRE GLOUCESTER CARMARTHENSHIRE RADNORSHIRE,Monmouthshire Breconshire Gloucester Carmarthenshire Radnorshire,NA
480974,1911,MONMOUTHSHIRE BRECONSHIRE GLOUCESTER,MONMOUTHSHIRE BRECONSHIRE GLOUCESTER CARMARTHENSHIRE RADNORSHIRE,Monmouthshire Breconshire Gloucester Carmarthenshire Radnorshire,NA
280637,1908,"The MORMN u POST says:- In plain words it la, therefore, a fact that Cardiff as a shipping port stands before London and Liverpool. This la likely to surprise a great many who are unaware of the great expansion of Trade in Cardiff of late years.",MORMN POST GREAT DAILY AND,Mormn Post Great Daily And,NA
480968,1911,"porTthe MORNING HOST aaya: in plain words it is. therefore, a fact that Cardiff as a shipping stands before London and Liverpool. This Is likely to surprise a great many woo am unaware ot the great expansion of Trade in Cardiff of late years.",MORNING HOST GREAT DAILY AND,Morning Host Great Daily And,NA
643352,1913,MOST IMPORTANT EVENING PAPERS in the PROVINCES,MOST IMPORTANT EVENING PAPERS PROVINCES,Most Important Evening Papers Provinces,NA
281389,1908,MOTOR NOTES.,MOTOR NOTES ART MUSIC THE,Motor Notes Art Music The,NA
595556,1913,London MQHBKBI WILLIAK SIAM .,MQHBKBI WILLIAK SIAM THE BANK,Mqhbkbi Williak Siam The Bank,NA
437410,1910,MTSCXllAWeOVS COMPANIES.,MTSCXLLAWLOVS COMPANIES MOXEY SAVON AND,Mtscxllawlovs Companies Moxey Savon And,NA
1102355,1922,Z mUO PZm2mOJm mQ ..OO .95,MUO PZM MOJM,Muo Pzm Mojm,NA
933324,1918,NAG ROM SYN DICATE. LTD.,NAG ROM SYN DICATE LIMITED,Nag Rom Syn Dicate Limited,Nag Rom Syndicate Limited
697840,1914,NAG ROM SYNDICATE. LIMITED.,NAG ROM SYNDICATE LIMITED,Nag Rom Syndicate Limited,Nag Rom Syndicate Limited
975310,1919,"NAG ROM SYNDICATE. LTD. Directors Qualification, 1,000 shares H. W. Sillem ; H. E. Nichols.",NAG ROM SYNDICATE LIMITED,Nag Rom Syndicate Limited,Nag Rom Syndicate Limited
741842,1915,"NAGROM SYNDICATE, LIMITED.",NAGROM SYNDICATE LIMITED,Nagrom Syndicate Limited,Nag Rom Syndicate Limited
801519,1916,"NAGROM SYNDICATE, LIMITED.",NAGROM SYNDICATE LIMITED,Nagrom Syndicate Limited,Nag Rom Syndicate Limited
871805,1917,"NAGROM SYNDICATE, LIMITED. Directors C. S. Cockburn. J.P. Chairman; W. Clark; C. Greenway.",NAGROM SYNDICATE LIMITED,Nagrom Syndicate Limited,Nag Rom Syndicate Limited
1015360,1920,"NAGROM SYND., LTD. Directors Qualification, 1,000 shares - H, W. Sillem ; H. E. Nichole. Secretaries and Oflices British and Foreign General Securities and Investment Trust, Ld.,",NAGROM SYNDICATE LIMITED,Nagrom Syndicate Limited,Nag Rom Syndicate Limited
628928,1913,mscs t LA NEO US COMPANIES. 775,NEO COMPANIES IICHOACAN RAILWAY,Neo Companies Iichoacan Railway,NA
802284,1916,"NEVA DA MINING SHARE SYN DICATE, LTD.",NEVA MINING SHARE SYN DICATE,Neva Mining Share Syn Dicate,Nevada Mining Share Syndicate
15972,1887,NEW IiISBON-BEBLTN TBANSVAAL -Continued.,NEW IIISBON BEBLTN TBANSVAAL,New Iiisbon Bebltn Tbansvaal,New Lysbon Berlyn Transvaal Gold Fields Limited
299234,1908,NEW RAND SYN DICATE. LTM I TED7,NEW RAND SYN DICATE LTM,New Rand Syn Dicate Ltm,New Rand Syndicate Limited
807371,1916,OCEANA CONSOLIDATED,OCEANA CONSOLIDATED COMPANY LIMITED,Oceana Consolidated Oceana Development Company,Oceana Consolidated Oceana Development Company
878322,1917,"OCEANA CONSOLIDATED COMPANY, LIMITED. Directors Qualification, 1,000 shares . -",OCEANA CONSOLIDATED COMPANY LIMITED,Oceana Consolidated Oceana Development Company,Oceana Consolidated Oceana Development Company
937425,1918,"OCEANA CONSOLIDATED CO., LTD. Directors Qualification, 1,000 shares .",OCEANA CONSOLIDATED LIMITED,Oceana Consolidated Oceana Development Company,Oceana Consolidated Oceana Development Company
978397,1919,"OCEANA CONSOLIDATED 00., LTD. Directors Qualification, 1,000 shares . Sir W. B. Peroeval, K.C.M.G., Chairman. I J. Brailsford. I J.E. H. Lomas. I V. H. Smith. Manager in Johannesburg W. McCallum. Transvaal Oflloes-Oceana Buildings, Simmonds Street, South, Johannesburg. Agent and Ofliees at Beira A. E. Graham, Oceana Buildings. Paris Agent and 0i fices J. F. D. Bowden. 81, Rue St. Lazare.",OCEANA CONSOLIDATED LIMITED,Oceana Consolidated Oceana Development Company,Oceana Consolidated Oceana Development Company
1102184,1922,"OCEANA CONSOLIDATED CO., LTD. , Directors Qualification, 1,000 shares . :Sir W.B. Perceval, K.C.M.G., Chairman. I J. E. H. Lomas. | V. H. Smith. | R. R. Stevens. Agent in Johannesburg W. McCallum.",OCEANA CONSOLIDATED LIMITED,Oceana Consolidated Oceana Development Company,Oceana Consolidated Oceana Development Company
1143463,1923,OCEANA CONSOLIDATED CO-. LTD.,OCEANA CONSOLIDATED LIMITED,Oceana Consolidated Oceana Development Company,Oceana Consolidated Oceana Development Company
534966,1912,OCEANA CONSOLIDATED COMPANYr LIMITED.,OCEANA CONSOLIDATED OCEANA DEVELOPMENT COMPANY,Oceana Consolidated Oceana Development Company,Oceana Consolidated Oceana Development Company
535042,1912,"OCEANA CONSOLIDATED 1910: highest, 18s. 7Jd. j lowest, 12s. Od. ; 1911: highest, 14s. 9d. lowest, 9a. latest price, 9s., 9s. 6d.",OCEANA CONSOLIDATED OCEANA DEVELOPMENT COMPANY,Oceana Consolidated Oceana Development Company,Oceana Consolidated Oceana Development Company
88464,1889,OCEANA TBANSVAAL LAND,OCEANA TBANSVAAL LAND,Oceana Tbansvaal Land,Oceana Transvaal Land
477105,1911,OLDEST-ESTABLISHED AND LEADING,OLDEST ESTABLISHED AND LEADING,Oldest Established And Leading,NA
1035735,1921,coLoRADA IMPACT SCREEN.,OLORADA IMPACT SCREEN AKIN OLASSIFIER,Olorada Impact Screen Akin Olassifier,NA
1035733,1921,coLoRAoo CONVERTIBLE DISCHARGE BALL MILL.,OLORAOO CONVERTIBLE DISCHARGE BALL MILL,Oloraoo Convertible Discharge Ball Mill,NA
411970,1910,"OPTIONS DEVELOPMENT, LIMITED.",OPTIONS DEVELOPMENT LIMITED,Options Development Limited,NA
436799,1910,"M E X I CO ORI EN M1nTNG SYN DICATE. LIMITEDT- Directors Qualification, Ł250 A. IS. Stilwell; E. W. Jansoti ; L. W. Harris ; P. Hurdle. Secretary and Offices J. C. Taylor, 41, Threadneedlo Street, B.C. This oompany was registered September 17th, 1908, to adopt an agreement with",ORI NTNG SYN DICATE LIMITEDT,Ori Ntng Syn Dicate Limitedt,NA
698676,1914,OUR FINANCIAL LIBRARY.it,OUR FINANCIAL LIBRARY,Our Financial Library,NA
775479,1916,OUR FINANCIAL LIBRARY.,OUR FINANCIAL LIBRARY,Our Financial Library,NA
477076,1911,"OUR TERMS FOR THE ABOVE ARE - Mar1k0et,per cent, margin required on Mining Shares, irrespective of and 20 per cent, margin required on Rubber, OH, and Industrials.",OUR TERMS FOR THE ABOVE,Our Terms For The Above,NA
747816,1915,ready Boilers Steam New of number a Always 0N5 OUTpU-r AVERAGE,OUTPU AVERAGE DAY BOILERPERWORKPNG DELIVERY,Outpu Average Day Boilerperworkpng Delivery,NA
698672,1914,"Boilers Steam New of number a Always OUTPUT, AVERAGE ready ONE IMMEDIATE for DELIVERY.",OUTPUT AVERAGE ONE IMMEDIATE DELIVERY,Output Average One Immediate Delivery,NA
701757,1914,PATIA SYN DICATEI Ll M ITED.,PATIA SYN DICATEI ITED,Patia Syn Dicatei Ited,NA
116298,1891,"PENNINGTON, ALFRED",PENNINGTON ALFRED PERTWEE FREDERICK,Pennington Alfred Pertwee Frederick,NA
1120329,1923,"Flea ems: PENNKOP, LON DON",PENNKOP LON DON WOI KOPPEL,Pennkop Lon Don Woi Koppel,NA
545103,1912,Ł1 1 OS. PER ANNUM.,PER ANNUM PUBLISHING OFFICES,Per Annum Publishing Offices,NA
116299,1891,"PERTWEE, FREDERICK",PERTWEE FREDERICK QUABTERMAINE CHARLES,Pertwee Frederick Quabtermaine Charles,NA
441117,1910,"PERUVIAN I PAST sYndIcATE. LIMITED. Offices 64, G. e ham Street, E.G.",PERUVIAN PAST DICATE LIMITED,Peruvian Past Dicate Limited,NA
502926,1911,PfiTERSBTT BO B YJH DICATE .,PFITERSBTT YJH DICATE,Pfitersbtt Yjh Dicate,NA
301079,1908,PKEMIBB TBANSVAAL DIAMOND,PKEMIBB TBANSVAAL DIAMOND,Pkemibb Tbansvaal Diamond,NA
632631,1913,"E. P. EarleJ,. PLr.nidul. I D. Coulson. | D. Murphy. 1 D. Fasken. l A. Heckscher. Genenl llWSWee nyR. . R. 1 .Greens. | R. B. Watson. I W. H. Bronso . Wm son- | Consulting Mechanics1Engineer-O. Butters",PLR LLWSWRE IISFELLLVEOI FOIPAXIES,Plr Llwswre Iisfelllveoi Foipaxies,NA
483675,1911,"POST FREE - 11-12, Clement s Lane, London, E.C.",POST FREE ORENSTEIN KOPPEL,Post Free Per Annum Anywhere,NA
1007570,1920,POST FREE u | . . - Ł110 0 PER ANNUM. 1 ABROAD . Ł2 0 0 Do.,POST FREE PER ANNUM ABROAD,Post Free Per Annum Anywhere,NA
409629,1910,POST FREE 20 - PER ANNUM ANYWHERE.,POST FREE PER ANNUM ANYWHERE,Post Free Per Annum Anywhere,NA
590896,1913,A PRICAN COMPANIES. 237,PRICAN COMPANIES NEW AMBBOBO SYNDICATE,Prican Companies New Ambbobo Syndicate,NA
521907,1912,"PRICE ONE PENNY. 8,,. 8d. Poat Free Abroad .",PRICE ONE PENNY,Price One Penny,NA
545101,1912,PRICE - 6d. POST FREE - 6 d.,PRICE POST FREE,Price Post Free,NA
1078406,1922,"PRINBES END, TIPTUN, STAFFS.",PRINBES END TIPTUN STAFFS TELEGRAMS,Prinbes End Tiptun Staffs Telegrams,NA
979307,1919,PUBLISHED ANNUALLY. ESTABISHED 1910.,PUBLISHED ANNUALLY ESTABISHED,Published Daily Morning And Evening,NA
891131,1917,PUBLISHED ANNUALLY. ESTABLISHED 1910.,PUBLISHED ANNUALLY ESTABLISHED,Published Daily Morning And Evening,NA
411411,1910,"PUBLISHED DAILY, MORNING AND EVENING.",PUBLISHED DAILY MORNING AND EVENING,Published Daily Morning And Evening,NA
545093,1912,PUBLISHED EACH WEDNESDAY.,PUBLISHED EACH WEDNESDAY,Published Daily Morning And Evening,NA
521905,1912,"PUBLISHED EVERY SATURDAY. Annual Subscription, payable in advance,",PUBLISHED EVERY SATURDAY,Published Every Saturday Price Trustworthy,NA
483672,1911,PUBLISHED EVERY SATURDAY. PRICE ONE PENNY.,PUBLISHED EVERY SATURDAY PRICE ONE,Published Every Saturday Price Trustworthy,NA
665137,1914,"PUBLISHED EVERY SATURDAY. PRICE ONE PENNY,",PUBLISHED EVERY SATURDAY PRICE ONE,Published Every Saturday Price Trustworthy,NA
1018781,1920,PUBLISHED EVERY SATURDAY. PRICE rwopsuoz.,PUBLISHED EVERY SATURDAY PRICE TRUSTWORTHY,Published Every Saturday Price Trustworthy,NA
977795,1919,PUBLISHED EVERY SATURDAY. PRICE TWOPENCE.,PUBLISHED EVERY SATURDAY PRICE TWOPENCE,Published Every Saturday Price Trustworthy,NA
977799,1919,PUBLISHED ANNUALLY. Esmsusnrn rem.,PUBLISHED EVERY SATURDAY PRICE TWOPENCE,Published Every Saturday Price Twopence,NA
453155,1911,"PUBLISHED IN HOBART the seat of Government ,",PUBLISHED HOBART ARE THE,Published Every Saturday Price Twopence,NA
453168,1911,PUBLISHED WEEKLY IN HOBART.,PUBLISHED HOBART ARE THE,Published Hobart Mercury Fortnightly Summary,NA
279943,1908,"PUBLISHED IN HOBART the seat of Government ,",PUBLISHED HOBART MERCURY FORTNIGHTLY SUMMARY,Published Hobart Mercury Fortnightly Summary,NA
279954,1908,PUBLISHED WEEKLY IN HOBART.,PUBLISHED HOBART MERCURY FORTNIGHTLY SUMMARY,Published Hobart Mercury Fortnightly Summary,NA
357424,1909,PUBLISHED TWICE DAILY. PRICE ONE PENNY,PUBLISHED TWICE DAILY PRICE ONE,Published Hobart Mercury Fortnightly Summary,NA
891162,1917,Established 1891 PuBLisHED EveRY SATuRoar,PUBLIUHED EVURY SATIRO TRADE SOUTH,Publiuhed Evury Satiro Trade South,NA
1007569,1920,PUBPISHED .EVERY SATURDAY. PRICE SIXPENCE.,PUBPISHED EVERY SATURDAY PRICE SIXPENCE,Pubpished Every Saturday Price Sixpence,NA
612675,1913,"PUMP suppliedm the East. Indian Railway. 200 g.p.m. 535 feet. head. 70 percent. Etficie BOYING 85 00., Limited, WATER POWER mnemmmns,",PUMP BOYING WATER POWER IUNION,Pump Boying Water Power Iunion,NA
594686,1913,"Qfiflnmm, & mum PUMPS OF EVERY DESCRIPTION FOR",PUMPS EVERY DESCRIPTION FOR MINES,Pumps Every Description For Mines,NA
929047,1918,"or TlllFllGllL. PUMPS FOR GOLD DREDGING, TI,N MINING, MINE SINKING,",PUMPS FOR GOLD DREDGING MINING,Pumps For Gold Dredging Mining,NA
116302,1891,"REACHER, JOHN WILLIAM",REACHER JOHN WILLIAM ROSS PATRICK,Reacher John William Ross Patrick,NA
301796,1908,REACHES EVERY CLASS OF INVESTOR AND BUYER.,REACHES EVERY CLASS INVESTOR AND,Reaches Every Class Investor And,NA
358187,1909,REACHES EVERY CLASS OF INVESTOR AND BUYER.,REACHES EVERY CLASS INVESTOR AND,Reaches Every Class Investor And,NA
475239,1911,REACHES EVERY CLASS OF INVESTOR AND BUYER.,REACHES EVERY CLASS INVESTOR AND,Reaches Every Class Investor And,NA
412909,1910,READ f CAPITALIST. SPECIAL ATTENTION DEVOTED TO MINES.,READ CAPITALIST SPECIAL ATTENTION DEVOTED,Read Capitalist Special Attention Devoted,NA
477058,1911,READ ... CAPITALIST.,READ CAPITALIST SPECIAL ATTENTION DEVOTED,Read Capitalist Special Attention Devoted,NA
358710,1909,"READ S DRIFT LAND COMPANY, LImItEdT",READ DRIFT LAND COMPANY LIMITE,Read Drift Land Company Limited,Read Drift Land Company Limited
89351,1889,"READ S DRIFT LAND COMPANY, LIMITED.",READ DRIFT LAND COMPANY LIMITED,Read Drift Land Company Limited,Read Drift Land Company Limited
124039,1891,"READ S DRIFT LAND COMPANY, LIMITED.",READ DRIFT LAND COMPANY LIMITED,Read Drift Land Company Limited,Read Drift Land Company Limited
157081,1893,"READ S DRIFT LAND COMPANY, LIMITED.",READ DRIFT LAND COMPANY LIMITED,Read Drift Land Company Limited,Read Drift Land Company Limited
186628,1894,"READ S DRIFT LAND COMPANY, LIMITED.",READ DRIFT LAND COMPANY LIMITED,Read Drift Land Company Limited,Read Drift Land Company Limited
221204,1895,"READ S DRIFT LAND COMPANY, LIMITED.",READ DRIFT LAND COMPANY LIMITED,Read Drift Land Company Limited,Read Drift Land Company Limited
240745,1895,"READ S DRIFT LAND COMPANY, LIMITED.",READ DRIFT LAND COMPANY LIMITED,Read Drift Land Company Limited,Read Drift Land Company Limited
413568,1910,"READ S DRIFT .LAND COMPANY, LIMITED.",READ DRIFT LAND COMPANY LIMITED,Read Drift Land Company Limited,Read Drift Land Company Limited
536685,1912,"READ S DRIFT LAND COMPANY, LIMITED.",READ DRIFT LAND COMPANY LIMITED,Read Drift Land Company Limited,Read Drift Land Company Limited
596010,1913,"READ S DRIFT LAND COMPANY, LIMITED.",READ DRIFT LAND COMPANY LIMITED,Read Drift Land Company Limited,Read Drift Land Company Limited
666156,1914,READ S DRIFT LAND COMPANY. LIMITED.,READ DRIFT LAND COMPANY LIMITED,Read Drift Land Company Limited,Read Drift Land Company Limited
749278,1915,"READ S DRIFT LAND COMPANY, LIMITED. Directors Qualification, 250 shares .",READ DRIFT LAND COMPANY LIMITED,Read Drift Land Company Limited,Read Drift Land Company Limited
475653,1911,"READ S DRTfT LAND COMPANY, LIMITED.",READ DRTFT LAND COMPANY LIMITED,Read Drtft Land Company Limited,Read Drift Land Company Limited
591151,1913,REPETITIONS HALF-PRICE.,REPETITIONS HALF PRICE,Repetitions Half Price,NA
591153,1913,REPETITIONS HALF-PRICE.,REPETITIONS HALF PRICE,Repetitions Half Price Special Rates,NA
673983,1914,REPETITIONS HALF-PRICE.,REPETITIONS HALF PRICE SPECIAL RATES,Repetitions Half Price Special Rates,NA
673986,1914,REPETITIONS HALF-PRICE.,REPETITIONS HALF PRICE SPECIAL RATES,Repetitions Half Price Special Rates,NA
728137,1915,REPETITIONS HALF-PRICE.,REPETITIONS HALF PRICE SPECIAL RATES,Repetitions Half Price Special Rates,NA
728139,1915,REPETITIONS HALF-PRICE.,REPETITIONS HALF PRICE SPECIAL RATES,Repetitions Half Price Special Rates,NA
968638,1919,"REVIEW OF THE MARKETS. by which investors can,",REVIEW THE MARKETS,Review The Markets,NA
972906,1919,"criticised by an expert. REVIEW OF THE MARKETS. by which investors can,",REVIEW THE MARKETS,Review The Markets,NA
1012642,1920,"REVIEW OF THE MARKETS, by which investors can,",REVIEW THE MARKETS,Review The Markets,NA
1028784,1920,"REVIEW OF THE MARKETS, by which investors can,",REVIEW THE MARKETS,Review The Markets,NA
1076668,1922,"REVIEW OF THE MARKETS, enabling investors to",REVIEW THE MARKETS,Review The Markets,NA
1143548,1923,REVIEW OF THE MARKETS. enabling investors to,REVIEW THE MARKETS,Review The Markets,NA
566592,1912,"ROSS ISLAND M l NING SYN DICATE, LIMITED.",ROSS ISLAND NING SYN DICATE,Ross Island Ning Syn Dicate,NA
538264,1912,SATURDAY S CLOSING PRICES,SATURDAY CLOSING PRICES SOUTH AFRICAN,Saturday Closing Prices South African,NA
498311,1911,SECTIONALISED WATER-TUBE BOILERS.,SECTIONALISED WATER TUBE BOILERS FOR,Sectionalised Water Tube Boilers For,NA
559840,1912,SECTIONALISED WATER-TUBE - BOILERS.,SECTIONALISED WATER TUBE BOILERS FOR,Sectionalised Water Tube Boilers For,NA
502243,1911,SEND SIX STAMPS FOR A SPECIMEN COPY.,SEND SIX STAMPS FOR SPECIMEN,Send Six Stamps For Specimen,NA
882596,1917,SEND SIX STAMPS FOR A SPECIMEN COPY.,SEND SIX STAMPS FOR SPECIMEN,Send Six Stamps For Specimen,NA
536069,1912,H. SHELTON CORBKTT und HECTOR MACKENZIE.,SHELTON CORBKTT HECTOR MACKENZIE WILLI,Shelton Corbktt Hector Mackenzie Willi,NA
654102,1914,"SHOPS, IMPORT and CUSTOMS",SHOPS IMPORT CUSTOMS SHEDS AEROPLANE,Shops Import Customs Sheds Aeroplane,NA
773956,1916,"SHOPS, IMPORT and CUSTOMS",SHOPS IMPORT CUSTOMS SHEDS AEROPLANE,Shops Import Customs Sheds Aeroplane,NA
1104937,1922,SIIBSDRIBED BAPITAI.,SIIBSDRIBED BAPITAI PAID DAPITAI,Siibsdribed Bapitai Paid Dapitai,NA
536065,1912,HO.V. SIR CHA8. W. FREMANTLK. K.l .B,SIR CHA FREMANTLK HON SIR,Sir Cha Fremantlk Hon Sir,NA
811501,1916,"SIR DAvi D M. BARB ou R, K.C.S.I., K.C.M.G.",SIR DAVI BARB CAPE PROVINCE,Sir Davi Barb Cape Province,NA
882900,1917,"SIR DAVID M. BARB ou R, K.C.S.I., K.C.M.G.",SIR DAVID BARB ERT CKINSO,Sir David Barb Ert Ckinso,NA
585181,1913,"SKINNER, ll-lZ, CLEMENTS LANE, E.C.",SKINNER CLEMENTS LANE,Skinner Clements Lane,NA
790886,1916,SNIOI&E III:LNIETS For Gob Fires and short distance work,SNIOI III LNIETS,Snioi Iii Lniets,NA
516205,1912,"The SODTH WALES DAILY NEWS is pre-eminent as an Advertising Medium, and affords an exceptionally wide and effective publicity throughout",SODTH WALES DAILY NEWS,Sodth Wales Daily News,NA
518342,1912,SOLE MAKER,SOLE MAKER STEPHEN HUMBLE,Sole Makers Camel Hair Belting,NA
605346,1913,SOLE MAKER :,SOLE MAKER STEPHEN HUMBLE,Sole Makers Camel Hair Belting,NA
715211,1915,SOLE MAKERS OF,SOLE MAKERS CAM HAIR BELTING,Sole Makers Camel Hair Belting,NA
955021,1919,SOLE MAKERS OF,SOLE MAKERS CAM HAIR BELTING,Sole Makers Camel Hair Belting,NA
649562,1914,SOLE MAKERS OF,SOLE MAKERS CAMEL HAIR BELTING,Sole Makers Camel Hair Belting,NA
498317,1911,SOLE MAKERS,SOLE MAKERS CONRAD KNAP,Sole Makers Conrad Knap,NA
559846,1912,SOLE MAKERS,SOLE MAKERS CONRAD KNAP,Sole Makers Conrad Knap,NA
303850,1908,SOUTH AFKICAN COMPANY,SOUTH AFKICAN COMPANY,South Afkican Company,NA
754818,1915,SOUTH AFRICA.,SOUTH AFRICA OBTAIN BUSINESS,South African Argonauts Limited,South African Argonauts Limited
538265,1912,SOUTH AFRICAN AND,SOUTH AFRICAN AND AMERICAN CABLES,South African Argonauts Limited,South African Argonauts Limited
668517,1914,SOUTH AFRICAN AND GENERAL INVESTMENT AND,SOUTH AFRICAN AND GENERAL INVESTMENT,South African Argonauts Limited,South African Argonauts Limited
90339,1889,SOUTH AFRICAN AND AUSTRALIAN MINING,SOUTH AFRICAN ARGONAUTS LIMITED,South African Argonauts Limited,South African Argonauts Limited
90357,1889,"SOUTH AFRICAN ARGONAUTS, LIMITED.",SOUTH AFRICAN ARGONAUTS LIMITED,South African Argonauts Limited,South African Argonauts Limited
222637,1895,SOUTH TBANSVAAL SYNDICATE,SOUTH TBANSVAAL SYNDICATE,South Tbansvaal Syndicate,South Transvaal Syndicate Limited
242152,1895,SOUTH TBANSVAAL SYNDICATE,SOUTH TBANSVAAL SYNDICATE,South Tbansvaal Syndicate,South Transvaal Syndicate Limited
22520,1887,"SOUTH TRANSVAAL SYNDICATE,",SOUTH TRANSVAAL SYNDICATE,South Transvaal Syndicate Limited,South Transvaal Syndicate Limited
57595,1888,"SOUTH TRANSVAAL SYNDICATE, LIMITED.",SOUTH TRANSVAAL SYNDICATE LIMITED,South Transvaal Syndicate Limited,South Transvaal Syndicate Limited
90769,1889,"SOUTH TRANSVAAL SYNDICATE, LIMITED.",SOUTH TRANSVAAL SYNDICATE LIMITED,South Transvaal Syndicate Limited,South Transvaal Syndicate Limited
125264,1891,"SOUTH TRANSVAAL SYNDICATE, LIMITED.",SOUTH TRANSVAAL SYNDICATE LIMITED,South Transvaal Syndicate Limited,South Transvaal Syndicate Limited
158211,1893,"SOUTH TRANSVAAL SYNDICATE, LIMITED.",SOUTH TRANSVAAL SYNDICATE LIMITED,South Transvaal Syndicate Limited,South Transvaal Syndicate Limited
187574,1894,"SOUTH TRANSVAAL SYNDICATE, LIMITED.",SOUTH TRANSVAAL SYNDICATE LIMITED,South Transvaal Syndicate Limited,South Transvaal Syndicate Limited
222632,1895,"SOUTH TRANSVAAL SYNDICATE, LIMITED.",SOUTH TRANSVAAL SYNDICATE LIMITED,South Transvaal Syndicate Limited,South Transvaal Syndicate Limited
242147,1895,"SOUTH TRANSVAAL SYNDICATE, LIMITED.",SOUTH TRANSVAAL SYNDICATE LIMITED,South Transvaal Syndicate Limited,South Transvaal Syndicate Limited
585175,1913,is advertised in the SOUTH WALES DAILY,SOUTH WALES DAILY NEWS,South Wales Daily News,NA
943377,1918,SOUTH WALES ECHO,SOUTH WALES ECHO,South Wales Daily News,NA
1151118,1923,SPANISH COAL MINING SYND.I LTD.,SPANISH COAL MINING SYNDICATE LIMITED,Spanish Concessions Syn Dicate Limited,NA
506595,1911,"SPANISH CONCESSIONS SYN DICATE, LIMITED.",SPANISH CONCESSIONS SYN DICATE LIMITED,Spanish Concessions Syn Dicate Limited,NA
506598,1911,SPANISH CC R COMPANY7 LIMITED.,SPANISH CONCESSIONS SYN DICATE LIMITED,Spanish Concessions Syn Dicate Limited,NA
328864,1908,"SPANISH CONCESSIONS SYNDICATE, LIMITED.",SPANISH CONCESSIONS SYNDICATE LIMITED,Spanish Concessions Syn Dicate Limited,NA
707479,1914,SPANISH LEAD SYN DICATE. LIMITED.,SPANISH LEAD SYN DICATE LIMITED,Spanish Leadwswyandwcate Limited,SPANISH LEAD SYNDICATE LIMITED
272797,1903,SPANISH LEAD SYNDICATE. LIMITED.,SPANISH LEAD SYNDICATE LIMITED,Spanish Leadwswyandwcate Limited,SPANISH LEAD SYNDICATE LIMITED
328900,1908,"SPANISH LEAD SYNDICATE, LIMITED.",SPANISH LEAD SYNDICATE LIMITED,Spanish Leadwswyandwcate Limited,SPANISH LEAD SYNDICATE LIMITED
445027,1910,SPANISH LEAD SYNDICATE. LIMITED.,SPANISH LEAD SYNDICATE LIMITED,Spanish Leadwswyandwcate Limited,SPANISH LEAD SYNDICATE LIMITED
506618,1911,SPANISH LEAD SYNDICATE. LIMITED.,SPANISH LEAD SYNDICATE LIMITED,Spanish Leadwswyandwcate Limited,SPANISH LEAD SYNDICATE LIMITED
641242,1913,"SPANISH LEADWSwYANDlCATE, LIMITED. Directors H. L. Usborne; Col. H. Hsrns.",SPANISH LEADWSWYANDWCATE LIMITED,Spanish Leadwswyandwcate Limited,SPANISH LEAD SYNDICATE LIMITED
477059,1911,SPECIAL ATTENTION DEVOTED TO MINES.,SPECIAL ATTENTION DEVOTED MINES PUBLISHED,Special Attention Devoted Mines Published,NA
569194,1912,SPECIAL ATTENTION DEVOTED TO MINES.,SPECIAL ATTENTION DEVOTED MINES PUBLISHED,Special Attention Devoted Mines Published,NA
567798,1912,SPECIAL BBPOBTS.,SPECIAL BBPOBTS SOUTH AFRICAN,Special Bbpobts South African,NA
754814,1915,"Br-naggfgalgmfisr for Engineers and Collieries SPECIAL CRANK CHANNEL STEELS for RUBBER TYRES. HORSE and MULE SHOES of every DESCRIPTION. LONDON OFFICE: 110, Cannon Street, E.C. Telegrams : OBVERSELY, LONDON.",SPECIAL CRANK CHANNEL STEELS RUBBER,Special Crank Channel Steels Rubber,NA
735048,1915,A SPECIALITY VERY HIGHLY RECOMMENDED.,SPECIALITY VERY HIGHLY RECOMMENDED CURTIS,Speciality Very Highly Recommended Curtis,NA
958599,1919,"SPECIALLY SUITABLE FOR MINES. DUVAL S ,METALLl0 forjfall classes of Engines and the Highest",SPECIALLY SUITABLE FOR MINES DUVAL,Specially Suitable For Mines Duval,NA
301176,1908,SPECIMEN COPY FREE.,SPECIMEN COPY FREE,Specimen Copy Receipt Postcard,NA
338512,1909,SPECIMEN COPY ON RECEIPT OF POSTCARD.,SPECIMEN COPY RECEIPT POSTCARD,Specimen Copy Receipt Postcard,NA
441314,1910,SPECIMEN COPY ON RECEIPT OF POSTCARD.,SPECIMEN COPY RECEIPT POSTCARD,Specimen Copy Receipt Postcard,NA
941097,1918,SPECIMEN COPY ON RECEIPT OF POSTCARD.,SPECIMEN COPY RECEIPT POSTCARD,Specimen Copy Receipt Postcard,NA
863732,1917,SPECIMIEN COPY ON RECEIPT OF POSTCARD.,SPECIMIEN COPY RECEIPT POSTCARD,Specimien Copy Receipt Postcard,NA
715213,1915,SPI IINBTER GRIP ARMOURED HOSE Reglste red Trade Name,SPI IINBTER GRIP ARMOURED HOSE,Spi Iinbter Grip Armoured Hose,NA
649565,1914,SPI IINGTER GRIP ARMOURED HOSE Registered Trade Name,SPI IINGTER GRIP ARMOURED HOSE,Spi Iingter Grip Armoured Hose,NA
1065974,1921,EE SPJE SENGUSH ASSAY,SPJE SENGUSH ASSAY,Spje Sengush Assay,NA
955023,1919,SPlllllGTEll amp ARMOURED lmsi,SPLL LLGTELL ARMOURED HERCULES BRAND,Spll Llgtell Armoured Hercules Brand,NA
339863,1909,STAH OF THE BAST OOLD.,STAH THE BAST OOLD,Stah The Bast Oold,NA
444204,1910,"T le:pnnw STAMPING, LEEDS. Telephone 4069, LKBD3.",STAMPING LEEDS LKBD SIEKBA MOBENA,Stamping Leeds Lkbd Siekba Mobena,NA
1033564,1921,"STEAM, GAS, AND OIL ENGINES",STEAM GAS AND OIL ENGINES,Steam Gas And Oil Engines,NA
1075207,1922,"STEAM. GAS, 8",STEAM GAS OIL ENGINES,Steam Gas Oil Engines,NA
1117219,1923,"STEAM. GAS, 8",STEAM GAS OIL ENGINES,Steam Gas Oil Engines,NA
890614,1917,"STEAM PIPE lusmumons,",STEAM PIPE GAS AND WATER,Steam Pipe Installations High Pressure,NA
945593,1918,"STEAM PIPE Insmunnous,",STEAM PIPE GAS AND WATER,Steam Pipe Installations High Pressure,NA
1024567,1920,"STEAM PIPE lusmmlons,",STEAM PIPE GAS AND WATER,Steam Pipe Installations High Pressure,NA
1065959,1921,"STEAM PIPE lusml mols,",STEAM PIPE GAS AND WATER,Steam Pipe Installations High Pressure,NA
752644,1915,"STEAM PIPE INSTALLATIMIS,",STEAM PIPE INSTALLATIMIS HIGH PRESSURE,Steam Pipe Installations High Pressure,NA
818910,1916,"STEAM PIPE INSTALLATIONS,",STEAM PIPE INSTALLATIONS HIGH PRESSURE,Steam Pipe Installations High Pressure,NA
710233,1914,"I STEAM PIPE INSTALLATIONS, I",STEAM PIPE INSTALLATIONS OIL LINE,Steam Pipe Installations High Pressure,NA
840545,1917,STEAM PUMPS GYROMETERS,STEAM PUMPS GYROMETERS BOILIIEIRFHMIS RECORDERS,Steam Pumps Gyrometers Boiliieirfhmis Recorders,NA
840549,1917,STEAM TRAPS PRESSggtEGES,STEAM TRAPS PRESSGGTEGES CAST IRON,Steam Traps Pressggteges Cast Iron,NA
1008043,1920,STEEL AND IRON,STEEL AND IRON ROOFS BUILDING,Steel And Iron Roofs Buildings,NA
969622,1919,STEEL AND IRON,STEEL AND IRON ROOFS BUILDINGS,Steel And Iron Roofs Buildings,NA
1050093,1921,STEEL AND IRON,STEEL AND IRON ROOFS BUILDINGS,Steel And Iron Roofs Buildings,NA
969621,1919,STEEL FRAME BIIIIDIIIE IIUVEIIED WITII IIALVAIIIIED IIIIRIIIIIIATED IIIIIII.,STEEL FRAME BIIIIDIIIE IIUVEIIED WITII,Steel Frame Biiiidiiie Iiuveiied Witii,NA
1050092,1921,STEEL FRAME BUILDING COVERED WITH GALVANIZED CORRUGATED IRIIII.,STEEL FRAME BUILDING COVERED WITH,Steel Frame Building Iidvered Iii,NA
1133676,1923,STEEL FRAME BUILDING liflVERED WITH GALVANIlED CORRUGATED IRON.,STEEL FRAME BUILDING FLVERED WITH,Steel Frame Building Iidvered Iii,NA
1008040,1920,STEEL FRAME BUILDING IIDVERED WI III GAlVAIIIlED GURRIIGAIED IIIUII.,STEEL FRAME BUILDING IIDVERED III,Steel Frame Building Iidvered Iii,NA
1133677,1923,STEEL AN D IRON,STEEL IRON ROOFS BUILDINGS,Steel Iron Roofs Buildings,NA
637514,1913,mom & STEEL PIPES,STEEL PIPES COMPRESSED AIR,Steel Pipes Compressed Air And,NA
710230,1914,STEEL PIPES,STEEL PIPES COMPRESSED AIR,Steel Pipes Compressed Air And,NA
818908,1916,STEEL PIPES,STEEL PIPES COMPRESSED AIR AND,Steel Pipes Compressed Air And,NA
1045132,1921,"cannon STEEL WORKS, SHEFFIELD",STEEL WORKS SHEFFIELD OVER YEARS,Steel Works Sheffield Over Years,NA
605331,1913,STEPHEN HUMBL S,STEPHEN HUMBL PATENT IMPROVED,Stephen Humble Westminster Stephumble London,NA
457620,1911,STEPHEN HUMBLE S,STEPHEN HUMBLE SAFETY DETACHING HOOK,Stephen Humble Westminster Stephumble London,NA
518345,1912,"Telegraphic Address: STEPHEN HUMBLE, WESTMINSTER.",STEPHEN HUMBLE WESTMINSTER STEPHUMBLE LONDON,Stephen Humble Westminster Stephumble London,NA
674578,1914,STEPHEN HUMBLES,STEPHEN HUMBLES PATENT IMPROVED HOOK,Stephen Humble Westminster Stephumble London,NA
674595,1914,STEPHEN HUMBLE S patent HOOK still holds the,STEPHEN HUMBLES PATENT IMPROVED HOOK,Stephen Humbles Patent Improved Hook,NA
654100,1914,"STRUCTURES,COTTON GINNERIES,",STRUCTURES COTTON GINNERIES PIT HEAD,Structures Cottonginneries Pit Head Buildings,NA
773954,1916,"STRUCTURES, COTTONGINNERIES,",STRUCTURES COTTONGINNERIES PIT HEAD BUILDINGS,Structures Cottonginneries Pit Head Buildings,NA
1020892,1920,"SUBSCRIBED CAPITAI. Ł6 250,0IIU",SUBSCRIBED CAPITAI IIU PAIII LIP,Subscribed Capitai Iiu Paiii Lip,NA
980742,1919,"SUBSCRIBED GAPITAL - Ł6,194,000",SUBSCRIBED GAPITAL PAID APLTAL,Subscribed Capitai Iiu Paiii Lip,NA
358188,1909,"SUBSCRIPTION PBICE, Ł1 P.A. Post free .",SUBSCRIPTION PBICE HEAD OFFICE LONDON,Subscriptions Are Payable Advange Single,NA
475240,1911,"SUBSCRIPTION PBICE, Ł1 P.A. Post free .",SUBSCRIPTION PBICE LONDON COLIMAN STREET,Subscriptions Are Payable Advanui Single,NA
417203,1910,SUBSCRIPTION 23s. PER QUARTER.,SUBSCRIPTION PER QUARTER,Subscriptions Are Payable Advanui Single,NA
539471,1912,SUBSCRIPTION 23s. PER QUARTER.,SUBSCRIPTION PER QUARTER,Subscriptions Are Payable Advanui Single,NA
338514,1909,SUBSCRIPTION POST PAID : 6s. 6d. PER ANNUM.,SUBSCRIPTION POST PAID PER ANNUM,Subscriptions Are Payable Advanui Single,NA
441316,1910,SUBSCRIPTION POST PAID : 6s. 6d. PER ANNUM.,SUBSCRIPTION POST PAID PER ANNUM,Subscriptions Are Payable Advanui Single,NA
863734,1917,SUBSCRIPTION POST PAID : 6s. 6d. PER ANNUM.,SUBSCRIPTION POST PAID PER ANNUM,Subscriptions Are Payable Advanui Single,NA
941099,1918,SUBSCRIPTION POST PAID : 65. 6d . PER ANNUM.,SUBSCRIPTION POST PAID PER ANNUM,Subscriptions Are Payable Advanui Single,NA
301797,1908,"SUBSCRIPTION PRICE, Ł1 P.A. Post free .",SUBSCRIPTION PRICE HEAD OFFICE LONDON,Subscriptions Are Payable Advanui Single,NA
413203,1910,"SUBSCRIPTION PRICE, Ł1 P.A. Post free .",SUBSCRIPTION PRICE LONDON COLEMAN STREET,Subscriptions Are Payable Advanui Single,NA
882577,1917,SUBSCRIPTIONS ARE PAYABLE IN ADVANGE.,SUBSCRIPTIONS ARE PAYABLE ADVANGE SINGLE,Subscriptions Are Payable Advanui Single,NA
810970,1916,SUBSCRIPTIONS ARE PAYABLE IN ADVANUI .,SUBSCRIPTIONS ARE PAYABLE ADVANUI SINGLE,Subscriptions Are Payable Advanui Single,NA
645739,1913,"SWEEPINGS, RESIDUES, SLAGS,",SWEEPINGS RESIDUES SLAGS BLACK SAND,Sweepings Residues Slags Black Sand,NA
831205,1917,"A. K. SYN DICATE, LIMITED.",SYN DICATE LIMITED,Syn Dicate Limited,A K Syndicate Limited
841645,1917,"C. M. P. SYN DICATE, LIMITED,",SYN DICATE LIMITED,Syn Dicate Limited,CMP Syndicate Limited
841652,1917,"Buildings, E.C. C. O. SYN DICATE, LIMITED,",SYN DICATE LIMITED,Syn Dicate Limited,ECCO Syndicate Limited
541042,1912,"common; fee, 2s. 6d. tARqu ZReFfs3 TTeTX",TARQU ZRQFU TTQTX,Tarqu Zrqfu Ttqtx,NA
1152862,1923,TBANSVAAL AND BHODESIAN ESTATES- oontinued.,TBANSVAAL AND BHODESIAN ESTATES,Tbansvaal Belle Syndicate,Transvaal and Rhodesian Estates
305586,1908,TBANSVAAL AND DELAGOA BAY,TBANSVAAL AND DELAGOA BAY,Tbansvaal Belle Syndicate,Transvaal and Delagoa Bay Investment
1111616,1922,TBANSVAAL AND DELAGOA BAY INVESTMENT,TBANSVAAL AND DELAGOA BAY INVESTMENT,Tbansvaal Belle Syndicate,Transvaal and Delagoa Bay Investment
948870,1918,TBANSVAAL on. BELLE SYNDICATE,TBANSVAAL BELLE SYNDICATE,Tbansvaal Belle Syndicate,Transvaal Belle Syndicate
1152986,1923,TBANSVAAL COAL AND OIL BHALE CORPN.,TBANSVAAL COAL AND OIL BHALE,Tbansvaal Belle Syndicate,TBANSVAAL COAL AND OIL SHALE CORPN.
1110981,1922,"TEH l DY MINERALS, - LTD. Directors Qualification, 500 shares .",TEH MINERALS LIMITED,Teh Minerals Limited,NA
966763,1919,"TEL. ADDRESS: 0ANNON,8H FFlELD. LONDON OFFIOE: 80,BlSHOPSGATE.E.G.2.",TEL ADDRESS ANNON FFLELD LONDON,Tel Address Dannon Oneffield London,NA
917117,1918,"TEL. ADDRESS; CANNON, SHEFFIELD. LONDON orncz: 80, BISHOPSGATE. ILCfZ",TEL ADDRESS CANNON SHEFFIELD LONDON,Tel Address Dannon Oneffield London,NA
728114,1915,"TEL. ADDRESS: DANNON, ONEFFIELD. LONDON OFFIOE: BO, BISHOPSGATE.",TEL ADDRESS DANNON ONEFFIELD LONDON,Tel Address Dannon Oneffield London,NA
1078407,1922,"TELEGRAMS ALLENS, TIPTON.",TELEGRAMS ALLENS TIPTON TELEPHONE TIPTON,Telegrams Allens Tipton Telephone Tipton,NA
940532,1918,TELEGRAPHIC REMITTANCES made,TELEGRAPHIC REMITTANCES LETTERS CREDIT DRAFTS,Telegraphic Remittances Letters Credit Drafts,NA
962333,1919,"TERMINAL STATION, BUENOS AIRES.",TERMINAL STATION BUENOS AIRES CONS,Terminal Station Buenos Aires Cons,NA
605398,1913,TERMS AND FULL PARTIC ULARS 0N APPLIOA TION,TERMS AND FULL PARTIC ULARS,Terms And Full Partic Ulars,NA
931296,1918,TERMS OF SUBSCRIPTION.,TERMS SUBSCRIPTION FINANCIAL TIMES POST,Terms Subscription Financial Times Post,NA
1144023,1923,TERMS OF SUBSCRIPTION.,TERMS SUBSCRIPTION FINANCIAL TIMES POST,Terms Subscription Financial Times Post,NA
605405,1913,"information respecting Dividends, Calls, Mining Results, New Issues, &o., die. THE ABOVE PUBLICATIONS POST FREE.",THE ABOVE PUBLICATIONS POST FREE,The Above Publications Post Free,NA
940535,1918,"Portuguese East Africa, South Weat Africa. THE BANK ISSUES",THE BANK ISSUES RCULAR LETTERS,The Bank Issues Rcular Letters,NA
297151,1908,The Demand for THE DAILY KEPORT,THE DAILY KEPORT,The Daily Keport,NA
304909,1908,"The authorised capital is Ł500,000, in shares of Ł1 ; 55,000 shares are guaranteed at Ł2 each for working capital. Operations not yet commenced. ft THE EDITIONS",THE EDITIONS DAILY BLOEMFONTEIN POST,The Editions Daily Bloemfontein Post,NA
720633,1915,The importance and value of THE FINANCIAL TIMEs as a,THE FINANCIAL TIMES,The Financial Times,NA
931303,1918,"Bank, and made payable to THE FINANCIAL TIMES, Limited, 72, Coleman",THE FINANCIAL TIMES,The Financial Times,NA
1144029,1923,"Westminster, and made payable to THE FINANCIAL TIMES, Limited, 7:,",THE FINANCIAL TIMES,The Financial Times,NA
1094701,1922,ON THE LIST OF ARMY CONTRACTORS. The Coal and Ore -,THE LIST ARMY CONTRACTORS,The List Army Contractors,NA
230620,1895,"Wills, A., is a director of the La Yesea Gold and Silver Mines, Limited Wills, George, 119, Holland Road, AV., is chairman of the - La Yesca Gold and Silver Mines, Limited. Wills, William Arthur, 4, Bishopsgate Street Within, E.C., is chairman of the Rand-Rhodesia Exploring Company, Limited. Wilson, Sir Alexander, 2, Dartmouth Grove, Blackbeath, S.E., is a director of the East Indian Coal Company, Limited. Wilson, Colonel Alexander, Bannockburn House, Bannockburn, is a director of Merry and Cuninghame, Limited. Slide and Spur Gold Mines, Limited. Wilson, Arthur P., A.M.I.C.E., of A. P. Wilson and Co., mining engineers, 11, Queen Victoria Street, E.G., is a director of the - Mount Zeehan Tasmania Silver- Lead Mines, Limited. Zeehan Montana Mine, Limited. Wilson, C. J., is a director of the Mexican Rosario Company, Limited. Wilson, George, C.E., M.E.,Ua London director of the Nyassa Company. THE MIXIXG MAXl AL. 781 Wilson, Henry, 225, Elgin Avenue, Maida Vale, W., is a director of the Drake walls Minimr Company, Limited. Hauraki Gold Mining Company, Limited. Kapanga Gold Mining Company, Limited. Minnh Consolidated Mining Company, Limited. Newfoundland Colonisation and Mining Company, Limited. Wilson, Hubert M., of H, C. Wilson and Co., brewers, Newton Heath, Manchester, is a",THE MIXIXG MAXL,The Mixixg Maxl,NA
931254,1918,. THE ROPE MAKERS l,THE ROPE MAKERS,The Rope Makers,NA
738933,1915,THIS PUMP IS GON,THIS PUMP GON OEDED MINE,This Pump Gon Oeded Mine,NA
76890,1889,THK CADIA PROPERTIES. The cast and west drives on the great iron lode running through,THK CADIA PROPERTIES,Thk Cadia Properties,NA
76676,1889,THK MIXIXG MANCAL. 325,THK MIXIXG MANCAL SAN JACINTO,Thk Mixixg Mancal San Jacinto,NA
76852,1889,Si s THK XIKIXG MANCAL.,THK XIKIXG MANCAL SCOTTISH AUSTRALIAN,Thk Xikixg Mancal Scottish Australian,NA
434260,1910,THL MODERN,THL MODERN ELASTIC SYSTEM,Thl Modern Elastic System,NA
605390,1913,THREE MONTHS FORWARD DELIVERY.,THREE MONTHS FORWARD DELIVERY PROMPT,Three Months Forward Delivery Prompt,NA
297147,1908,THROUGHOUT THE KINGDOM. Its,THROUGHOUT THE KINGDOM,Throughout The Kingdom,NA
291659,1908,THROUGHOUT THE TRANSVAAL.,THROUGHOUT THE TRANSVAAL,Throughout The Transvaal,NA
1004080,1920,"TIL. AIIIIIIBSI: OANNON, SNEFFIIIiO. LONOON OFFIOE: 80, BISHOPSGATE, 15.0.2.",TIL AIIIIIIBSI OANNON SNEFFIIIIO LONOON,Til Aiiiiiibsi Oannon Sneffiiiio Lonoon,NA
645765,1913,TILEPHONE HOLIORN see,TILEPHONE HOLIORN IIISCILLAXEIII III,Tilephone Holiorn Iiiscillaxeiii Iii,NA
291653,1908,TMNSYMr LEADER.,TMNSYMR LEADER OLDEST ESTABLISHED AND,Tmnsymr Leader Oldest Established And,NA
1152934,1923,"TRANSVAAI. CHAMBER OF MINES. President H. O. Buckle. Vice-Presidents Sir E. A. Wailers, K.B.E.; P. M. Anderson. Executive Committee for 1922-23.",TRANSVAAI CHAMBER MINES,Transvaai Chamber Mines,NA
273881,1903,TROND SYN DICATE. LIMITED.,TROND SYN DICATE LIMITED,Trond Syn Dicate Limited,NA
674642,1914,TRREE MONTHS FORWARD DELIVER,TRREE MONTHS FORWARD DELIVER PROMPT,Trree Months Forward Deliver Prompt,NA
569612,1912,ittSCELlAXtiOUS COMPANIES.,TTSCELLAXLTOUS COMPANIES THAMES SILICA COMPANY,Ttscellaxltous Companies Thames Silica Company,NA
962331,1919,"TVWWVI-IAMILTON IRONWORKS,",TWWVI IAMILTON IRONWORKS GARSTON LIVERPOOL,Twwvi Iamilton Ironworks Garston Liverpool,NA
633660,1913,UNCILLANEOFR I IJIPA HES. 843,UNCILLANEOFR IJIPA HES,Uncillaneofr Ijipa Hes,NA
446590,1910,UNION S Y N DICATE OF LONDON AND MEXICO. LTD.,UNION DICATE LONDON AND MEXICOMPANY,Union Dicate London And Mexicompany,NA
126835,1891,VIBGINIA TBANSVAAL GOLD,VIBGINIA TBANSVAAL GOLD,Vibginia Tbansvaal Gold,NA
757959,1915,"VICTORIA FALLS AND TRANSVAAL POWER CO., LTD.",VICTORIA FALLS AND TBANSVAAL POWER,Victoria Falls And Tbansvaal Power,Victoria Falls and Transvaal Power Limited
1154643,1923,VICTORIA FALLS AND TRANSVAAL POWER,VICTORIA FALLS AND TRANSVAAL POWER,Victoria Fallsand Ansvaal Power Limited,Victoria Falls and Transvaal Power Limited
602725,1913,VICTORIA FALLS ANDIRANSVAAL POWER coTLfbI Trustees fEFirsVt DebentuTre-Holdors.,VICTORIA FALLS ANDIRANSVAAL POWER COTLFBI,Victoria Fallsand Ansvaal Power Limited,Victoria Falls and Transvaal Power Limited
306719,1908,"VICTORIA FALLS POWER COMPANY, LIMITED.",VICTORIA FALLS POWER COMPANY LIMITED,Victoria Fallsand Ansvaal Power Limited,Victoria Falls and Transvaal Power Limited
363194,1909,"VICTORIA FALLS POWER COMPANY, LIMITED.",VICTORIA FALLS POWER COMPANY LIMITED,Victoria Fallsand Ansvaal Power Limited,Victoria Falls and Transvaal Power Limited
481521,1911,"VICTORIA FALLSAND tl ANSVAAL POWER CO., LTD7",VICTORIA FALLSAND ANSVAAL POWER LIMITED,Victoria Fallsand Ansvaal Power Limited,Victoria Falls and Transvaal Power Limited
481571,1911,VICTORIA. the FALLS AND TRANSVAAL POWER. ordinary shares in the surplus profits distributed in any year until they,VICTORIA FALLSAND ANSVAAL POWER LIMITED,Victoria Fallsand Ansvaal Power Limited,Victoria Falls and Transvaal Power Limited
250084,1903,WASSAU AND AVSl-bshljl l. LIMITED.,WASSAU AND DIKQOVE DICATE LIMITED,Wassau And Dikqove Dicate Limited,Wassau and Ashanti Syndicate Limited
250110,1903,WASSAU AND ASHANTI,WASSAU AND DIKQOVE DICATE LIMITED,Wassau And Dikqove Dicate Limited,Wassau and Ashanti Syndicate Limited
250117,1903,"WASSAU AND DIKQOVE SY N DICATE, LIMITED.",WASSAU AND DIKQOVE DICATE LIMITED,Wassau And Dikqove Dicate Limited,Wassau and Ashanti Syndicate Limited
231043,1895,A WEEKLY JOURNAL FOR ALL INTERESTED IN,WEEKLY JOURNAL FOR ALL INTERESTED,Weekly Journal For All Interested,NA
1098861,1922,WGIGHBRIDGC-J MAKc-ms,WGIGHBRIDGC MAKC HCEHRY POOL BONE,Wgighbridgc Makc Hcehry Pool Bone,NA
1140952,1923,WGIGHBRIDGG MAKE-IRS,WGIGHBRIDGG MAKE IRS HENRY POOL,Wgighbridgc Makc Hcehry Pool Bone,NA
1140951,1923,WGIGHIHGH MRGI iIHG,WGIGHIHGH MRGI IIHG WGIGHBRIDGG MAKE,Wgighihgh Mrgi Iihg Wgighbridgg Make,NA
1028760,1920,Ca italist WITH WHICH 15 INCORPORATED -,WITH WHICH INCORPORATED,With Which Incorporated,NA
1114374,1922,g YOU CANNOT REACH THE,YOU CANNOT REACH THE INVESTOR,You Cannot Reach The Investor,NA
