loc,lat,lon,country,n,d
Abbeville,50.1058,1.8358,France,2,1
Abbeville,29.9751,-92.1265,United States,2,1
Aberdeen,57.15,-2.11,United Kingdom,2,1
Aberdeen,45.4649,-98.4686,United States,2,1
Acton,51.5135,-0.2707,United Kingdom,2,1
Acton,42.4843,-71.4378,United States,2,1
Ada,45.8,20.1333,Serbia,2,1
Ada,34.7662,-96.6681,United States,2,1
Adra,36.7478,-3.0161,Spain,2,NA
Adra,23.5,86.67,India,2,NA
Aguilar,15.8899,120.2379,Philippines,2,NA
Aguilar,37.5167,-4.65,Spain,2,NA
Aguilares,-27.4333,-65.6167,Argentina,2,NA
Aguilares,13.95,-89.1833,El Salvador,2,NA
Ain Beida,35.7964,7.3928,Algeria,2,NA
Ain Beida,31.585,-8.608,Morocco,2,NA
Airdrie,55.86,-3.98,United Kingdom,2,NA
Airdrie,51.2917,-114.0144,Canada,2,NA
Akora,33.9925,72.145,Pakistan,2,NA
Akora,26.4721,78.7989,India,2,NA
Aksay,47.25,39.8667,Russia,2,NA
Aksay,51.1678,52.995,Kazakhstan,2,NA
Al `Aziziyah,32.5308,13.0211,Libya,2,NA
Al `Aziziyah,32.9083,45.0667,Iraq,2,NA
Al Bayda',32.7664,21.7417,Libya,2,NA
Al Bayda',13.979,45.574,Yemen,2,NA
Al Hillah,23.4895,46.7564,Saudi Arabia,2,NA
Al Hillah,32.4833,44.4333,Iraq,2,NA
Al Karak,31.1833,35.7,Jordan,2,NA
Al Karak,32.6872,36.3508,Syria,2,NA
Al Malikiyah,26.1008,50.4878,Bahrain,2,NA
Al Malikiyah,37.1667,42.1333,Syria,2,NA
Al Mansurah,31.05,31.3833,Egypt,2,NA
Al Mansurah,12.8531,44.9722,Yemen,2,NA
Alamo,20.9167,-97.675,Mexico,2,1
Alamo,26.181,-98.1177,United States,2,1
Albany,42.6664,-73.7987,United States,2,1
Albany,-35.0228,117.8814,Australia,2,1
Albertville,34.2633,-86.2108,United States,2,1
Albertville,45.6758,6.3925,France,2,1
Alcala,15.8468,120.5218,Philippines,2,NA
Alcala,4.6667,-75.75,Colombia,2,NA
Alcantara,-2.4089,-44.415,Brazil,2,NA
Alcantara,12.2584,122.0543,Philippines,2,NA
Alcobaca,39.5528,-8.9778,Portugal,2,NA
Alcobaca,-17.5189,-39.1958,Brazil,2,NA
Alcoy,38.6983,-0.4736,Spain,2,NA
Alcoy,9.7082,123.506,Philippines,2,NA
Alegria,9.7243,123.3402,Philippines,2,NA
Alegria,13.5,-88.4833,El Salvador,2,NA
Alenquer,-1.9419,-54.7378,Brazil,2,NA
Alenquer,39.05,-9.0167,Portugal,2,NA
Alexandria,31.1975,29.8925,Egypt,4,1
Alexandria,38.8185,-77.0861,United States,4,1
Alexandria,43.9686,25.3333,Romania,4,1
Alexandria,-6.4128,-38.0158,Brazil,4,1
Algarrobo,10.1,-74.2667,Colombia,2,NA
Algarrobo,-33.3911,-71.6928,Chile,2,NA
Algeciras,36.1275,-5.4539,Spain,2,NA
Algeciras,2.5333,-75.3167,Colombia,2,NA
Aliaga,38.8008,26.9728,Turkey,2,NA
Aliaga,15.5036,120.845,Philippines,2,NA
Allen,33.1088,-96.6735,United States,3,1
Allen,12.5013,124.282,Philippines,3,1
Allen,-38.9667,-67.8333,Argentina,3,1
Alma,48.55,-71.65,Canada,2,1
Alma,43.3799,-84.6556,United States,2,1
Almagro,11.9108,124.2852,Philippines,2,NA
Almagro,38.8878,-3.7122,Spain,2,NA
Almeirim,-1.5228,-52.5819,Brazil,2,NA
Almeirim,39.2,-8.6167,Portugal,2,NA
Almeria,36.8403,-2.4681,Spain,2,NA
Almeria,11.6206,124.3794,Philippines,2,NA
Alta,59.25,18.1833,Sweden,2,NA
Alta,69.9689,23.2716,Norway,2,NA
Altamira,-3.2028,-52.2058,Brazil,3,NA
Altamira,22.3375,-97.8694,Mexico,3,NA
Altamira,19.6667,-70.8333,Dominican Republic,3,NA
Altay,47.8666,88.1166,China,2,NA
Altay,46.3728,96.2572,Mongolia,2,NA
Altdorf,46.8667,8.6333,Switzerland,2,NA
Altdorf,48.5667,12.1167,Germany,2,NA
Alton,38.9037,-90.152,United States,2,1
Alton,51.1498,-0.9769,United Kingdom,2,1
Altos,-5.0389,-42.4608,Brazil,2,NA
Altos,-25.2333,-57.25,Paraguay,2,NA
Alvarado,18.7811,-95.7572,Mexico,2,NA
Alvarado,4.5667,-74.95,Colombia,2,NA
Amarante,41.2667,-8.0667,Portugal,2,NA
Amarante,-6.2408,-42.855,Brazil,2,NA
Ambato,-1.2417,-78.6197,Ecuador,2,NA
Ambato,-18.6,47.5,Madagascar,2,NA
Amelia,42.55,12.4167,Italy,2,1
Amelia,39.0269,-84.2218,United States,2,1
Amersfoort,52.15,5.3833,Netherlands,2,NA
Amersfoort,-27.0078,29.8711,South Africa,2,NA
Ames,42.0256,-93.6217,United States,2,1
Ames,42.9,-8.6333,Spain,2,1
Amesbury,51.173,-1.78,United Kingdom,2,1
Amesbury,42.853,-70.9446,United States,2,1
Amherst,43.0117,-78.757,United States,2,1
Amherst,45.8167,-64.2167,Canada,2,1
Amsterdam,52.3728,4.8936,Netherlands,2,1
Amsterdam,42.942,-74.1906,United States,2,1
Anadia,40.4333,-8.4333,Portugal,2,NA
Anadia,-9.6844,-36.3042,Brazil,2,NA
Anda,46.4078,125.3252,China,2,NA
Anda,16.2896,119.9491,Philippines,2,NA
Andover,51.208,-1.48,United Kingdom,2,1
Andover,42.6466,-71.1651,United States,2,1
Anori,-3.7728,-61.6442,Brazil,2,NA
Anori,7.0736,-75.1458,Colombia,2,NA
Antequera,37.0183,-4.5597,Spain,2,NA
Antequera,9.7812,123.8975,Philippines,2,NA
Antrim,54.7173,-6.2055,United Kingdom,2,1
Antrim,39.7862,-77.7221,United States,2,1
Apia,-13.8333,-171.75,Samoa,2,NA
Apia,5.1,-75.95,Colombia,2,NA
Appleton,44.278,-88.3892,United States,2,1
Appleton,53.3508,-2.5441,United Kingdom,2,1
Arad,46.175,21.3125,Romania,2,NA
Arad,31.25,35.2167,Israel,2,NA
Aral,40.548,81.281,China,2,NA
Aral,46.7833,61.6667,Kazakhstan,2,NA
Ararat,39.8303,44.7025,Armenia,2,NA
Ararat,-37.2833,142.9167,Australia,2,NA
Armavir,45,41.1167,Russia,2,NA
Armavir,40.15,44.04,Armenia,2,NA
Armenia,4.53,-75.68,Colombia,2,NA
Armenia,13.75,-89.5,El Salvador,2,NA
Arnold,53.005,-1.127,United Kingdom,2,1
Arnold,39.0437,-76.4974,United States,2,1
Arona,28.0996,-16.6809,Spain,2,NA
Arona,45.7569,8.56,Italy,2,NA
Arouca,40.9338,-8.2449,Portugal,2,NA
Arouca,10.6333,-61.3333,Trinidad and Tobago,2,NA
Arroyito,-31.4167,-63.05,Argentina,2,NA
Arroyito,-23.1733,-56.7747,Paraguay,2,NA
Arta,11.5236,42.8472,Djibouti,2,NA
Arta,39.165,20.9875,Greece,2,NA
As,59.6603,10.7836,Norway,2,NA
As,50.2239,12.195,Czechia,2,NA
Asadabad,34.8742,71.1528,Afghanistan,2,NA
Asadabad,34.7825,48.1186,Iran,2,NA
Asaka,35.7972,139.5939,Japan,2,NA
Asaka,40.6333,72.2333,Uzbekistan,2,NA
Ascension,31.0928,-107.9964,Mexico,2,NA
Ascension,-15.6996,-63.08,Bolivia,2,NA
Ashton,53.4897,-2.0952,United Kingdom,2,NA
Ashton,-44.0333,171.7667,New Zealand,2,NA
Astorga,-23.2328,-51.6658,Brazil,2,NA
Astorga,42.4589,-6.0633,Spain,2,NA
Athens,37.9842,23.7281,Greece,2,1
Athens,33.9508,-83.3689,United States,2,1
Atherton,53.523,-2.495,United Kingdom,2,NA
Atherton,-17.2658,145.478,Australia,2,NA
Augusta,33.3645,-82.0708,United States,2,1
Augusta,37.25,15.2167,Italy,2,1
Aurora,39.7083,-104.7237,United States,4,1
Aurora,13.35,122.5167,Philippines,4,1
Aurora,44,-79.4667,Canada,4,1
Aurora,-6.9428,-38.9678,Brazil,4,1
Aveiro,40.6333,-8.65,Portugal,2,NA
Aveiro,-3.6058,-55.3319,Brazil,2,NA
Avon,48.4089,2.725,France,2,1
Avon,41.4485,-82.0187,United States,2,1
Ayacucho,-13.1631,-74.2244,Peru,2,NA
Ayacucho,-37.1333,-58.4667,Argentina,2,NA
Ayas,40.0172,32.3483,Turkey,2,NA
Ayas,24.2508,87.7784,India,2,NA
Ayr,55.458,-4.629,United Kingdom,2,NA
Ayr,-19.5744,147.4066,Australia,2,NA
Baden,48.0075,16.2344,Austria,2,NA
Baden,47.4667,8.3,Switzerland,2,NA
Bago,17.3333,96.4833,Myanmar,2,NA
Bago,10.5388,122.8384,Philippines,2,NA
Baiao,-2.7908,-49.6719,Brazil,2,NA
Baiao,41.1667,-8.0333,Portugal,2,NA
Banga,6.3,124.7833,Philippines,3,NA
Banga,31.1887,75.9949,India,3,NA
Banga,-8.7333,15.1667,Angola,3,NA
Bangar,4.7086,115.0739,Brunei,2,NA
Bangar,16.9,120.4167,Philippines,2,NA
Bangor,54.66,-5.67,United Kingdom,2,1
Bangor,44.8323,-68.7906,United States,2,1
Bangui,4.3733,18.5628,Central African Republic,2,NA
Bangui,18.5378,120.7653,Philippines,2,NA
Bani,18.29,-70.33,Dominican Republic,2,NA
Bani,16.1869,119.8592,Philippines,2,NA
Banqiao,25.0143,121.4672,Taiwan,2,NA
Banqiao,35.8912,107.9655,China,2,NA
Baoshan,25.1211,99.169,China,2,NA
Baoshan,24.7428,120.9991,Taiwan,2,NA
Bar,42.1,19.1,Montenegro,2,NA
Bar,49.0781,27.6831,Ukraine,2,NA
Barah,25.3885,85.4912,India,2,NA
Barah,35.683,36.533,Syria,2,NA
Barbacoas,1.6717,-78.1397,Colombia,2,NA
Barbacoas,9.4833,-66.9761,Venezuela,2,NA
Barberton,41.0095,-81.6037,United States,2,1
Barberton,-25.7861,31.0531,South Africa,2,1
Barcelona,41.3825,2.1769,Spain,3,NA
Barcelona,10.1333,-64.6833,Venezuela,3,NA
Barcelona,12.8694,124.1419,Philippines,3,NA
Barcelos,41.5167,-8.6167,Portugal,2,NA
Barcelos,-0.975,-62.9239,Brazil,2,NA
Bari,41.1253,16.8667,Italy,2,NA
Bari,25.8769,86.1918,India,2,NA
Batalha,-4.0239,-42.0778,Brazil,2,NA
Batalha,39.65,-8.8,Portugal,2,NA
Batan,11.5853,122.4981,Philippines,3,NA
Batan,10.1041,-83.3529,Costa Rica,3,NA
Batan,-38.0078,-57.7097,Argentina,3,NA
Bath,51.38,-2.36,United Kingdom,2,1
Bath,42.3219,-77.3083,United States,2,1
Bathurst,-33.42,149.5778,Australia,2,NA
Bathurst,47.62,-65.65,Canada,2,NA
Bayeux,-7.1333,-34.9333,Brazil,2,NA
Bayeux,49.2786,-0.7039,France,2,NA
Bayonne,40.6668,-74.1158,United States,2,1
Bayonne,43.49,-1.48,France,2,1
Beaconsfield,45.4333,-73.8667,Canada,2,NA
Beaconsfield,51.6009,-0.6347,United Kingdom,2,NA
Beaumont,30.0849,-94.1451,United States,4,1
Beaumont,45.7517,3.0831,France,4,1
Beaumont,53.3572,-113.4147,Canada,4,1
Beaumont,18.4833,-73.9667,Haiti,4,1
Bedford,52.135,-0.47,United Kingdom,2,1
Bedford,32.8464,-97.135,United States,2,1
Beja,36.7333,9.1833,Tunisia,2,NA
Beja,38.0333,-7.8833,Portugal,2,NA
Bel Air,-20.2582,57.7545,Mauritius,2,1
Bel Air,39.5348,-76.346,United States,2,1
Belas,-8.9983,13.265,Angola,2,NA
Belas,38.7754,-9.2716,Portugal,2,NA
Belen,36.4889,36.1944,Turkey,4,NA
Belen,11.5028,-85.8889,Nicaragua,4,NA
Belen,-27.65,-67.0333,Argentina,4,NA
Belen,-23.466,-57.262,Paraguay,4,NA
Belgrade,44.82,20.46,Serbia,2,1
Belgrade,45.7789,-111.1736,United States,2,1
Bella Vista,-34.5333,-58.6667,Argentina,4,1
Bella Vista,36.4667,-94.2707,United States,4,1
Bella Vista,15.6167,-92.2333,Mexico,4,1
Bella Vista,-22.1167,-56.5167,Paraguay,4,1
Bellavista,-7.0668,-76.5847,Peru,3,NA
Bellavista,-34.9333,-71.3167,Chile,3,NA
Bellavista,6.5236,-76.9744,Colombia,3,NA
Belleville,40.795,-74.1617,United States,2,1
Belleville,44.1667,-77.3833,Canada,2,1
Bellevue,47.5951,-122.1535,United States,2,1
Bellevue,48.871,2.385,France,2,1
Beloeil,45.5667,-73.2,Canada,2,NA
Beloeil,50.5333,3.7167,Belgium,2,NA
Benavente,38.9667,-8.8,Portugal,2,NA
Benavente,42.0031,-5.6742,Spain,2,NA
Benito Juarez,20.8833,-98.2,Mexico,2,NA
Benito Juarez,-37.6667,-59.7833,Argentina,2,NA
Bergen,60.3894,5.33,Norway,3,NA
Bergen,52.6667,4.7167,Netherlands,3,NA
Bergen,54.4167,13.4333,Germany,3,NA
Berlin,52.52,13.405,Germany,3,1
Berlin,41.6114,-72.7758,United States,3,1
Berlin,13.5,-88.5333,El Salvador,3,1
Betania,-8.2767,-38.0339,Brazil,2,NA
Betania,5.75,-75.9667,Colombia,2,NA
Betanzos,43.2792,-8.2106,Spain,2,NA
Betanzos,-19.5533,-65.4536,Bolivia,2,NA
Bethlehem,40.6266,-75.3679,United States,3,1
Bethlehem,31.7031,35.1956,West Bank,3,1
Bethlehem,-28.224,28.311,South Africa,3,1
Bharatpur,27.6833,84.4333,Nepal,2,NA
Bharatpur,27.22,77.48,India,2,NA
Bina,40.4539,50.0764,Azerbaijan,2,NA
Bina,26.0792,86.6326,India,2,NA
Birmingham,52.48,-1.9025,United Kingdom,2,1
Birmingham,33.5279,-86.7971,United States,2,1
Bo,7.9564,-11.74,Sierra Leone,2,NA
Bo,20.6736,105.5311,Vietnam,2,NA
Bocholt,51.8333,6.6167,Germany,2,NA
Bocholt,51.1722,5.5794,Belgium,2,NA
Bogo,10.7361,14.6108,Cameroon,2,NA
Bogo,11.0167,124,Philippines,2,NA
Bogota,4.7111,-74.0722,Colombia,2,1
Bogota,40.8751,-74.0293,United States,2,1
Bolivar,1.9708,-76.9694,Colombia,2,1
Bolivar,37.6059,-93.4175,United States,2,1
Bor,6.2125,31.5608,South Sudan,4,NA
Bor,44.1303,22.1036,Serbia,4,NA
Bor,56.35,44.0833,Russia,4,NA
Bor,37.8833,34.5667,Turkey,4,NA
Borger,35.6598,-101.4012,United States,2,1
Borger,52.9236,6.7922,Netherlands,2,1
Borna,51.1167,12.5,Germany,2,NA
Borna,25.4373,86.6172,India,2,NA
Borne,25.5431,86.6999,India,2,NA
Borne,52.3,6.75,Netherlands,2,NA
Boston,42.3188,-71.0852,United States,3,1
Boston,52.974,-0.0214,United Kingdom,3,1
Boston,7.8697,126.3761,Philippines,3,1
Bourne,52.7684,-0.3775,United Kingdom,2,1
Bourne,41.7233,-70.5816,United States,2,1
Boyarka,70.767,97.5,Russia,2,NA
Boyarka,50.3292,30.2886,Ukraine,2,NA
Braganca,-1.0628,-46.7728,Brazil,2,NA
Braganca,41.8067,-6.7589,Portugal,2,NA
Braintree,51.878,0.55,United Kingdom,2,1
Braintree,42.2039,-71.0022,United States,2,1
Brandon,27.9367,-82.3,United States,3,1
Brandon,49.8483,-99.95,Canada,3,1
Brandon,52.4474,0.6242,United Kingdom,3,1
Brentwood,40.7839,-73.2522,United States,2,1
Brentwood,51.62,0.305,United Kingdom,2,1
Brest,52.1347,23.6569,Belarus,2,NA
Brest,48.39,-4.49,France,2,NA
Bridgetown,13.0975,-59.6167,Barbados,2,1
Bridgetown,39.1552,-84.6359,United States,2,1
Bridgewater,40.5934,-74.6076,United States,2,1
Bridgewater,44.37,-64.52,Canada,2,1
Brighton,50.8208,-0.1375,United Kingdom,3,1
Brighton,39.9716,-104.7963,United States,3,1
Brighton,44.1222,-77.7642,Canada,3,1
Bristol,51.4536,-2.5975,United Kingdom,2,1
Bristol,36.5572,-82.2154,United States,2,1
Brockton,42.0821,-71.0242,United States,2,1
Brockton,44.1667,-81.2167,Canada,2,1
Bruges,51.2089,3.2242,Belgium,2,NA
Bruges,44.8828,-0.6125,France,2,NA
Buckingham,51.995,-0.986,United Kingdom,2,1
Buckingham,40.3188,-75.058,United States,2,1
Buenavista,8.9744,125.409,Philippines,2,NA
Buenavista,8.2233,-75.4817,Colombia,2,NA
Buenos Aires,-34.5997,-58.3819,Argentina,4,NA
Buenos Aires,2.9167,-76.6667,Colombia,4,NA
Buenos Aires,9.1985,-83.2816,Costa Rica,4,NA
Buenos Aires,-7.7258,-35.3269,Brazil,4,NA
Burgdorf,52.45,10.0083,Germany,2,NA
Burgdorf,47.05,7.6167,Switzerland,2,NA
Burgos,42.3408,-3.6997,Spain,2,NA
Burgos,17.0667,121.7,Philippines,2,NA
Burlington,43.3167,-79.8,Canada,2,1
Burlington,36.076,-79.4685,United States,2,1
Busia,0.4669,34.09,Uganda,2,NA
Busia,0.4633,34.1053,Kenya,2,NA
Caceres,39.4833,-6.3667,Spain,3,NA
Caceres,-16.0711,-57.6789,Brazil,3,NA
Caceres,7.6667,-75.3333,Colombia,3,NA
Cadiz,10.95,123.3,Philippines,2,NA
Cadiz,36.535,-6.2975,Spain,2,NA
Caimito,22.9575,-82.5964,Cuba,2,NA
Caimito,8.8333,-75.1667,Colombia,2,NA
Cairo,30.0444,31.2358,Egypt,2,1
Cairo,30.879,-84.205,United States,2,1
Cajamarca,-7.1667,-78.5167,Peru,2,NA
Cajamarca,4.4167,-75.5,Colombia,2,NA
Calarasi,44.2,27.3333,Romania,2,NA
Calarasi,47.25,28.3,Moldova,2,NA
Calatrava,10.6,123.4833,Philippines,2,NA
Calatrava,1.1164,9.4186,Equatorial Guinea,2,NA
Caldas,6.09,-75.638,Colombia,2,NA
Caldas,-21.9239,-46.3858,Brazil,2,NA
Caledon,43.8667,-79.8667,Canada,2,NA
Caledon,-34.23,19.4283,South Africa,2,NA
Camargo,27.667,-105.167,Mexico,2,NA
Camargo,-20.6403,-65.2103,Bolivia,2,NA
Camas,37.402,-6.0332,Spain,3,1
Camas,45.6005,-122.4304,United States,3,1
Camas,40.9131,37.5169,Turkey,3,1
Cambridge,43.3972,-80.3114,Canada,4,1
Cambridge,52.2053,0.1192,United Kingdom,4,1
Cambridge,42.3759,-71.1185,United States,4,1
Cambridge,-37.8833,175.4667,New Zealand,4,1
Campamento,14.55,-86.65,Honduras,2,NA
Campamento,6.9789,-75.2964,Colombia,2,NA
Campo Largo,-25.4589,-49.5278,Brazil,2,NA
Campo Largo,-26.8,-60.8333,Argentina,2,NA
Candelaria,13.9311,121.4233,Philippines,8,NA
Candelaria,18.1835,-91.0463,Mexico,8,NA
Candelaria,3.4,-76.3833,Colombia,8,NA
Candelaria,-29.6689,-52.7889,Brazil,8,NA
Candelaria,28.3547,-16.371,Spain,8,NA
Candelaria,22.7439,-82.9581,Cuba,8,NA
Candelaria,18.4042,-66.2175,Puerto Rico,8,NA
Candelaria,13.75,-88.95,El Salvador,8,NA
Canoas,-29.92,-51.18,Brazil,2,NA
Canoas,8.5333,-82.8333,Costa Rica,2,NA
Cantanhede,40.3462,-8.5941,Portugal,2,NA
Cantanhede,-3.6328,-44.3769,Brazil,2,NA
Cardenas,22.0103,-99.6522,Mexico,2,NA
Cardenas,23.0428,-81.2036,Cuba,2,NA
Carlisle,54.891,-2.944,United Kingdom,2,1
Carlisle,40.2,-77.2034,United States,2,1
Carmen,18.4167,-91.6333,Mexico,2,NA
Carmen,7.2,124.7833,Philippines,2,NA
Carmona,14.3167,121.05,Philippines,2,NA
Carmona,37.4667,-5.6333,Spain,2,NA
Carnarvon,-30.9667,22.1333,South Africa,2,NA
Carnarvon,-24.8672,113.6611,Australia,2,NA
Cartagena,10.4,-75.5,Colombia,3,NA
Cartagena,37.6,-0.9819,Spain,3,NA
Cartagena,-33.5425,-71.5958,Chile,3,NA
Cartago,4.7,-75.9167,Colombia,2,NA
Cartago,9.8667,-83.9167,Costa Rica,2,NA
Carthage,36.8528,10.3233,Tunisia,2,1
Carthage,37.1503,-94.3225,United States,2,1
Casablanca,33.5333,-7.5833,Morocco,2,NA
Casablanca,-33.3167,-71.4167,Chile,2,NA
Castro,-24.7908,-50.0119,Brazil,2,NA
Castro,-42.4667,-73.8,Chile,2,NA
Cavaillon,18.3,-73.65,Haiti,2,NA
Cavaillon,43.8375,5.0381,France,2,NA
Central,30.5593,-91.0369,United States,2,1
Central,-11.1542,-42.0814,Brazil,2,1
Ceres,37.5952,-120.962,United States,3,1
Ceres,-15.3078,-49.5978,Brazil,3,1
Ceres,-29.8667,-61.95,Argentina,3,1
Cerritos,33.8678,-118.0686,United States,2,1
Cerritos,22.4275,-100.2783,Mexico,2,1
Cerro Azul,21.2,-97.7331,Mexico,2,NA
Cerro Azul,-24.8239,-49.2608,Brazil,2,NA
Chalco,19.2647,-98.8975,Mexico,2,1
Chalco,41.1817,-96.1353,United States,2,1
Chambly,45.4311,-73.2873,Canada,2,NA
Chambly,49.1667,2.2481,France,2,NA
Changzhi,36.1953,113.097,China,2,NA
Changzhi,22.6833,120.5333,Taiwan,2,NA
Chantilly,38.8868,-77.4453,United States,2,1
Chantilly,49.1869,2.4608,France,2,1
Chaozhou,23.67,116.63,China,2,NA
Chaozhou,22.55,120.5333,Taiwan,2,NA
Chaparral,3.75,-75.5833,Colombia,2,1
Chaparral,32.0442,-106.406,United States,2,1
Chatham,42.4229,-82.1324,Canada,3,1
Chatham,51.37,0.52,United Kingdom,3,1
Chatham,39.6733,-89.6934,United States,3,1
Chaves,41.7406,-7.4714,Portugal,2,NA
Chaves,-0.16,-49.9878,Brazil,2,NA
Chelmsford,51.73,0.48,United Kingdom,2,1
Chelmsford,42.6,-71.3631,United States,2,1
Cheltenham,51.9,-2.0667,United Kingdom,2,1
Cheltenham,40.0781,-75.1382,United States,2,1
Cheran,19.6833,-101.95,Mexico,2,NA
Cheran,25.361,85.5421,India,2,NA
Chester,53.19,-2.89,United Kingdom,3,1
Chester,39.8456,-75.3718,United States,3,1
Chester,44.65,-64.3,Canada,3,1
Chesterfield,38.6589,-90.5803,United States,2,1
Chesterfield,53.2358,-1.4275,United Kingdom,2,1
Chino,33.9836,-117.6654,United States,2,1
Chino,35.9955,138.1588,Japan,2,1
Chita,52.0333,113.5,Russia,3,NA
Chita,35,136.8667,Japan,3,NA
Chita,6.1667,-72.4167,Colombia,3,NA
Christchurch,-43.531,172.6365,New Zealand,2,NA
Christchurch,50.73,-1.78,United Kingdom,2,NA
Chuy,-33.6964,-53.46,Uruguay,2,NA
Chuy,42.81,75.28,Kyrgyzstan,2,NA
Ciudad Bolivar,8.1219,-63.55,Venezuela,2,NA
Ciudad Bolivar,5.85,-76.0333,Colombia,2,NA
Clayton,53.782,-1.8135,United Kingdom,2,1
Clayton,38.6444,-90.3303,United States,2,1
Clermont,28.5325,-81.7208,United States,2,1
Clermont,49.3789,2.4125,France,2,1
Clifton,40.863,-74.1575,United States,2,1
Clifton,52.904,-1.177,United Kingdom,2,1
Coatepeque,14.7,-91.8667,Guatemala,2,NA
Coatepeque,13.9167,-89.5,El Salvador,2,NA
Cochrane,51.189,-114.467,Canada,2,NA
Cochrane,-47.2547,-72.575,Chile,2,NA
Colchester,51.8917,0.903,United Kingdom,2,1
Colchester,44.5545,-73.2168,United States,2,1
Colina,-33.2017,-70.6703,Chile,2,NA
Colina,-20.7136,-48.5411,Brazil,2,NA
Colombo,6.9344,79.8428,Sri Lanka,2,NA
Colombo,-25.2919,-49.2239,Brazil,2,NA
Colon,9.3572,-79.8986,Panama,6,NA
Colon,13.7167,-89.3667,El Salvador,6,NA
Colon,22.7225,-80.9067,Cuba,6,NA
Colon,8.0378,-72.2519,Venezuela,6,NA
Colon,-33.8833,-61.1,Argentina,6,NA
Colon,9.9096,-84.262,Costa Rica,6,NA
Colonia,9.5167,138.1333,Federated States of Micronesia,2,1
Colonia,40.5926,-74.3148,United States,2,1
Comalapa,15.6602,-92.1411,Mexico,2,NA
Comalapa,12.2842,-85.5106,Nicaragua,2,NA
Comapa,14.1114,-89.7497,Guatemala,2,NA
Comapa,19.1667,-96.8666,Mexico,2,NA
Compostela,7.6667,126.0833,Philippines,2,NA
Compostela,21.2389,-104.9,Mexico,2,NA
Concepcion,-36.8282,-73.0514,Chile,5,NA
Concepcion,15.3249,120.6554,Philippines,5,NA
Concepcion,-23.4,-57.43,Paraguay,5,NA
Concepcion,-27.3333,-65.5833,Argentina,5,NA
Concepcion,-11.9185,-75.3129,Peru,5,NA
Concordia,-31.4,-58.0333,Argentina,3,NA
Concordia,-27.2339,-52.0278,Brazil,3,NA
Concordia,6.049,-75.909,Colombia,3,NA
Cordoba,-31.4167,-64.1833,Argentina,4,NA
Cordoba,37.8845,-4.7796,Spain,4,NA
Cordoba,18.8942,-96.9347,Mexico,4,NA
Cordoba,0.855,-77.5211,Colombia,4,NA
Corinto,3.1739,-76.2594,Colombia,4,NA
Corinto,-18.3808,-44.4558,Brazil,4,NA
Corinto,12.4819,-87.1742,Nicaragua,4,NA
Corinto,13.8167,-87.9667,El Salvador,4,NA
Cornwall,45.0275,-74.74,Canada,2,1
Cornwall,41.4195,-74.054,United States,2,1
Corozal,18.4,-88.4,Belize,3,NA
Corozal,9.3333,-75.25,Colombia,3,NA
Corozal,18.341,-66.3124,Puerto Rico,3,NA
Cortes,9.7167,123.8833,Philippines,2,NA
Cortes,-8.47,-35.5436,Brazil,2,NA
Costesti,46.8678,28.7689,Moldova,2,NA
Costesti,44.6697,24.88,Romania,2,NA
Coventry,52.4081,-1.5106,United Kingdom,2,1
Coventry,41.6934,-71.6611,United States,2,1
Croydon,51.3727,-0.1099,United Kingdom,2,1
Croydon,40.0911,-74.8975,United States,2,1
Cuenca,-2.8974,-79.0045,Ecuador,3,NA
Cuenca,40.0667,-2.15,Spain,3,NA
Cuenca,13.9167,121.05,Philippines,3,NA
Dacun,34.7201,109.0549,China,2,NA
Dacun,23.9911,120.5394,Taiwan,2,NA
Dala,-11.0342,20.2036,Angola,2,NA
Dala,30.7773,75.2494,India,2,NA
Dali,25.6808,100.3003,China,2,NA
Dali,35.0211,33.42,Cyprus,2,NA
Damascus,33.5131,36.2919,Syria,2,1
Damascus,39.2701,-77.1957,United States,2,1
Damme,52.5208,8.1986,Germany,2,NA
Damme,51.25,3.2833,Belgium,2,NA
Dara,15.35,-15.6,Senegal,2,NA
Dara,26.1546,86.4483,India,2,NA
Darien,41.7448,-87.9822,United States,2,1
Darien,3.9167,-76.6667,Colombia,2,1
Dehqonobod,37.6333,69.45,Tajikistan,2,NA
Dehqonobod,40.5314,69.0342,Uzbekistan,2,NA
Delhi,28.61,77.23,India,2,1
Delhi,37.4306,-120.7759,United States,2,1
Delta,49.0847,-123.0586,Canada,2,1
Delta,38.756,-108.0772,United States,2,1
Denton,33.2175,-97.1418,United States,2,1
Denton,53.4554,-2.1122,United Kingdom,2,1
Derby,52.9217,-1.4767,United Kingdom,2,1
Derby,39.84,-104.9172,United States,2,1
Derry,54.9917,-7.3417,United Kingdom,2,1
Derry,42.8888,-71.2804,United States,2,1
Deurne,51.2247,4.4625,Belgium,2,NA
Deurne,51.4667,5.8,Netherlands,2,NA
Dhaka,23.7639,90.3889,Bangladesh,2,NA
Dhaka,26.72,85.33,India,2,NA
Dieppe,46.0989,-64.7242,Canada,2,NA
Dieppe,49.92,1.08,France,2,NA
Dimitrovgrad,54.1833,49.5833,Russia,3,NA
Dimitrovgrad,43.0167,22.7833,Serbia,3,NA
Dimitrovgrad,42.05,25.6,Bulgaria,3,NA
Dingle,53.3774,-2.9613,United Kingdom,2,NA
Dingle,11.05,122.6667,Philippines,2,NA
Dolores,-33.5333,-58.2167,Uruguay,4,NA
Dolores,12.0378,125.4828,Philippines,4,NA
Dolores,16.5142,-89.4158,Guatemala,4,NA
Dolores,-36.3167,-57.6667,Argentina,4,NA
Don Bosco,14.4817,121.0258,Philippines,2,NA
Don Bosco,-34.7,-58.2833,Argentina,2,NA
Dondo,-19.6167,34.75,Mozambique,2,NA
Dondo,-9.6942,14.4228,Angola,2,NA
Donetsk,48.0028,37.8053,Ukraine,2,NA
Donetsk,48.3333,39.9333,Russia,2,NA
Dongshan,24.6319,121.7539,Taiwan,2,NA
Dongshan,22.0635,112.8322,China,2,NA
Douglas,54.145,-4.482,Isle Of Man,3,1
Douglas,51.8764,-8.4358,Ireland,3,1
Douglas,31.3602,-109.5394,United States,3,1
Dover,39.161,-75.5202,United States,2,1
Dover,51.1295,1.3089,United Kingdom,2,1
Dublin,53.35,-6.2603,Ireland,2,1
Dublin,37.7161,-121.8963,United States,2,1
Dudley,52.508,-2.089,United Kingdom,2,1
Dudley,42.055,-71.9352,United States,2,1
Dumont,40.9452,-73.9923,United States,2,1
Dumont,-21.2364,-47.9733,Brazil,2,1
Duncan,48.7787,-123.7079,Canada,2,1
Duncan,34.5408,-97.9215,United States,2,1
Dundee,56.462,-2.9707,United Kingdom,2,NA
Dundee,-28.1725,30.2314,South Africa,2,NA
Dunedin,-45.8742,170.5036,New Zealand,2,1
Dunedin,28.0329,-82.7862,United States,2,1
Durango,24.025,-104.6675,Mexico,3,1
Durango,43.1689,-2.63,Spain,3,1
Durango,37.2659,-107.8781,United States,3,1
Durham,35.9792,-78.9022,United States,2,1
Durham,54.7761,-1.5733,United Kingdom,2,1
Ede,7.7389,4.4361,Nigeria,2,NA
Ede,52.05,5.6667,Netherlands,2,NA
Edmonton,53.5344,-113.4903,Canada,2,NA
Edmonton,51.6154,-0.0708,United Kingdom,2,NA
El Bosque,-33.5667,-70.675,Chile,2,NA
El Bosque,17.0333,-92.75,Mexico,2,NA
El Carmen,13.7167,-88.9,El Salvador,2,NA
El Carmen,8.5128,-73.4508,Colombia,2,NA
El Cerrito,37.9196,-122.3025,United States,2,1
El Cerrito,3.6667,-76.1667,Colombia,2,1
El Dorado,24.3228,-107.363,Mexico,3,1
El Dorado,33.2184,-92.664,United States,3,1
El Dorado,6.7167,-61.6167,Venezuela,3,1
El Monte,34.0739,-118.0291,United States,2,1
El Monte,-33.6833,-71.0167,Chile,2,1
El Palmar,14.65,-91.5833,Guatemala,2,NA
El Palmar,8.0244,-61.8819,Venezuela,2,NA
El Paraiso,15.0167,-88.9833,Honduras,2,NA
El Paraiso,14.0833,-89.0833,El Salvador,2,NA
El Paso,31.8476,-106.43,United States,2,1
El Paso,9.6622,-73.7519,Colombia,2,1
El Progreso,15.4,-87.8,Honduras,2,NA
El Progreso,14.35,-89.85,Guatemala,2,NA
El Rosario,22.9922,-105.8572,Mexico,2,NA
El Rosario,13.5,-89.0333,El Salvador,2,NA
Eldorado,-26.4,-54.6333,Argentina,2,NA
Eldorado,-24.52,-48.1081,Brazil,2,NA
Elgin,42.0383,-88.324,United States,2,1
Elgin,57.65,-3.315,United Kingdom,2,1
Emmen,52.7833,6.9,Netherlands,2,NA
Emmen,47.0833,8.3,Switzerland,2,NA
Enfield,51.6522,-0.0808,United Kingdom,2,1
Enfield,41.9839,-72.5548,United States,2,1
Ennis,52.8463,-8.9807,Ireland,2,1
Ennis,32.3254,-96.6347,United States,2,1
Ensenada,31.8578,-116.6058,Mexico,2,NA
Ensenada,-34.8644,-57.9103,Argentina,2,NA
Entre Rios,-11.9419,-38.0839,Brazil,2,NA
Entre Rios,-21.5264,-64.1733,Bolivia,2,NA
Epe,6.5573,3.9912,Nigeria,2,NA
Epe,52.35,5.9833,Netherlands,2,NA
Escuintla,14.2978,-90.7869,Guatemala,2,NA
Escuintla,15.3193,-92.6586,Mexico,2,NA
Esmeraldas,0.9667,-79.6528,Ecuador,2,NA
Esmeraldas,-19.7628,-44.3139,Brazil,2,NA
Esperanza,27.58,-109.9298,Mexico,5,NA
Esperanza,6.7167,124.5167,Philippines,5,NA
Esperanza,19.58,-70.99,Dominican Republic,5,NA
Esperanza,-31.4167,-60.9333,Argentina,5,NA
Esperanza,22.4472,-80.0966,Cuba,5,NA
Esquipulas,14.6167,-89.2,Guatemala,2,NA
Esquipulas,12.6639,-85.7881,Nicaragua,2,NA
Essen,51.4508,7.0131,Germany,2,NA
Essen,51.4667,4.4667,Belgium,2,NA
Essex,39.3021,-76.4449,United States,2,1
Essex,42.0833,-82.9,Canada,2,1
Estancia,-11.2678,-37.4378,Brazil,2,NA
Estancia,11.45,123.15,Philippines,2,NA
Evesham,39.8605,-74.8947,United States,2,1
Evesham,52.092,-1.947,United Kingdom,2,1
Exeter,50.7256,-3.5269,United Kingdom,2,1
Exeter,40.3139,-75.834,United States,2,1
Exmouth,50.62,-3.413,United Kingdom,2,NA
Exmouth,-21.9331,114.1281,Australia,2,NA
Falmouth,50.15,-5.07,United Kingdom,3,1
Falmouth,18.49,-77.661,Jamaica,3,1
Falmouth,41.5913,-70.5912,United States,3,1
Fatima,-10.6,-38.2169,Brazil,2,NA
Fatima,39.6255,-8.6659,Portugal,2,NA
Fenton,52.9977,-2.1578,United Kingdom,2,1
Fenton,42.7994,-83.7144,United States,2,1
Filadelfia,-22.34,-60.03,Paraguay,3,NA
Filadelfia,-10.7408,-40.1328,Brazil,3,NA
Filadelfia,5.3,-75.6,Colombia,3,NA
Flint,43.0236,-83.6921,United States,2,1
Flint,53.2482,-3.1358,United Kingdom,2,1
Florence,43.7714,11.2542,Italy,2,1
Florence,34.178,-79.7898,United States,2,1
Florencia,1.6139,-75.6128,Colombia,3,NA
Florencia,22.1475,-78.9669,Cuba,3,NA
Florencia,10.3665,-84.4814,Costa Rica,3,NA
Flores,16.9333,-89.8833,Guatemala,2,NA
Flores,-7.8658,-37.975,Brazil,2,NA
Floresti,47.8933,28.3014,Moldova,2,NA
Floresti,46.7475,23.4908,Romania,2,NA
Florida,-34.5167,-58.5,Argentina,6,NA
Florida,-34.1,-56.2167,Uruguay,6,NA
Florida,21.5294,-78.2228,Cuba,6,NA
Florida,18.3643,-66.5611,Puerto Rico,6,NA
Florida,3.3275,-76.2386,Colombia,6,NA
Florida,-36.8167,-72.6667,Chile,6,NA
Floridablanca,7.2167,-73.0667,Colombia,2,NA
Floridablanca,14.9333,120.5,Philippines,2,NA
Foca,38.6667,26.7667,Turkey,2,NA
Foca,43.5,18.7833,Bosnia and Herzegovina,2,NA
Fontana,34.0968,-117.4599,United States,2,1
Fontana,36.0364,14.2422,Malta,2,1
Forest,50.8131,4.3247,Belgium,2,1
Forest,37.3728,-79.2831,United States,2,1
Formosa,-26.1833,-58.1833,Argentina,2,NA
Formosa,-15.5369,-47.3339,Brazil,2,NA
Fortuna,10.4483,-84.6421,Costa Rica,4,1
Fortuna,-5.7328,-44.1578,Brazil,4,1
Fortuna,40.5862,-124.1419,United States,4,1
Fortuna,38.1789,-1.1233,Spain,4,1
Frankfort,38.1924,-84.8643,United States,2,1
Frankfort,-27.2833,28.5167,South Africa,2,1
Fredonia,5.9167,-75.6667,Colombia,2,1
Fredonia,42.4407,-79.3319,United States,2,1
Freeport,40.6515,-73.585,United States,2,1
Freeport,10.45,-61.4167,Trinidad and Tobago,2,1
Freetown,8.4844,-13.2344,Sierra Leone,2,1
Freetown,41.7714,-71.0157,United States,2,1
Fresno,36.783,-119.7939,United States,2,1
Fresno,5.1556,-75.0403,Colombia,2,1
Frontera,26.926,-101.449,Mexico,2,NA
Frontera,-31.4278,-62.0619,Argentina,2,NA
Fundao,40.1333,-7.5,Portugal,2,NA
Fundao,-19.9328,-40.4069,Brazil,2,NA
Fyzabad,26.773,82.146,India,2,NA
Fyzabad,10.1833,-61.55,Trinidad and Tobago,2,NA
Gallipoli,40.4139,26.6703,Turkey,2,NA
Gallipoli,40.0556,17.9917,Italy,2,NA
Gaya,24.75,85.01,India,2,NA
Gaya,11.8878,3.4467,Niger,2,NA
Geneva,46.2017,6.1469,Switzerland,2,1
Geneva,41.8833,-88.3242,United States,2,1
George Town,19.2866,-81.3744,Cayman Islands,2,NA
George Town,5.4144,100.3292,Malaysia,2,NA
Georgetown,6.8058,-58.1508,Guyana,4,1
Georgetown,-7.9286,-14.4119,"Saint Helena, Ascension, and Tristan da Cunha",4,1
Georgetown,30.666,-97.6966,United States,4,1
Georgetown,-18.3,143.55,Australia,4,1
Getafe,40.3047,-3.7311,Spain,2,NA
Getafe,10.15,124.15,Philippines,2,NA
Gisborne,-38.6625,178.0178,New Zealand,2,NA
Gisborne,-37.49,144.5889,Australia,2,NA
Gladstone,-23.8427,151.2555,Australia,2,1
Gladstone,39.2134,-94.5592,United States,2,1
Glasgow,55.8611,-4.25,United Kingdom,2,1
Glasgow,39.6015,-75.7473,United States,2,1
Glastonbury,51.1485,-2.714,United Kingdom,2,1
Glastonbury,41.6921,-72.5472,United States,2,1
Glencoe,-28.1833,30.15,South Africa,3,1
Glencoe,-46.1833,168.6833,New Zealand,3,1
Glencoe,42.1347,-87.7641,United States,3,1
Gloria,12.9722,121.4778,Philippines,2,NA
Gloria,-9.3389,-38.2569,Brazil,2,NA
Gloucester,51.8644,-2.2444,United Kingdom,2,1
Gloucester,39.7924,-75.0363,United States,2,1
Gombe,10.2904,11.17,Nigeria,2,NA
Gombe,0.1811,32.1142,Uganda,2,NA
Gondomar,41.15,-8.5333,Portugal,2,NA
Gondomar,42.1111,-8.7611,Spain,2,NA
Gonzaga,18.2614,121.9969,Philippines,2,NA
Gonzaga,44.95,10.8167,Italy,2,NA
Gonzalez,22.8281,-98.4306,Mexico,3,1
Gonzalez,30.5822,-87.2906,United States,3,1
Gonzalez,8.4,-73.3333,Colombia,3,1
Gopalpur,24.5583,89.9167,Bangladesh,2,NA
Gopalpur,26.1317,84.3594,India,2,NA
Grafton,42.2085,-71.6838,United States,2,1
Grafton,-29.6833,152.9333,Australia,2,1
Granada,37.1781,-3.6008,Spain,3,NA
Granada,11.9347,-85.9589,Nicaragua,3,NA
Granada,6.147,-75.188,Colombia,3,NA
Granby,45.4,-72.7333,Canada,2,1
Granby,41.9694,-72.8346,United States,2,1
Greenville,34.8354,-82.3646,United States,2,1
Greenville,5.0167,-9.0333,Liberia,2,1
Griffith,-34.29,146.04,Australia,2,1
Griffith,41.5277,-87.4239,United States,2,1
Grimsby,53.5675,-0.08,United Kingdom,2,NA
Grimsby,43.2,-79.55,Canada,2,NA
Groningen,53.2167,6.5667,Netherlands,2,NA
Groningen,5.8,-55.4667,Suriname,2,NA
Guadalajara,20.6767,-103.3475,Mexico,2,NA
Guadalajara,40.6337,-3.1674,Spain,2,NA
Guadalupe,25.6775,-100.2597,Mexico,5,NA
Guadalupe,9.9494,-84.0512,Costa Rica,5,NA
Guadalupe,0.38,6.6381,Sao Tome and Principe,5,NA
Guadalupe,2.025,-75.7572,Colombia,5,NA
Guadalupe,-6.7869,-43.5689,Brazil,5,NA
Guaranda,-1.6,-79,Ecuador,2,NA
Guaranda,8.4672,-74.5367,Colombia,2,NA
Guimaraes,41.45,-8.3,Portugal,2,NA
Guimaraes,-2.1328,-44.6008,Brazil,2,NA
Haaren,51.6,5.2333,Netherlands,2,NA
Haaren,50.7956,6.1269,Germany,2,NA
Halifax,44.6475,-63.5906,Canada,2,NA
Halifax,53.725,-1.863,United Kingdom,2,NA
Halle,51.4828,11.9697,Germany,2,NA
Halle,50.7361,4.2372,Belgium,2,NA
Hamburg,53.55,10,Germany,2,1
Hamburg,42.7394,-78.8581,United States,2,1
Hamilton,32.2942,-64.7839,Bermuda,6,1
Hamilton,43.2567,-79.8692,Canada,6,1
Hamilton,-37.7833,175.2833,New Zealand,6,1
Hamilton,55.777,-4.039,United Kingdom,6,1
Hamilton,40.2046,-74.6765,United States,6,1
Hamilton,-37.7333,142.0167,Australia,6,1
Hampton,37.0551,-76.363,United States,2,1
Hampton,51.422,-0.367,United Kingdom,2,1
Hangu,39.232,117.777,China,2,NA
Hangu,33.5333,71.0667,Pakistan,2,NA
Hanover,39.8118,-76.9836,United States,2,1
Hanover,49.4433,-96.8492,Canada,2,1
Haren,52.7667,7.2167,Germany,2,NA
Haren,53.1667,6.6,Netherlands,2,NA
Haripur,33.9942,72.9333,Pakistan,2,NA
Haripur,26.258,87.242,India,2,NA
Harlingen,26.1916,-97.6977,United States,2,1
Harlingen,53.1736,5.4272,Netherlands,2,1
Harwich,51.934,1.266,United Kingdom,2,1
Harwich,41.6957,-70.0684,United States,2,1
Hastings,50.85,0.57,United Kingdom,2,1
Hastings,40.5961,-98.39,United States,2,1
Hatfield,51.7636,-0.2258,United Kingdom,2,1
Hatfield,40.2758,-75.2895,United States,2,1
Haverhill,52.08,0.44,United Kingdom,2,1
Haverhill,42.7838,-71.0871,United States,2,1
Hebron,31.5333,35.095,West Bank,2,1
Hebron,41.6593,-72.3905,United States,2,1
Henderson,36.0133,-115.0381,United States,2,1
Henderson,-36.2833,-61.7167,Argentina,2,1
Hereford,52.056,-2.716,United Kingdom,2,1
Hereford,34.8225,-102.4001,United States,2,1
Hernando,34.85,-89.9921,United States,2,1
Hernando,-32.4167,-63.7333,Argentina,2,1
Hernani,43.2667,-1.9667,Spain,2,NA
Hernani,11.3239,125.6181,Philippines,2,NA
Heusden,51.6998,5.166,Netherlands,2,NA
Heusden,51.0281,3.8,Belgium,2,NA
Hobart,-42.8806,147.325,Australia,2,1
Hobart,41.514,-87.2729,United States,2,1
Hoboken,40.7452,-74.0281,United States,2,1
Hoboken,51.1667,4.3667,Belgium,2,1
Horsham,51.062,-0.325,United Kingdom,3,1
Horsham,40.1993,-75.1665,United States,3,1
Horsham,-36.7167,142.2,Australia,3,1
Huntington,40.8521,-73.3823,United States,2,1
Huntington,53.9926,-1.043,United Kingdom,2,1
Huntsville,34.6981,-86.6412,United States,2,1
Huntsville,45.3333,-79.2167,Canada,2,1
Ilam,33.6374,46.4227,Iran,2,NA
Ilam,26.908,87.926,Nepal,2,NA
Ina,35.8275,137.954,Japan,2,NA
Ina,9.9833,2.7167,Benin,2,NA
Inverness,57.4778,-4.2247,United Kingdom,2,NA
Inverness,46.2,-61.1,Canada,2,NA
Inza,2.55,-76.0667,Colombia,2,NA
Inza,53.85,46.35,Russia,2,NA
Ipswich,52.0594,1.1556,United Kingdom,3,1
Ipswich,-27.6167,152.7667,Australia,3,1
Ipswich,42.6857,-70.8399,United States,3,1
Irvine,33.6772,-117.7738,United States,2,1
Irvine,55.6201,-4.6614,United Kingdom,2,1
Isabela,10.2,122.9833,Philippines,2,NA
Isabela,18.4991,-67.022,Puerto Rico,2,NA
Islamabad,33.6931,73.0639,Pakistan,2,NA
Islamabad,33.73,75.15,India,2,NA
Jaen,37.7667,-3.7711,Spain,3,NA
Jaen,-5.7083,-78.8083,Peru,3,NA
Jaen,15.3392,120.9069,Philippines,3,NA
Jagatpur,26.3738,86.0509,India,2,NA
Jagatpur,23.6048,90.7628,Bangladesh,2,NA
Jalalabad,34.4342,70.4478,Afghanistan,2,NA
Jalalabad,35.88,74.493,Pakistan,2,NA
Jalapa,14.6379,-89.9904,Guatemala,3,NA
Jalapa,13.9222,-86.1253,Nicaragua,3,NA
Jalapa,17.7,-92.8,Mexico,3,NA
Jamalpur,24.9004,89.95,Bangladesh,2,NA
Jamalpur,25.3,86.5,India,2,NA
Jamestown,-15.9251,-5.7179,"Saint Helena, Ascension, and Tristan da Cunha",2,1
Jamestown,42.0976,-79.2367,United States,2,1
Jericho,31.8711,35.4442,West Bank,2,1
Jericho,40.7875,-73.5416,United States,2,1
Jesenice,46.4366,14.0602,Slovenia,2,NA
Jesenice,49.9683,14.5136,Czechia,2,NA
Jesus Maria,21.9667,-102.35,Mexico,2,NA
Jesus Maria,-30.9833,-64.1,Argentina,2,NA
Ji'an,27.1172,114.9793,China,2,NA
Ji'an,23.95,121.5722,Taiwan,2,NA
Jimenez,27.13,-104.9067,Mexico,3,NA
Jimenez,8.3333,123.8333,Philippines,3,NA
Jimenez,10.1797,-83.7382,Costa Rica,3,NA
Jincheng,35.4906,112.8483,China,2,NA
Jincheng,24.4167,118.3167,Taiwan,2,NA
Jitpur,27.6666,85.3333,Nepal,2,NA
Jitpur,26.8149,84.9578,India,2,NA
Junin,-34.5833,-60.95,Argentina,3,NA
Junin,-11.15,-75.9833,Peru,3,NA
Junin,4.7903,-73.8136,Colombia,3,NA
Kadoma,34.7333,135.5833,Japan,2,NA
Kadoma,-18.34,29.9,Zimbabwe,2,NA
Kandi,11.1286,2.9369,Benin,2,NA
Kandi,23.9595,88.0402,India,2,NA
Kasama,-10.2117,31.1783,Zambia,2,NA
Kasama,36.3452,140.3043,Japan,2,NA
Kathu,7.9112,98.3475,Thailand,2,NA
Kathu,-27.7,23.05,South Africa,2,NA
Kawara,33.668,130.8473,Japan,2,NA
Kawara,14.0706,5.6715,Niger,2,NA
Kayes,14.45,-11.4167,Mali,2,NA
Kayes,-4.1681,13.2939,Congo (Brazzaville),2,NA
Kazo,36.1314,139.6018,Japan,2,NA
Kazo,-0.0528,30.7569,Uganda,2,NA
Kelso,46.1236,-122.8909,United States,2,1
Kelso,-33.4186,149.6056,Australia,2,1
Kensington,51.5,-0.19,United Kingdom,2,1
Kensington,41.6284,-72.7686,United States,2,1
Kerman,30.2833,57.0833,Iran,2,1
Kerman,36.7248,-120.0625,United States,2,1
Kettering,52.3931,-0.7229,United Kingdom,2,1
Kettering,39.6956,-84.1494,United States,2,1
Khanpur,28.6453,70.6567,Pakistan,2,NA
Khanpur,25.8572,85.933,India,2,NA
Kingston,17.9714,-76.7931,Jamaica,4,1
Kingston,-29.0569,167.9617,Norfolk Island,4,1
Kingston,41.2652,-75.8876,United States,4,1
Kingston,-42.9769,147.3083,Australia,4,1
Kingsville,27.5094,-97.861,United States,2,1
Kingsville,42.1,-82.7167,Canada,2,1
Kirkland,45.45,-73.8667,Canada,2,1
Kirkland,47.697,-122.2057,United States,2,1
Kirovsk,48.6333,38.65,Ukraine,2,NA
Kirovsk,67.6167,33.65,Russia,2,NA
Kochi,9.97,76.28,India,2,NA
Kochi,33.5589,133.5314,Japan,2,NA
Kola,22.43,87.87,India,2,NA
Kola,68.8833,33.0833,Russia,2,NA
Korba,22.35,82.68,India,2,NA
Korba,36.5667,10.8667,Tunisia,2,NA
Kota,25.18,75.83,India,2,NA
Kota,34.8645,137.1658,Japan,2,NA
Krasnyy Yar,46.5331,48.3456,Russia,2,NA
Krasnyy Yar,53.3239,69.2525,Kazakhstan,2,NA
Kratovo,42.0783,22.175,Macedonia,2,NA
Kratovo,55.5911,38.1803,Russia,2,NA
Krizevci,46.5631,16.1399,Slovenia,2,NA
Krizevci,46.0258,16.5425,Croatia,2,NA
Kulu,31.96,77.1,India,2,NA
Kulu,39.0892,33.0806,Turkey,2,NA
Kumi,36.1195,128.3444,South Korea,2,NA
Kumi,1.4608,33.9361,Uganda,2,NA
Kushk,33.2956,61.9522,Afghanistan,2,NA
Kushk,32.6428,51.5,Iran,2,NA
La Calera,-32.7867,-71.1972,Chile,3,NA
La Calera,-31.3439,-64.3353,Argentina,3,NA
La Calera,4.7531,-73.92,Colombia,3,NA
La Carlota,10.4167,122.9167,Philippines,3,NA
La Carlota,37.6667,-4.9333,Spain,3,NA
La Carlota,-33.4333,-63.3,Argentina,3,NA
La Cruz,23.9214,-106.8919,Mexico,4,NA
La Cruz,-32.8281,-71.1761,Chile,4,NA
La Cruz,1.6047,-76.9742,Colombia,4,NA
La Cruz,11.0845,-85.6436,Costa Rica,4,NA
La Esperanza,14.3,-88.1833,Honduras,3,NA
La Esperanza,14.8719,-91.5619,Guatemala,3,NA
La Esperanza,7.6392,-73.3358,Colombia,3,NA
La Florida,-33.5333,-70.5833,Chile,2,NA
La Florida,1.3017,-77.4106,Colombia,2,NA
La Huerta,14.4972,120.9953,Philippines,2,NA
La Huerta,19.4833,-104.65,Mexico,2,NA
La Libertad,-2.2333,-80.9,Ecuador,5,NA
La Libertad,15.5,-91.8333,Guatemala,5,NA
La Libertad,10.0333,123.2167,Philippines,5,NA
La Libertad,13.4833,-89.3167,El Salvador,5,NA
La Libertad,12.2156,-85.1647,Nicaragua,5,NA
La Mesa,32.7703,-117.0204,United States,2,1
La Mesa,4.6303,-74.4625,Colombia,2,1
La Palma,33.8504,-118.0407,United States,5,1
La Palma,8.41,-78.15,Panama,5,1
La Palma,22.7472,-83.5525,Cuba,5,1
La Palma,14.3167,-89.1667,El Salvador,5,1
La Palma,5.3606,-74.3897,Colombia,5,1
La Paz,-16.5,-68.15,Bolivia,6,NA
La Paz,24.1422,-110.3108,Mexico,6,NA
La Paz,14.3169,-87.6831,Honduras,6,NA
La Paz,-34.7617,-56.2233,Uruguay,6,NA
La Paz,15.4431,120.7289,Philippines,6,NA
La Paz,-30.75,-59.65,Argentina,6,NA
La Plata,-34.9211,-57.9544,Argentina,3,1
La Plata,2.39,-75.9075,Colombia,3,1
La Plata,38.5352,-76.97,United States,3,1
La Reina,-33.45,-70.55,Chile,2,NA
La Reina,14.1833,-89.15,El Salvador,2,NA
La Rinconada,37.4833,-5.9667,Spain,2,NA
La Rinconada,-14.6325,-69.4458,Peru,2,NA
La Trinidad,16.4621,120.5877,Philippines,3,NA
La Trinidad,15.9833,-91.8667,Mexico,3,NA
La Trinidad,12.9678,-86.2339,Nicaragua,3,NA
La Union,13.3369,-87.8439,El Salvador,5,NA
La Union,4.5331,-76.1006,Colombia,5,NA
La Union,14.9667,-89.2833,Guatemala,5,NA
La Union,-40.2833,-73.0833,Chile,5,NA
La Union,37.6192,-0.8756,Spain,5,NA
La Vega,19.22,-70.53,Dominican Republic,2,NA
La Vega,2.0008,-76.7778,Colombia,2,NA
La Victoria,18.55,-69.9,Dominican Republic,3,NA
La Victoria,10.2278,-67.3336,Venezuela,3,NA
La Victoria,4.5214,-76.0364,Colombia,3,NA
Ladysmith,-28.5597,29.7806,South Africa,2,NA
Ladysmith,48.9975,-123.8203,Canada,2,NA
Lagos,6.455,3.3841,Nigeria,3,NA
Lagos,37.1028,-8.6728,Portugal,3,NA
Lagos,41.0667,25.025,Greece,3,NA
Lala,7.9667,123.75,Philippines,2,NA
Lala,24.5542,92.6159,India,2,NA
Lampa,-33.2833,-70.9,Chile,2,NA
Lampa,-15.3636,-70.3656,Peru,2,NA
Lancaster,40.042,-76.3012,United States,2,1
Lancaster,54.0489,-2.8014,United Kingdom,2,1
Laredo,27.5625,-99.4874,United States,2,1
Laredo,43.4144,-3.41,Spain,2,1
Las Rosas,16.3667,-92.35,Mexico,2,NA
Las Rosas,-32.4833,-61.5833,Argentina,2,NA
LaSalle,42.2167,-83.0667,Canada,2,1
LaSalle,41.3589,-89.0737,United States,2,1
Launceston,-41.4419,147.145,Australia,2,NA
Launceston,50.637,-4.36,United Kingdom,2,NA
Laurel,39.0949,-76.8622,United States,2,1
Laurel,14.05,120.9,Philippines,2,1
Laval,45.5833,-73.75,Canada,2,NA
Laval,48.0733,-0.7689,France,2,NA
Leeds,53.8003,-1.5497,United Kingdom,2,1
Leeds,33.5436,-86.5639,United States,2,1
Leek,53.108,-2.0234,United Kingdom,2,NA
Leek,53.1667,6.3833,Netherlands,2,NA
Leer,8.2979,30.1475,South Sudan,2,NA
Leer,53.2308,7.4528,Germany,2,NA
Leganes,40.3281,-3.7644,Spain,2,NA
Leganes,10.7833,122.5833,Philippines,2,NA
Leicester,52.6344,-1.1319,United Kingdom,3,1
Leicester,8.45,-13.2167,Sierra Leone,3,1
Leicester,42.24,-71.912,United States,3,1
Leominster,42.5209,-71.7717,United States,2,1
Leominster,52.2282,-2.7385,United Kingdom,2,1
Leon,12.4344,-86.8775,Nicaragua,3,NA
Leon,42.6056,-5.57,Spain,3,NA
Leon,10.7808,122.3894,Philippines,3,NA
Lere,9.77,14.15,Chad,2,NA
Lere,15.7117,-4.9117,Mali,2,NA
Libertad,-34.6833,-58.6833,Argentina,3,NA
Libertad,-34.6333,-56.6192,Uruguay,3,NA
Libertad,11.769,121.9189,Philippines,3,NA
Lille,50.6278,3.0583,France,2,NA
Lille,51.2333,4.8333,Belgium,2,NA
Lima,-12.06,-77.0375,Peru,3,1
Lima,40.741,-84.112,United States,3,1
Lima,-23.9,-56.3333,Paraguay,3,1
Limay,14.5619,120.5983,Philippines,2,NA
Limay,48.9933,1.7358,France,2,NA
Limbe,4.0167,9.2167,Cameroon,2,NA
Limbe,19.7056,-72.4147,Haiti,2,NA
Limerick,52.6653,-8.6238,Ireland,2,1
Limerick,40.2323,-75.5344,United States,2,1
Linares,24.8597,-99.5647,Mexico,4,NA
Linares,-35.85,-71.6,Chile,4,NA
Linares,38.0833,-3.6333,Spain,4,NA
Linares,1.35,-77.5333,Colombia,4,NA
Lincoln,40.8099,-96.6784,United States,4,1
Lincoln,53.2283,-0.5389,United Kingdom,4,1
Lincoln,-34.85,-61.5167,Argentina,4,1
Lincoln,43.13,-79.43,Canada,4,1
Linden,6,-58.3,Guyana,2,1
Linden,40.6251,-74.2383,United States,2,1
Lisbon,38.7253,-9.15,Portugal,2,1
Lisbon,44.0265,-70.09,United States,2,1
Livingston,15.83,-88.75,Guatemala,3,1
Livingston,55.8834,-3.5157,United Kingdom,3,1
Livingston,40.7855,-74.3291,United States,3,1
Llanera,15.6625,121.0197,Philippines,2,NA
Llanera,43.4667,-5.9333,Spain,2,NA
Lodi,40.8784,-74.0814,United States,2,1
Lodi,45.3167,9.5,Italy,2,1
Loja,-3.9833,-79.2,Ecuador,2,NA
Loja,37.1667,-4.15,Spain,2,NA
London,51.5072,-0.1275,United Kingdom,3,1
London,42.9836,-81.2497,Canada,3,1
London,39.8935,-83.4375,United States,3,1
Loreto,22.2667,-101.9833,Mexico,4,NA
Loreto,8.1856,125.8538,Philippines,4,NA
Loreto,43.4389,13.6086,Italy,4,NA
Loreto,-7.0839,-45.1408,Brazil,4,NA
Los Alamos,-37.6272,-73.4619,Chile,2,1
Los Alamos,35.8927,-106.2862,United States,2,1
Los Angeles,34.1141,-118.4068,United States,2,1
Los Angeles,-37.4667,-72.35,Chile,2,1
Los Banos,14.1667,121.2167,Philippines,2,1
Los Banos,37.063,-120.8406,United States,2,1
Lubao,14.9333,120.6,Philippines,2,NA
Lubao,-5.385,25.745,Congo (Kinshasa),2,NA
Luce,48.4383,1.465,France,2,NA
Luce,46.3565,14.7436,Slovenia,2,NA
Lucena,13.9333,121.6167,Philippines,3,NA
Lucena,37.4,-4.4833,Spain,3,NA
Lucena,-6.9,-34.8689,Brazil,3,NA
Ludlow,42.1921,-72.458,United States,2,1
Ludlow,52.368,-2.718,United Kingdom,2,1
Lugo,43.0167,-7.55,Spain,2,NA
Lugo,44.4167,11.9167,Italy,2,NA
Macau,22.2006,113.5461,Macau,2,NA
Macau,-5.115,-36.6339,Brazil,2,NA
Macon,32.8065,-83.6974,United States,2,1
Macon,46.3063,4.8313,France,2,1
Madera,29.19,-108.1414,Mexico,2,1
Madera,36.963,-120.0778,United States,2,1
Madrid,40.4169,-3.7033,Spain,3,NA
Madrid,4.7344,-74.2683,Colombia,3,NA
Madrid,9.2619,125.9647,Philippines,3,NA
Madridejos,11.2667,123.7333,Philippines,2,NA
Madridejos,39.4667,-3.5333,Spain,2,NA
Mafra,38.9411,-9.3319,Portugal,2,NA
Mafra,-26.1108,-49.805,Brazil,2,NA
Magdalena,14.2,121.4333,Philippines,4,NA
Magdalena,20.9092,-103.9803,Mexico,4,NA
Magdalena,-35.0833,-57.5167,Argentina,4,NA
Magdalena,-13.2606,-64.0528,Bolivia,4,NA
Mahad,18.083,73.417,India,2,NA
Mahad,36.6472,43.4117,Iraq,2,NA
Mahdia,35.5,11.0667,Tunisia,2,NA
Mahdia,5.2667,-59.15,Guyana,2,NA
Maina,13.4692,144.7332,Guam,2,NA
Maina,23.1712,76.6629,India,2,NA
Maipu,-33.5167,-70.7667,Chile,2,NA
Maipu,-32.9667,-68.75,Argentina,2,NA
Maitland,28.6295,-81.3718,United States,2,1
Maitland,-32.7167,151.55,Australia,2,1
Malaga,36.7194,-4.42,Spain,2,NA
Malaga,6.7833,-72.6667,Colombia,2,NA
Mali,23.1277,104.7029,China,3,NA
Mali,25.1269,84.7084,India,3,NA
Mali,12.084,-12.301,Guinea,3,NA
Maltby,53.426,-1.21,United Kingdom,2,1
Maltby,47.8027,-122.1044,United States,2,1
Manati,18.4283,-66.4823,Puerto Rico,3,NA
Manati,21.3144,-76.9378,Cuba,3,NA
Manati,10.445,-74.9597,Colombia,3,NA
Manchester,53.4794,-2.2453,United Kingdom,2,1
Manchester,42.9848,-71.4447,United States,2,1
Mandeville,30.3751,-90.0904,United States,2,1
Mandeville,18.0333,-77.5,Jamaica,2,1
Manga,11.6667,-1.0667,Burkina Faso,2,NA
Manga,-14.7558,-43.9319,Brazil,2,NA
Mani,13.26,-0.2094,Burkina Faso,2,NA
Mani,4.8167,-72.2833,Colombia,2,NA
Mansa,-11.2,28.8833,Zambia,2,NA
Mansa,29.9906,75.3996,India,2,NA
Mansfield,53.1444,-1.1964,United Kingdom,2,1
Mansfield,40.7656,-82.5275,United States,2,1
Manta,-0.95,-80.7162,Ecuador,2,NA
Manta,10.3564,1.1056,Benin,2,NA
Mantua,22.2908,-84.2875,Cuba,2,1
Mantua,39.7618,-75.1686,United States,2,1
Manzanares,5.2519,-75.1569,Colombia,2,NA
Manzanares,38.9964,-3.3731,Spain,2,NA
Manzanillo,19.0522,-104.3158,Mexico,2,NA
Manzanillo,20.3397,-77.1086,Cuba,2,NA
Mao,19.5667,-71.0833,Dominican Republic,2,NA
Mao,14.1194,15.3133,Chad,2,NA
Mapleton,40.1188,-111.5742,United States,2,1
Mapleton,43.7358,-80.6681,Canada,2,1
Margate,26.2466,-80.2119,United States,3,1
Margate,51.385,1.3838,United Kingdom,3,1
Margate,-30.85,30.3667,South Africa,3,1
Marigot,18.0706,-63.0847,Saint Martin,2,NA
Marigot,18.2333,-72.3167,Haiti,2,NA
Markham,43.8767,-79.2633,Canada,2,1
Markham,41.6,-87.6904,United States,2,1
Marple,53.397,-2.061,United Kingdom,2,1
Marple,39.9654,-75.3657,United States,2,1
Martin,49.065,18.9219,Slovakia,2,1
Martin,36.3385,-88.8513,United States,2,1
Martinez,-34.4833,-58.5,Argentina,2,1
Martinez,37.9985,-122.1161,United States,2,1
Massy,48.7309,2.2713,France,2,NA
Massy,41.0608,72.6328,Kyrgyzstan,2,NA
Matanzas,23.0511,-81.5753,Cuba,2,NA
Matanzas,18.2428,-70.4192,Dominican Republic,2,NA
Matina,10.0099,-83.3096,Costa Rica,2,NA
Matina,-13.9089,-42.8489,Brazil,2,NA
Maur,30.0833,75.25,India,2,NA
Maur,47.3417,8.6703,Switzerland,2,NA
Medellin,6.2308,-75.5906,Colombia,2,NA
Medellin,11.1286,123.9622,Philippines,2,NA
Medina,24.47,39.61,Saudi Arabia,5,1
Medina,8.9167,125.0167,Philippines,5,1
Medina,41.1358,-81.8695,United States,5,1
Medina,-16.2228,-41.4769,Brazil,5,1
Medina,4.5092,-73.3494,Colombia,5,1
Meishan,30.0575,103.8381,China,2,NA
Meishan,23.5607,120.6296,Taiwan,2,NA
Melbourne,-37.8142,144.9631,Australia,2,1
Melbourne,28.1086,-80.6627,United States,2,1
Melgaco,-1.8039,-50.7119,Brazil,2,NA
Melgaco,42.1167,-8.2667,Portugal,2,NA
Melle,52.2044,8.3389,Germany,2,NA
Melle,51,3.8,Belgium,2,NA
Mercedes,-33.25,-58.0333,Uruguay,4,1
Mercedes,-34.65,-59.4333,Argentina,4,1
Mercedes,14.1093,123.0109,Philippines,4,1
Mercedes,26.1533,-97.9128,United States,4,1
Merida,20.97,-89.62,Mexico,4,NA
Merida,8.48,-71.19,Venezuela,4,NA
Merida,38.9,-6.3333,Spain,4,NA
Merida,10.9098,124.5376,Philippines,4,NA
Meru,0.05,37.65,Kenya,3,NA
Meru,49.2358,2.135,France,3,NA
Meru,24.0097,85.4673,India,3,NA
Mexico,15.0667,120.7167,Philippines,2,1
Mexico,39.1625,-91.8712,United States,2,1
Middelburg,-25.7684,29.4783,South Africa,2,NA
Middelburg,51.5,3.6167,Netherlands,2,NA
Middleton,53.555,-2.187,United Kingdom,2,1
Middleton,43.1064,-89.5059,United States,2,1
Midland,32.0243,-102.1147,United States,2,1
Midland,44.75,-79.8833,Canada,2,1
Milton,43.5083,-79.8833,Canada,3,1
Milton,53.05,-2.142,United Kingdom,3,1
Milton,34.1353,-84.3139,United States,3,1
Minas,-34.3667,-55.2333,Uruguay,2,NA
Minas,21.4894,-77.605,Cuba,2,NA
Minden,52.2883,8.9167,Germany,2,1
Minden,32.6187,-93.2762,United States,2,1
Mira,45.4375,12.1329,Italy,2,NA
Mira,40.4333,-8.7333,Portugal,2,NA
Miramar,25.9773,-80.3351,United States,3,1
Miramar,22.3375,-97.8694,Mexico,3,1
Miramar,-38.2667,-57.8333,Argentina,3,1
Miranda,3.25,-76.25,Colombia,2,NA
Miranda,-20.2408,-56.3778,Brazil,2,NA
Mirzapur,25.146,82.569,India,2,NA
Mirzapur,24.1083,90.0917,Bangladesh,2,NA
Mission,26.2039,-98.3256,United States,2,1
Mission,49.1337,-122.3112,Canada,2,1
Moanda,-5.9342,12.3494,Congo (Kinshasa),2,NA
Moanda,-1.5667,13.2,Gabon,2,NA
Moka,15.238,77.0599,India,2,NA
Moka,-20.219,57.496,Mauritius,2,NA
Moncada,15.7331,120.5725,Philippines,2,NA
Moncada,41.4867,2.1879,Spain,2,NA
Moncao,-3.4919,-45.2508,Brazil,2,NA
Moncao,42.0733,-8.48,Portugal,2,NA
Monmouth,51.81,-2.72,United Kingdom,2,1
Monmouth,44.8505,-123.2284,United States,2,1
Monrovia,6.3133,-10.8014,Liberia,2,1
Monrovia,34.165,-117.9921,United States,2,1
Montenegro,-29.6889,-51.4608,Brazil,2,NA
Montenegro,4.5671,-75.7504,Colombia,2,NA
Monterrey,25.6667,-100.3,Mexico,2,NA
Monterrey,4.8783,-72.8972,Colombia,2,NA
Montijo,38.6833,-8.9,Portugal,2,NA
Montijo,38.91,-6.6175,Spain,2,NA
Montmagny,48.9736,2.3458,France,2,NA
Montmagny,46.9833,-70.55,Canada,2,NA
Montrose,38.4689,-107.859,United States,2,1
Montrose,56.708,-2.467,United Kingdom,2,1
Mora,10.0088,-84.0216,Costa Rica,4,NA
Mora,61.0167,14.5333,Sweden,4,NA
Mora,39.684,-3.777,Spain,4,NA
Mora,14.3278,-4.6,Mali,4,NA
Morales,15.4725,-88.8414,Guatemala,2,NA
Morales,2.7603,-76.6339,Colombia,2,NA
Morden,51.4015,-0.1949,United Kingdom,2,NA
Morden,49.1919,-98.1006,Canada,2,NA
Mori,34.8356,137.9271,Japan,2,NA
Mori,45.85,10.9833,Italy,2,NA
Moron,49.6356,100.1556,Mongolia,4,NA
Moron,-34.65,-58.6167,Argentina,4,NA
Moron,22.1108,-78.6278,Cuba,4,NA
Moron,18.56,-74.2579,Haiti,4,NA
Moscow,55.7558,37.6178,Russia,2,1
Moscow,46.7308,-116.9986,United States,2,1
Munster,51.9625,7.6256,Germany,2,1
Munster,41.5468,-87.504,United States,2,1
Murcia,37.9861,-1.1303,Spain,2,NA
Murcia,10.6,123.0333,Philippines,2,NA
Mwanza,-2.5167,32.9,Tanzania,2,NA
Mwanza,-15.5986,34.5178,Malawi,2,NA
Naples,40.8333,14.25,Italy,2,1
Naples,26.1504,-81.7936,United States,2,1
Nara,34.6844,135.805,Japan,2,NA
Nara,15.18,-7.28,Mali,2,NA
Naryn,41.4333,76,Kyrgyzstan,2,NA
Naryn,38.2,68.9,Tajikistan,2,NA
Nawabganj,24.6,88.2667,Bangladesh,2,NA
Nawabganj,28.54,79.633,India,2,NA
Nazare,-13.035,-39.0139,Brazil,2,NA
Nazare,39.6,-9.0667,Portugal,2,NA
Nazareth,32.7019,35.3033,Israel,2,NA
Nazareth,8.5562,77.971,India,2,NA
Nelson,-41.2708,173.2839,New Zealand,3,NA
Nelson,53.8346,-2.218,United Kingdom,3,NA
Nelson,49.5,-117.2833,Canada,3,NA
Neunkirchen,49.35,7.1667,Germany,2,NA
Neunkirchen,47.7269,16.0817,Austria,2,NA
New Brighton,53.432,-3.049,United Kingdom,2,1
New Brighton,45.0658,-93.206,United States,2,1
Newcastle,-27.7464,29.9328,South Africa,4,1
Newcastle,54.98,-1.61,United Kingdom,4,1
Newcastle,-32.9167,151.75,Australia,4,1
Newcastle,47.5304,-122.1633,United States,4,1
Newman,37.3156,-121.0212,United States,2,1
Newman,-23.3539,119.7319,Australia,2,1
Newmarket,44.05,-79.4667,Canada,3,1
Newmarket,52.2459,0.4105,United Kingdom,3,1
Newmarket,43.0691,-70.9516,United States,3,1
Newport,51.5886,-2.9978,United Kingdom,2,1
Newport,39.0856,-84.4868,United States,2,1
Newton,42.3316,-71.2085,United States,2,1
Newton,8.3333,-13.0667,Sierra Leone,2,1
Newtown,41.3988,-73.2927,United States,2,1
Newtown,52.5132,-3.3141,United Kingdom,2,1
Neya,34.7667,135.6333,Japan,2,NA
Neya,58.3,43.8667,Russia,2,NA
Niagara Falls,43.06,-79.1067,Canada,2,1
Niagara Falls,43.0921,-79.0147,United States,2,1
Nicosia,35.1725,33.365,Cyprus,2,NA
Nicosia,37.75,14.4,Italy,2,NA
Nogales,31.1833,-111,Mexico,3,1
Nogales,-32.735,-71.2025,Chile,3,1
Nogales,31.3624,-110.9336,United States,3,1
Nola,3.5333,16.0667,Central African Republic,2,NA
Nola,40.9333,14.5333,Italy,2,NA
Northampton,52.2304,-0.8938,United Kingdom,2,1
Northampton,40.2104,-75.0014,United States,2,1
Northfield,52.408,-1.963,United Kingdom,2,1
Northfield,44.455,-93.1698,United States,2,1
Norton,54.589,-1.3157,United Kingdom,3,1
Norton,-17.8833,30.7,Zimbabwe,3,1
Norton,41.964,-71.1842,United States,3,1
Norwich,52.6286,1.2928,United Kingdom,3,1
Norwich,41.5495,-72.0882,United States,3,1
Norwich,42.9833,-80.6,Canada,3,1
Noto,36.8833,15.0833,Italy,2,NA
Noto,37.3103,137.1477,Japan,2,NA
Nova Esperanca,-6.7333,15.9,Angola,2,NA
Nova Esperanca,-23.1839,-52.205,Brazil,2,NA
Novi Pazar,43.15,20.5167,Serbia,2,NA
Novi Pazar,43.35,27.2,Bulgaria,2,NA
Novomoskovsk,54.0833,38.2167,Russia,2,NA
Novomoskovsk,48.6328,35.2239,Ukraine,2,NA
Nueva Concepcion,14.1997,-91.2997,Guatemala,2,NA
Nueva Concepcion,14.1333,-89.3,El Salvador,2,NA
Oakville,43.45,-79.6833,Canada,2,1
Oakville,38.4479,-90.3199,United States,2,1
Obando,14.7083,120.9375,Philippines,2,NA
Obando,4.5833,-75.9167,Colombia,2,NA
Obidos,-1.9178,-55.5178,Brazil,2,NA
Obidos,39.3581,-9.1578,Portugal,2,NA
Ocana,8.2333,-73.35,Colombia,2,NA
Ocana,39.9569,-3.4967,Spain,2,NA
Oeiras,38.6833,-9.3167,Portugal,2,NA
Oeiras,-7.025,-42.1308,Brazil,2,NA
Oliva,38.9194,-0.1211,Spain,2,NA
Oliva,-32.0333,-63.5667,Argentina,2,NA
Onda,39.9625,-0.2639,Spain,2,NA
Onda,25.2452,85.665,India,2,NA
Orange,33.8038,-117.8218,United States,3,1
Orange,-33.2833,149.1,Australia,3,1
Orange,44.1383,4.8097,France,3,1
Oranjestad,12.5186,-70.0358,Aruba,2,NA
Oranjestad,17.4833,-62.9833,"Bonaire, Sint Eustatius, and Saba",2,NA
Ostrov,57.35,28.35,Russia,2,NA
Ostrov,50.306,12.9392,Czechia,2,NA
Ottawa,45.4247,-75.695,Canada,2,1
Ottawa,41.3555,-88.8261,United States,2,1
Ourem,39.65,-8.5667,Portugal,2,NA
Ourem,-1.5478,-47.1189,Brazil,2,NA
Oviedo,43.36,-5.845,Spain,2,1
Oviedo,28.658,-81.1872,United States,2,1
Oxford,51.7519,-1.2578,United Kingdom,2,1
Oxford,34.3627,-89.5336,United States,2,1
Pace,30.6188,-87.1667,United States,2,1
Pace,48.1478,-1.7739,France,2,1
Pacora,9.08,-79.28,Panama,2,NA
Pacora,5.5258,-75.4589,Colombia,2,NA
Padre Las Casas,-38.7667,-72.6,Chile,2,NA
Padre Las Casas,18.7333,-70.9333,Dominican Republic,2,NA
Paita,-5.0911,-81.1064,Peru,2,NA
Paita,-22.1337,166.3505,New Caledonia,2,NA
Palatka,60.1,150.9,Russia,2,1
Palatka,29.6493,-81.6705,United States,2,1
Palencia,42.0167,-4.5333,Spain,2,NA
Palencia,14.6676,-90.3575,Guatemala,2,NA
Palermo,2.8917,-75.4375,Colombia,2,NA
Palermo,38.1157,13.3613,Italy,2,NA
Palestina,5.0833,-75.6667,Colombia,2,NA
Palestina,-20.39,-49.4328,Brazil,2,NA
Palma,39.5667,2.65,Spain,2,NA
Palma,-10.7758,40.4667,Mozambique,2,NA
Palmares,-8.6828,-35.5919,Brazil,2,NA
Palmares,10.0466,-84.4373,Costa Rica,2,NA
Palmira,3.5833,-76.25,Colombia,2,NA
Palmira,22.2444,-80.3944,Cuba,2,NA
Palu,-0.895,119.8594,Indonesia,2,NA
Palu,38.7039,39.9511,Turkey,2,NA
Pamplona,42.8167,-1.65,Spain,3,NA
Pamplona,7.3781,-72.6525,Colombia,3,NA
Pamplona,9.4667,123.1167,Philippines,3,NA
Panama City,8.9833,-79.5167,Panama,2,1
Panama City,30.1995,-85.6003,United States,2,1
Panorama,40.5833,23.0333,Greece,2,NA
Panorama,-21.3564,-51.86,Brazil,2,NA
Paola,35.8728,14.5075,Malta,2,NA
Paola,39.3667,16.0333,Italy,2,NA
Para,5.5167,-7.3333,CÃ´te d'Ivoire,2,NA
Para,23.5142,86.498,India,2,NA
Paradise,36.0872,-115.1355,United States,2,1
Paradise,47.5333,-52.8667,Canada,2,1
Paraiso,18.3961,-93.2128,Mexico,3,NA
Paraiso,9.8432,-83.8463,Costa Rica,3,NA
Paraiso,18,-71.1667,Dominican Republic,3,NA
Parana,-31.7331,-60.5297,Argentina,2,NA
Parana,-12.615,-47.8828,Brazil,2,NA
Parigi,-7.6914,108.5372,Indonesia,2,NA
Parigi,13.8929,77.4598,India,2,NA
Paris,48.8567,2.3522,France,2,1
Paris,33.6688,-95.546,United States,2,1
Parma,44.8015,10.328,Italy,3,1
Parma,41.3843,-81.7286,United States,3,1
Parma,65.923,57.403,Russia,3,1
Parral,26.9333,-105.6667,Mexico,2,NA
Parral,-36.15,-71.8333,Chile,2,NA
Patos,-7.0244,-37.28,Brazil,2,NA
Patos,40.6833,19.6167,Albania,2,NA
Patti,31.28,74.86,India,2,NA
Patti,38.1389,14.9648,Italy,2,NA
Pavia,10.775,122.5417,Philippines,2,NA
Pavia,45.1853,9.155,Italy,2,NA
Pedernales,18.0333,-71.75,Dominican Republic,2,NA
Pedernales,0.07,-80.055,Ecuador,2,NA
Pelham,40.9,-73.8063,United States,2,1
Pelham,43.0333,-79.3333,Canada,2,1
Pemberton,53.536,-2.6738,United Kingdom,2,1
Pemberton,39.9562,-74.6,United States,2,1
Pembroke,35.9264,14.4808,Malta,3,1
Pembroke,42.0655,-70.8014,United States,3,1
Pembroke,45.8167,-77.1,Canada,3,1
Penrith,-33.7511,150.6942,Australia,2,NA
Penrith,54.6648,-2.7548,United Kingdom,2,NA
Perez,-33,-60.7667,Argentina,2,NA
Perez,14.1833,121.9333,Philippines,2,NA
Perth,-31.9559,115.8606,Australia,2,NA
Perth,56.3958,-3.4333,United Kingdom,2,NA
Peterborough,52.5662,-0.2366,United Kingdom,3,NA
Peterborough,44.3,-78.3167,Canada,3,NA
Peterborough,-32.9667,138.8333,Australia,3,NA
Phulpur,24.955,90.3573,Bangladesh,2,NA
Phulpur,25.55,82.1,India,2,NA
Picos,15.083,-23.632,Cabo Verde,2,NA
Picos,-7.0769,-41.4669,Brazil,2,NA
Pila,53.15,16.7333,Poland,2,NA
Pila,14.2333,121.3667,Philippines,2,NA
Pilar,-26.87,-58.3,Paraguay,4,NA
Pilar,-34.4588,-58.9142,Argentina,4,NA
Pilar,12.9244,123.6756,Philippines,4,NA
Pilar,-9.5972,-35.9567,Brazil,4,NA
Pinto,40.25,-3.7,Spain,2,NA
Pinto,-36.7,-71.9,Chile,2,NA
Plainview,14.5777,121.0337,Philippines,2,1
Plainview,40.7832,-73.4732,United States,2,1
Plumstead,51.49,0.09,United Kingdom,2,1
Plumstead,40.3878,-75.1164,United States,2,1
Plymouth,50.3714,-4.1422,United Kingdom,2,1
Plymouth,45.0225,-93.4617,United States,2,1
Pokrov,47.6533,34.0842,Ukraine,2,NA
Pokrov,55.9117,39.1847,Russia,2,NA
Pokrovsk,48.2828,37.1828,Ukraine,2,NA
Pokrovsk,61.4833,129.15,Russia,2,NA
Pombal,39.9161,-8.6281,Portugal,2,NA
Pombal,-6.77,-37.8019,Brazil,2,NA
Ponta do Sol,17.202,-25.093,Cabo Verde,2,NA
Ponta do Sol,32.6806,-17.1042,Portugal,2,NA
Pontevedra,42.4333,-8.6333,Spain,2,NA
Pontevedra,10.3667,122.8833,Philippines,2,NA
Portland,45.5371,-122.65,United States,2,1
Portland,-38.3333,141.6,Australia,2,1
Porto,41.1621,-8.622,Portugal,2,NA
Porto,-3.8928,-42.71,Brazil,2,NA
Portsmouth,50.8058,-1.0872,United Kingdom,2,1
Portsmouth,43.058,-70.7826,United States,2,1
Potosi,-19.5892,-65.7533,Bolivia,3,NA
Potosi,11.4942,-85.8556,Nicaragua,3,NA
Potosi,0.8081,-77.5728,Colombia,3,NA
Potsdam,52.4,13.0667,Germany,2,1
Potsdam,44.6774,-75.0396,United States,2,1
Pozega,45.3331,17.6736,Croatia,2,NA
Pozega,43.8459,20.0368,Serbia,2,NA
Progreso,-34.665,-56.2194,Uruguay,2,NA
Progreso,32.5842,-115.5842,Mexico,2,NA
Progress,40.2901,-76.8394,United States,2,1
Progress,49.7504,129.6167,Russia,2,1
Pueblo Nuevo,17.1576,-92.8973,Mexico,3,NA
Pueblo Nuevo,8.5008,-75.5072,Colombia,3,NA
Pueblo Nuevo,13.3797,-86.4808,Nicaragua,3,NA
Pueblo Viejo,18.4,-70.7667,Dominican Republic,2,NA
Pueblo Viejo,19.1781,-100.2856,Mexico,2,NA
Puente Nacional,19.3333,-96.4833,Mexico,2,NA
Puente Nacional,5.8833,-73.6833,Colombia,2,NA
Puerto Escondido,15.8619,-97.0672,Mexico,2,NA
Puerto Escondido,8.95,-76.25,Colombia,2,NA
Puerto Rico,1.9142,-75.145,Colombia,2,NA
Puerto Rico,-26.8,-55.0167,Argentina,2,NA
Punta Gorda,16.1005,-88.8074,Belize,2,1
Punta Gorda,26.8941,-82.0513,United States,2,1
Puri,19.8106,85.8314,India,2,NA
Puri,-7.6833,15.6,Angola,2,NA
Puttalam,8.033,79.826,Sri Lanka,2,NA
Puttalam,8.0981,77.464,India,2,NA
Queens,40.7498,-73.7976,United States,2,1
Queens,44.0333,-64.7167,Canada,2,1
Queensbury,43.3568,-73.6765,United States,2,1
Queensbury,53.7683,-1.8453,United Kingdom,2,1
Queenstown,-31.9,26.8833,South Africa,2,NA
Queenstown,-42.0667,145.55,Australia,2,NA
Quesada,10.3441,-84.4199,Costa Rica,2,NA
Quesada,14.2723,-90.0373,Guatemala,2,NA
Quezaltepeque,13.8333,-89.2667,El Salvador,2,NA
Quezaltepeque,14.6333,-89.45,Guatemala,2,NA
Rabat,34.0209,-6.8416,Morocco,2,NA
Rabat,35.8817,14.3989,Malta,2,NA
Rafah,31.2886,34.2519,Gaza Strip,2,NA
Rafah,31.2808,34.2414,Egypt,2,NA
Rasht,37.2808,49.5831,Iran,2,NA
Rasht,39.0167,70.3833,Tajikistan,2,NA
Ravenna,44.4161,12.2017,Italy,2,1
Ravenna,41.1612,-81.2422,United States,2,1
Reading,51.4542,-0.9731,United Kingdom,2,1
Reading,40.34,-75.9267,United States,2,1
Rehoboth,-23.3167,17.0833,Namibia,2,1
Rehoboth,41.8439,-71.2456,United States,2,1
Remedios,22.4922,-79.5458,Cuba,2,NA
Remedios,7.0275,-74.6939,Colombia,2,NA
Requena,-5.0569,-73.8515,Peru,2,NA
Requena,39.4861,-1.1017,Spain,2,NA
Resende,-22.4689,-44.4469,Brazil,2,NA
Resende,41.106,-7.964,Portugal,2,NA
Retiro,-36.0333,-71.7667,Chile,2,NA
Retiro,6.0572,-75.5025,Colombia,2,NA
Ribeira Brava,16.615,-24.299,Cabo Verde,2,NA
Ribeira Brava,32.6833,-17.05,Portugal,2,NA
Ribeira Grande,17.183,-25.065,Cabo Verde,2,NA
Ribeira Grande,37.8167,-25.5167,Portugal,2,NA
Ricaurte,1.2108,-77.9933,Colombia,2,NA
Ricaurte,-2.8667,-78.9333,Ecuador,2,NA
Richmond,37.5295,-77.4756,United States,5,1
Richmond,49.1667,-123.1333,Canada,5,1
Richmond,-41.3333,173.1833,New Zealand,5,1
Richmond,51.456,-0.301,United Kingdom,5,1
Richmond,-33.5983,150.7511,Australia,5,1
Richmond Hill,43.8667,-79.4333,Canada,2,1
Richmond Hill,31.9012,-81.3125,United States,2,1
Riga,56.9489,24.1064,Latvia,2,NA
Riga,26.6553,85.442,India,2,NA
Rio Branco,-9.9747,-67.81,Brazil,2,NA
Rio Branco,-32.5972,-53.3833,Uruguay,2,NA
Rio Claro,-22.4108,-47.5608,Brazil,2,NA
Rio Claro,10.3042,-61.1708,Trinidad and Tobago,2,NA
Rio Cuarto,-33.1333,-64.35,Argentina,2,NA
Rio Cuarto,10.4076,-84.2135,Costa Rica,2,NA
Rio Grande,-32.035,-52.0986,Brazil,4,NA
Rio Grande,18.3789,-65.8388,Puerto Rico,4,NA
Rio Grande,-53.7833,-67.7,Argentina,4,NA
Rio Grande,19.73,-70.8,Dominican Republic,4,NA
Rio Negro,-26.1,-49.79,Brazil,2,NA
Rio Negro,-40.7833,-73.2,Chile,2,NA
Rio Segundo,-31.6501,-63.9116,Argentina,2,NA
Rio Segundo,10.0013,-84.1937,Costa Rica,2,NA
Rio Tinto,41.178,-8.56,Portugal,2,NA
Rio Tinto,-6.8028,-35.0808,Brazil,2,NA
Ripon,54.138,-1.524,United Kingdom,2,1
Ripon,37.7417,-121.131,United States,2,1
Rivera,-30.9025,-55.5506,Uruguay,2,NA
Rivera,2.7853,-75.2589,Colombia,2,NA
Riverview,27.8227,-82.3023,United States,2,1
Riverview,46.0613,-64.8052,Canada,2,1
Rocafuerte,-0.92,-80.46,Ecuador,2,NA
Rocafuerte,-0.9329,-75.4,Peru,2,NA
Rochefort,45.9421,-0.9588,France,2,NA
Rochefort,50.1667,5.2167,Belgium,2,NA
Rochester,43.168,-77.6162,United States,2,1
Rochester,51.375,0.5,United Kingdom,2,1
Rodeo,38.0367,-122.2526,United States,2,1
Rodeo,-30.2164,-69.1394,Argentina,2,1
Rolla,37.9459,-91.7607,United States,2,1
Rolla,13.8331,77.1,India,2,1
Roma,26.4166,-99.0061,United States,2,1
Roma,-26.5733,148.7869,Australia,2,1
Rome,41.8931,12.4828,Italy,2,1
Rome,34.2662,-85.1863,United States,2,1
Ronda,36.7372,-5.1647,Spain,2,NA
Ronda,10.0003,123.4095,Philippines,2,NA
Rosario,-32.9575,-60.6394,Argentina,4,NA
Rosario,13.846,121.206,Philippines,4,NA
Rosario,-2.9339,-44.235,Brazil,4,NA
Rosario,-34.3139,-57.3525,Uruguay,4,NA
Rosas,42.2633,3.175,Spain,2,NA
Rosas,2.2667,-76.75,Colombia,2,NA
Rotterdam,51.9167,4.5,Netherlands,2,1
Rotterdam,42.8133,-74.0129,United States,2,1
Ruse,43.8231,25.9539,Bulgaria,2,NA
Ruse,46.5386,15.5154,Slovenia,2,NA
Rutherford,40.8203,-74.1057,United States,2,1
Rutherford,-32.715,151.5317,Australia,2,1
Rye,41.0075,-73.6872,United States,2,1
Rye,50.95,0.73,United Kingdom,2,1
Sabaneta,6.15,-75.6,Colombia,3,NA
Sabaneta,19.4833,-71.35,Dominican Republic,3,NA
Sabaneta,8.7522,-69.9325,Venezuela,3,NA
Sabang,5.8942,95.3192,Indonesia,2,NA
Sabang,22.183,87.599,India,2,NA
Sacramento,38.5677,-121.4685,United States,2,1
Sacramento,-19.865,-47.44,Brazil,2,1
Sadovoye,46.1269,30.385,Ukraine,2,NA
Sadovoye,42.8528,74.1722,Kyrgyzstan,2,NA
Safi,32.2833,-9.2333,Morocco,2,NA
Safi,35.8333,14.485,Malta,2,NA
Saidpur,25.8004,89,Bangladesh,3,NA
Saidpur,33.7421,73.0677,Pakistan,3,NA
Saidpur,25.55,83.18,India,3,NA
Saint-Denis,-20.8789,55.4481,Reunion,2,NA
Saint-Denis,48.9356,2.3539,France,2,NA
Saint-Louis,16.0333,-16.5,Senegal,2,NA
Saint-Louis,47.59,7.57,France,2,NA
Saka,34.6167,-3.4167,Morocco,2,NA
Saka,34.3412,132.5136,Japan,2,NA
Saki,8.6667,3.4,Nigeria,2,NA
Saki,41.2,47.1667,Azerbaijan,2,NA
Salamanca,20.5703,-101.1972,Mexico,3,NA
Salamanca,40.965,-5.6642,Spain,3,NA
Salamanca,-31.7667,-70.9667,Chile,3,NA
Salamina,37.9667,23.5,Greece,2,NA
Salamina,5.4083,-75.49,Colombia,2,NA
Salaya,22.32,69.6,India,2,NA
Salaya,13.8023,100.3208,Thailand,2,NA
Salcedo,19.378,-70.418,Dominican Republic,2,NA
Salcedo,11.15,125.6667,Philippines,2,NA
Sale,34.0333,-6.8,Morocco,3,NA
Sale,53.424,-2.322,United Kingdom,3,NA
Sale,-38.1,147.0667,Australia,3,NA
Salem,11.65,78.15,India,2,1
Salem,44.9233,-123.0244,United States,2,1
Sali,14.4383,-17.0125,Senegal,2,NA
Sali,26.9833,-0.0333,Algeria,2,NA
Salinas,36.6883,-121.6317,United States,4,1
Salinas,-34.7833,-55.8333,Uruguay,4,1
Salinas,-16.1185,-42.174,Brazil,4,1
Salinas,-2.2167,-80.9501,Ecuador,4,1
Salisbury,38.3756,-75.5865,United States,2,1
Salisbury,51.07,-1.79,United Kingdom,2,1
Salo,60.3861,23.125,Finland,2,NA
Salo,45.6,10.5333,Italy,2,NA
Salt Lake City,40.7776,-111.9311,United States,2,1
Salt Lake City,22.61,88.4,India,2,1
Salto,-31.3833,-57.95,Uruguay,2,NA
Salto,-23.2008,-47.2869,Brazil,2,NA
Salvador,-12.9747,-38.4767,Brazil,2,NA
Salvador,20.2094,-75.2231,Cuba,2,NA
Salyan,39.595,48.9792,Azerbaijan,2,NA
Salyan,28.35,82.1833,Nepal,2,NA
Samana,19.2,-69.3167,Dominican Republic,3,NA
Samana,30.15,76.19,India,3,NA
Samana,5.5833,-74.9167,Colombia,3,NA
Same,-9,125.65,Timor-Leste,2,NA
Same,-4.0667,37.7833,Tanzania,2,NA
San Agustin,1.9,-76.2833,Colombia,2,NA
San Agustin,12.5689,122.1314,Philippines,2,NA
San Andres,14.5739,121.0039,Philippines,2,NA
San Andres,12.5847,-81.7006,Colombia,2,NA
San Antonio,29.4632,-98.5238,United States,6,1
San Antonio,14.4656,121.0311,Philippines,6,1
San Antonio,-25.3797,-57.6097,Paraguay,6,1
San Antonio,9.9781,-84.1879,Costa Rica,6,1
San Antonio,-33.5933,-71.6217,Chile,6,1
San Antonio,3.9167,-75.5,Colombia,6,1
San Bernardino,34.1416,-117.2943,United States,3,1
San Bernardino,-25.3106,-57.2961,Paraguay,3,1
San Bernardino,14.5333,-91.45,Guatemala,3,1
San Bernardo,-33.5833,-70.7,Chile,3,NA
San Bernardo,1.5108,-77.0467,Colombia,3,NA
San Bernardo,-27.2667,-60.7,Argentina,3,NA
San Buenaventura,34.2741,-119.2314,United States,2,1
San Buenaventura,27.0625,-101.5467,Mexico,2,1
San Carlos,10.4929,123.4095,Philippines,7,1
San Carlos,9.65,-68.5833,Venezuela,7,1
San Carlos,11.1236,-84.778,Nicaragua,7,1
San Carlos,-34.8,-54.9167,Uruguay,7,1
San Carlos,37.4982,-122.2677,United States,7,1
San Carlos,8.8006,-75.7022,Colombia,7,1
San Carlos,-17.4044,-63.7325,Bolivia,7,1
San Clemente,33.4499,-117.6102,United States,3,1
San Clemente,-35.55,-71.4833,Chile,3,1
San Clemente,15.7119,120.3603,Philippines,3,1
San Cristobal,7.7682,-72.2322,Venezuela,5,NA
San Cristobal,18.4167,-70.1056,Dominican Republic,5,NA
San Cristobal,16.737,-92.6376,Mexico,5,NA
San Cristobal,22.7169,-83.0511,Cuba,5,NA
San Cristobal,-30.3167,-61.2333,Argentina,5,NA
San Diego,32.8313,-117.1222,United States,3,1
San Diego,10.2558,-67.9539,Venezuela,3,1
San Diego,10.3375,-73.1825,Colombia,3,1
San Dionisio,14.4839,120.9925,Philippines,2,NA
San Dionisio,12.7625,-85.8503,Nicaragua,2,NA
San Estanislao,-24.65,-56.4333,Paraguay,2,NA
San Estanislao,10.4,-75.15,Colombia,2,NA
San Felipe,10.3353,-68.7458,Venezuela,5,NA
San Felipe,-32.75,-70.7239,Chile,5,NA
San Felipe,21.4833,-101.2167,Mexico,5,NA
San Felipe,14.6206,-91.5961,Guatemala,5,NA
San Felipe,15.0619,120.07,Philippines,5,NA
San Fernando,15.0333,120.6833,Philippines,9,1
San Fernando,7.894,-67.473,Venezuela,9,1
San Fernando,36.4667,-6.2,Spain,9,1
San Fernando,10.2833,-61.4667,Trinidad and Tobago,9,1
San Fernando,24.8504,-98.16,Mexico,9,1
San Fernando,34.2886,-118.4362,United States,9,1
San Fernando,-34.5833,-70.9833,Chile,9,1
San Fernando,13.6767,-86.3144,Nicaragua,9,1
San Fernando,9.2797,-74.5339,Colombia,9,1
San Francisco,37.7558,-122.4449,United States,8,1
San Francisco,9.9083,-84.0582,Costa Rica,8,1
San Francisco,13.7,-88.1,El Salvador,8,1
San Francisco,30.9,-112.6,Mexico,8,1
San Francisco,8.505,125.9771,Philippines,8,1
San Francisco,-31.4356,-62.0714,Argentina,8,1
San Francisco,16.8017,-89.9342,Guatemala,8,1
San Francisco,15.6667,-87.0333,Honduras,8,1
San Gabriel,34.0949,-118.099,United States,3,1
San Gabriel,16.6667,120.4,Philippines,3,1
San Gabriel,0.5983,-77.8353,Ecuador,3,1
San German,18.0827,-67.046,Puerto Rico,2,NA
San German,20.6011,-76.1325,Cuba,2,NA
San Ignacio,-5.1456,-79.0017,Peru,6,NA
San Ignacio,17.1588,-89.0696,Belize,6,NA
San Ignacio,-26.8867,-57.0283,Paraguay,6,NA
San Ignacio,9.7997,-84.163,Costa Rica,6,NA
San Ignacio,14.65,-87.0333,Honduras,6,NA
San Ignacio,14.3333,-89.1833,El Salvador,6,NA
San Isidro,14.4685,121.0118,Philippines,4,NA
San Isidro,-34.4667,-58.5167,Argentina,4,NA
San Isidro,9.9737,-83.9861,Costa Rica,4,NA
San Isidro,12.9283,-86.1922,Nicaragua,4,NA
San Jacinto,33.797,-116.9916,United States,4,1
San Jacinto,16.0725,120.4411,Philippines,4,1
San Jacinto,9.8311,-75.1219,Colombia,4,1
San Jacinto,14.6667,-89.5,Guatemala,4,1
San Javier,37.8037,-0.8343,Spain,4,NA
San Javier,-35.5924,-71.7353,Chile,4,NA
San Javier,-30.5833,-59.95,Argentina,4,NA
San Javier,-16.2748,-62.5072,Bolivia,4,NA
San Joaquin,-33.4792,-70.6413,Chile,2,NA
San Joaquin,10.6,122.0833,Philippines,2,NA
San Jorge,11.9833,124.8167,Philippines,3,NA
San Jorge,14.9253,-89.5897,Guatemala,3,NA
San Jorge,13.6833,-88.3833,El Salvador,3,NA
San Jose,37.3012,-121.848,United States,5,1
San Jose,9.9325,-84.08,Costa Rica,5,1
San Jose,12.3528,121.0676,Philippines,5,1
San Jose,-34.3333,-56.7167,Uruguay,5,1
San Jose,1.6967,-78.2453,Colombia,5,1
San Juan,18.3985,-66.061,Puerto Rico,8,1
San Juan,-31.5342,-68.5261,Argentina,8,1
San Juan,14.6,121.03,Philippines,8,1
San Juan,18.81,-71.23,Dominican Republic,8,1
San Juan,9.9609,-84.0731,Costa Rica,8,1
San Juan,26.1903,-98.152,United States,8,1
San Juan,10.65,-61.45,Trinidad and Tobago,8,1
San Juan,14.4167,-88.4333,Honduras,8,1
San Juan Bautista,-26.6333,-57.1667,Paraguay,2,NA
San Juan Bautista,14.4167,-91.1833,Guatemala,2,NA
San Juan Nepomuceno,9.95,-75.0833,Colombia,2,NA
San Juan Nepomuceno,-26.1167,-55.93,Paraguay,2,NA
San Julian,-16.9064,-62.6169,Bolivia,5,NA
San Julian,13.6976,-89.5596,El Salvador,5,NA
San Julian,61.524,105.3188,Mexico,5,NA
San Julian,11.7536,125.4558,Philippines,5,NA
San Julian,-49.3,-67.7167,Argentina,5,NA
San Lorenzo,-25.34,-57.52,Paraguay,9,1
San Lorenzo,37.6733,-122.1332,United States,9,1
San Lorenzo,-28.12,-58.77,Argentina,9,1
San Lorenzo,13.4217,-87.4469,Honduras,9,1
San Lorenzo,12.3783,-85.6661,Nicaragua,9,1
San Lorenzo,1.5039,-77.2178,Colombia,9,1
San Lorenzo,14.0333,-89.7833,El Salvador,9,1
San Lorenzo,18.1875,-65.968,Puerto Rico,9,1
San Lorenzo,-21.4167,-64.7494,Bolivia,9,1
San Luis,-33.3,-66.3333,Argentina,6,1
San Luis,16.2,-89.44,Guatemala,6,1
San Luis,20.1881,-75.8486,Cuba,6,1
San Luis,15.04,120.7919,Philippines,6,1
San Luis,18.55,-69.7,Dominican Republic,6,1
San Luis,32.4911,-114.7089,United States,6,1
San Manuel,16.0656,120.6667,Philippines,2,NA
San Manuel,15.3333,-87.9167,Honduras,2,NA
San Marcos,10.6204,-84.512,Costa Rica,6,1
San Marcos,14.9653,-91.7958,Guatemala,6,1
San Marcos,33.135,-117.1743,United States,6,1
San Marcos,8.6611,-75.1347,Colombia,6,1
San Marcos,11.9081,-86.2025,Nicaragua,6,1
San Marcos,14.4,-88.95,Honduras,6,1
San Marino,43.9346,12.4473,San Marino,2,1
San Marino,34.1224,-118.1132,United States,2,1
San Martin,-33.0806,-68.4706,Argentina,2,NA
San Martin,3.6944,-73.6936,Colombia,2,NA
San Mateo,14.6969,121.1219,Philippines,3,1
San Mateo,37.5522,-122.3121,United States,3,1
San Mateo,9.74,-64.5531,Venezuela,3,1
San Miguel,13.4814,-88.1775,El Salvador,3,NA
San Miguel,15.1458,120.9783,Philippines,3,NA
San Miguel,-34.5333,-58.7167,Argentina,3,NA
San Miguelito,9.033,-79.5,Panama,2,NA
San Miguelito,11.4025,-84.9003,Nicaragua,2,NA
San Nicolas,16.07,120.7653,Philippines,2,NA
San Nicolas,22.7819,-81.9069,Cuba,2,NA
San Pablo,14.07,121.325,Philippines,5,1
San Pablo,37.9629,-122.3426,United States,5,1
San Pablo,9.9918,-84.0937,Costa Rica,5,1
San Pablo,7.4825,-73.925,Colombia,5,1
San Pablo,-40.4,-73.0167,Chile,5,1
San Pedro,14.3583,121.0583,Philippines,7,NA
San Pedro,25.7578,-102.9831,Mexico,7,NA
San Pedro,9.9332,-84.047,Costa Rica,7,NA
San Pedro,-33.6794,-59.6669,Argentina,7,NA
San Pedro,4,-76.2292,Colombia,7,NA
San Pedro,17.9214,-87.9611,Belize,7,NA
San Pedro,-33.8944,-71.4558,Chile,7,NA
San Quintin,15.9844,120.815,Philippines,2,NA
San Quintin,30.4837,-115.95,Mexico,2,NA
San Rafael,-34.6,-68.3333,Argentina,8,1
San Rafael,14.95,120.9667,Philippines,8,1
San Rafael,37.9905,-122.5221,United States,8,1
San Rafael,10.0417,-84.075,Costa Rica,8,1
San Rafael,20.1889,-96.8658,Mexico,8,1
San Rafael,14.7333,-88.4167,Honduras,8,1
San Rafael,6.2975,-75.0314,Colombia,8,1
San Rafael,-16.7795,-60.6799,Bolivia,8,1
San Ramon,-33.5333,-70.6417,Chile,6,1
San Ramon,37.7624,-121.9365,United States,6,1
San Ramon,10.2182,-84.5992,Costa Rica,6,1
San Ramon,12.9236,-85.8389,Nicaragua,6,1
San Ramon,-11.1247,-75.3569,Peru,6,1
San Ramon,-13.2672,-64.6172,Bolivia,6,1
San Roque,14.48,120.9011,Philippines,4,NA
San Roque,36.2097,-5.3844,Spain,4,NA
San Roque,6.4853,-75.0197,Colombia,4,NA
San Roque,-28.5667,-58.7167,Argentina,4,NA
San Salvador,13.6989,-89.1914,El Salvador,3,NA
San Salvador,20.2833,-99.0153,Mexico,3,NA
San Salvador,-31.6167,-58.5,Argentina,3,NA
San Sebastian,14.5667,-91.65,Guatemala,5,NA
San Sebastian,13.7333,-88.8333,El Salvador,5,NA
San Sebastian,1.8439,-76.7717,Colombia,5,NA
San Sebastian,11.7,125.0167,Philippines,5,NA
San Sebastian,18.3356,-66.9948,Puerto Rico,5,NA
San Simon,14.998,120.78,Philippines,2,NA
San Simon,13.8333,-88.2333,El Salvador,2,NA
San Vicente,13.6453,-88.7842,El Salvador,5,NA
San Vicente,9.9636,-84.0454,Costa Rica,5,NA
San Vicente,10.5281,119.2542,Philippines,5,NA
San Vicente,6.2819,-75.3322,Colombia,5,NA
San Vicente,-1.9,-79.2333,Ecuador,5,NA
Sande,59.5936,10.2076,Norway,2,NA
Sande,53.5022,8.0139,Germany,2,NA
Sandur,61.8344,-6.8171,Faroe Islands,2,NA
Sandur,15.1,76.55,India,2,NA
Sandy,40.5709,-111.8506,United States,2,1
Sandy,52.131,-0.297,United Kingdom,2,1
Sangar,37.1811,49.6939,Iran,2,NA
Sangar,63.9241,127.4739,Russia,2,NA
Santa Ana,33.7367,-117.8819,United States,9,1
Santa Ana,13.995,-89.5561,El Salvador,9,1
Santa Ana,14.58,121.012,Philippines,9,1
Santa Ana,9.932,-84.176,Costa Rica,9,1
Santa Ana,30.5406,-111.1205,Mexico,9,1
Santa Ana,7.6453,-72.2758,Venezuela,9,1
Santa Ana,9.319,-74.57,Colombia,9,1
Santa Ana,16.8069,-89.8272,Guatemala,9,1
Santa Ana,13.9333,-87.2667,Honduras,9,1
Santa Barbara,34.4285,-119.7202,United States,9,1
Santa Barbara,14.9167,-88.2333,Honduras,9,1
Santa Barbara,16.0031,120.4008,Philippines,9,1
Santa Barbara,15.3167,-91.6167,Guatemala,9,1
Santa Barbara,-19.9589,-43.415,Brazil,9,1
Santa Barbara,5.8747,-75.5661,Colombia,9,1
Santa Barbara,-37.6706,-72.0214,Chile,9,1
Santa Barbara,26.8133,-105.8203,Mexico,9,1
Santa Barbara,9.6,-63.6,Venezuela,9,1
Santa Catalina,9.3331,122.8658,Philippines,2,NA
Santa Catalina,10.6039,-75.2878,Colombia,2,NA
Santa Clara,22.4069,-79.9649,Cuba,2,1
Santa Clara,37.3646,-121.968,United States,2,1
Santa Cruz,-17.7892,-63.1975,Bolivia,10,1
Santa Cruz,28.4667,-16.25,Spain,10,1
Santa Cruz,14.5998,120.9802,Philippines,10,1
Santa Cruz,36.9789,-122.0346,United States,10,1
Santa Cruz,10.2358,-85.6408,Costa Rica,10,1
Santa Cruz,32.6833,-16.8,Portugal,10,1
Santa Cruz,-6.2289,-36.0228,Brazil,10,1
Santa Cruz,-34.6372,-71.3631,Chile,10,1
Santa Cruz,10.1819,-67.5025,Venezuela,10,1
Santa Cruz,-0.5333,-90.35,Ecuador,10,1
Santa Elena,-2.2267,-80.8583,Ecuador,5,NA
Santa Elena,14.1797,122.3919,Philippines,5,NA
Santa Elena,-30.95,-59.8,Argentina,5,NA
Santa Elena,14.0833,-88.1167,Honduras,5,NA
Santa Elena,13.3833,-88.4167,El Salvador,5,NA
Santa Fe,-31.6333,-60.7,Argentina,4,1
Santa Fe,35.6619,-105.9819,United States,4,1
Santa Fe,11.15,123.8,Philippines,4,1
Santa Fe,-23.0378,-51.805,Brazil,4,1
Santa Lucia,10.2606,-66.6639,Venezuela,7,NA
Santa Lucia,-34.4525,-56.3964,Uruguay,7,NA
Santa Lucia,21.0281,-75.9964,Cuba,7,NA
Santa Lucia,17.1222,120.4494,Philippines,7,NA
Santa Lucia,10.3167,-74.95,Colombia,7,NA
Santa Lucia,-28.9833,-59.1,Argentina,7,NA
Santa Lucia,-21.685,-48.0839,Brazil,7,NA
Santa Margarita,12.0378,124.6578,Philippines,2,NA
Santa Margarita,39.7033,3.1036,Spain,2,NA
Santa Maria,14.8183,120.9563,Philippines,7,1
Santa Maria,-29.6833,-53.8,Brazil,7,1
Santa Maria,34.9333,-120.4431,United States,7,1
Santa Maria,-26.6833,-66.0333,Argentina,7,1
Santa Maria,-32.7469,-70.6597,Chile,7,1
Santa Maria,2.95,-75.65,Colombia,7,1
Santa Maria,13.35,-88.4333,El Salvador,7,1
Santa Monica,34.0235,-118.481,United States,2,1
Santa Monica,10.02,126.038,Philippines,2,1
Santa Rita,10.2003,-67.5514,Venezuela,4,NA
Santa Rita,-7.1139,-34.9778,Brazil,4,NA
Santa Rita,14.9953,120.6153,Philippines,4,NA
Santa Rita,14.8667,-89.1,Honduras,4,NA
Santa Rosa,14.3167,121.1167,Philippines,7,1
Santa Rosa,38.4458,-122.7067,United States,7,1
Santa Rosa,-36.6167,-64.2833,Argentina,7,1
Santa Rosa,-27.8708,-54.4808,Brazil,7,1
Santa Rosa,-3.4522,-79.9617,Ecuador,7,1
Santa Rosa,10.4456,-75.3686,Colombia,7,1
Santa Rosa,-26.8667,-56.85,Paraguay,7,1
Santa Rosa de Lima,14.3881,-90.2956,Guatemala,2,NA
Santa Rosa de Lima,13.6167,-87.9,El Salvador,2,NA
Santa Rosa de Viterbo,-21.4728,-47.3628,Brazil,2,NA
Santa Rosa de Viterbo,5.8833,-72.9833,Colombia,2,NA
Santa Teresa,-19.9358,-40.6,Brazil,2,NA
Santa Teresa,11.8039,-86.1639,Nicaragua,2,NA
Santana,-0.035,-51.175,Brazil,3,NA
Santana,0.2583,6.7417,Sao Tome and Principe,3,NA
Santana,46.35,21.5,Romania,3,NA
Santander,43.4628,-3.805,Spain,2,NA
Santander,9.45,123.3333,Philippines,2,NA
Santarem,-2.43,-54.72,Brazil,2,NA
Santarem,39.2339,-8.6861,Portugal,2,NA
Santiago,-33.4372,-70.6506,Chile,8,NA
Santiago,19.4572,-70.6889,Dominican Republic,8,NA
Santiago,16.6833,121.55,Philippines,8,NA
Santiago,8.1004,-80.9833,Panama,8,NA
Santiago,-29.1919,-54.8669,Brazil,8,NA
Santiago,25.4333,-100.1333,Mexico,8,NA
Santiago,9.8291,-84.3044,Costa Rica,8,NA
Santiago,-14.1892,-75.7126,Peru,8,NA
Santo Andre,-23.6572,-46.5333,Brazil,2,NA
Santo Andre,38.05,-8.75,Portugal,2,NA
Santo Antonio,1.6367,7.4178,Sao Tome and Principe,2,NA
Santo Antonio,-29.8178,-50.52,Brazil,2,NA
Santo Domingo,18.4764,-69.8933,Dominican Republic,6,NA
Santo Domingo,15.59,120.8786,Philippines,6,NA
Santo Domingo,22.5833,-80.2383,Cuba,6,NA
Santo Domingo,9.988,-84.0686,Costa Rica,6,NA
Santo Domingo,12.2631,-85.0822,Nicaragua,6,NA
Santo Domingo,6.4708,-75.1658,Colombia,6,NA
Santo Tomas,14.0833,121.1833,Philippines,3,NA
Santo Tomas,-14.451,-72.082,Peru,3,NA
Santo Tomas,10.7667,-74.9167,Colombia,3,NA
Sao Domingos,15.028,-23.563,Cabo Verde,2,NA
Sao Domingos,-13.3978,-46.3178,Brazil,2,NA
Sao Pedro do Sul,40.75,-8.0667,Portugal,2,NA
Sao Pedro do Sul,-29.6208,-54.1789,Brazil,2,NA
Sao Tome,0.3361,6.7306,Sao Tome and Principe,2,NA
Sao Tome,-5.9728,-36.075,Brazil,2,NA
Sarandi,-34.6833,-58.3333,Argentina,2,NA
Sarandi,-27.9439,-52.9228,Brazil,2,NA
Saray,41.4411,27.9216,Turkey,2,NA
Saray,40.5322,49.7164,Azerbaijan,2,NA
Sault Ste. Marie,46.5333,-84.35,Canada,2,1
Sault Ste. Marie,46.4817,-84.3723,United States,2,1
Scarborough,54.2773,-0.4017,United Kingdom,3,1
Scarborough,11.1833,-60.7375,Trinidad and Tobago,3,1
Scarborough,43.5911,-70.3682,United States,3,1
Scottsdale,33.6872,-111.8651,United States,2,1
Scottsdale,-41.1667,147.5167,Australia,2,1
Seaford,40.6678,-73.4922,United States,2,1
Seaford,50.77,0.1,United Kingdom,2,1
Segou,13.45,-6.2667,Mali,2,NA
Segou,6.6167,2.2167,Benin,2,NA
Segovia,40.9481,-4.1183,Spain,2,NA
Segovia,7.0781,-74.7017,Colombia,2,NA
Severn,39.1355,-76.6956,United States,2,1
Severn,44.75,-79.5167,Canada,2,1
Sevilla,37.24,-5.99,Spain,3,NA
Sevilla,4.2689,-75.9361,Colombia,3,NA
Sevilla,9.7,124.05,Philippines,3,NA
Seymour,38.9476,-85.8911,United States,2,1
Seymour,-37.03,145.13,Australia,2,1
Shamsabad,17.2603,78.3969,India,2,NA
Shamsabad,32.2983,48.4289,Iran,2,NA
Sheffield,53.3808,-1.4703,United Kingdom,2,1
Sheffield,34.757,-87.6977,United States,2,1
Sherpur,24.665,89.419,Bangladesh,2,NA
Sherpur,25.6539,84.9793,India,2,NA
Shirley,51.3813,-0.0543,United Kingdom,2,1
Shirley,40.7936,-72.8748,United States,2,1
Shrewsbury,52.708,-2.754,United Kingdom,2,1
Shrewsbury,42.2842,-71.7154,United States,2,1
Sidney,48.6506,-123.3986,Canada,2,1
Sidney,40.2891,-84.1667,United States,2,1
Silao,20.9478,-101.4281,Mexico,2,NA
Silao,25.0836,85.428,India,2,NA
Silvania,4.4033,-74.3881,Colombia,2,NA
Silvania,-16.6589,-48.6078,Brazil,2,NA
Silves,37.1869,-8.4389,Portugal,2,NA
Silves,-2.8389,-58.2092,Brazil,2,NA
Sinop,-11.8481,-55.6492,Brazil,2,NA
Sinop,42.0267,35.1511,Turkey,2,NA
Sirvan,39.9323,48.9203,Azerbaijan,2,NA
Sirvan,38.0633,42.0275,Turkey,2,NA
Slatina,44.4297,24.3642,Romania,2,NA
Slatina,45.7022,17.7011,Croatia,2,NA
Slobozia,44.5639,27.3661,Romania,2,NA
Slobozia,46.7333,29.7,Moldova,2,NA
Socorro,13.0583,121.4117,Philippines,4,1
Socorro,-22.5908,-46.5289,Brazil,4,1
Socorro,31.6383,-106.2601,United States,4,1
Socorro,6.5333,-73.2,Colombia,4,1
Soest,51.5711,8.1092,Germany,2,NA
Soest,52.1833,5.3,Netherlands,2,NA
Sola,-13.875,167.55,Vanuatu,3,NA
Sola,58.8561,5.575,Norway,3,NA
Sola,21.6744,-77.6806,Cuba,3,NA
Solano,16.5183,121.1811,Philippines,2,NA
Solano,0.6983,-75.2539,Colombia,2,NA
Soledad,10.9167,-74.75,Colombia,2,1
Soledad,36.4432,-121.3426,United States,2,1
Solsona,18.0961,120.7725,Philippines,2,NA
Solsona,41.9944,1.5178,Spain,2,NA
Soma,39.1883,27.6089,Turkey,2,NA
Soma,37.7967,140.9196,Japan,2,NA
Somerville,42.3908,-71.1014,United States,2,1
Somerville,-38.226,145.177,Australia,2,1
Songo,-15.6142,32.7709,Mozambique,2,NA
Songo,-7.3496,14.85,Angola,2,NA
Sopot,54.45,18.5667,Poland,2,NA
Sopot,42.65,24.75,Bulgaria,2,NA
Soro,21.29,86.69,India,2,NA
Soro,55.4333,11.5667,Denmark,2,NA
Soure,-0.7169,-48.5228,Brazil,2,NA
Soure,40.05,-8.6333,Portugal,2,NA
Southampton,50.9025,-1.4042,United Kingdom,2,1
Southampton,40.8997,-72.4931,United States,2,1
Southborough,51.1598,0.2652,United Kingdom,2,1
Southborough,42.3012,-71.5297,United States,2,1
Southgate,51.6316,-0.1265,United Kingdom,2,1
Southgate,42.2047,-83.2057,United States,2,1
Southport,53.6475,-3.0053,United Kingdom,3,1
Southport,-27.9667,153.4,Australia,3,1
Southport,42.04,-76.8775,United States,3,1
Southwick,50.836,-0.239,United Kingdom,2,1
Southwick,42.0544,-72.7785,United States,2,1
Springfield,42.1155,-72.5395,United States,2,1
Springfield,49.9292,-96.6939,Canada,2,1
Springs,-26.2547,28.4428,South Africa,2,1
Springs,41.0212,-72.1584,United States,2,1
Sripur,24.2011,90.4843,Bangladesh,2,NA
Sripur,25.5861,86.0803,India,2,NA
St. Andrews,34.051,-81.1057,United States,2,1
St. Andrews,50.27,-96.9747,Canada,2,1
Stafford,52.807,-2.117,United Kingdom,2,1
Stafford,39.7049,-74.2643,United States,2,1
Stamford,41.1039,-73.5585,United States,2,1
Stamford,52.656,-0.484,United Kingdom,2,1
Standish,53.586,-2.664,United Kingdom,2,1
Standish,43.7811,-70.5684,United States,2,1
Stanley,-51.7,-57.85,Falkland Islands (Islas Malvinas),3,NA
Stanley,53.7145,-1.476,United Kingdom,3,NA
Stanley,49.1331,-98.0656,Canada,3,NA
Stratford,51.5423,-0.0026,United Kingdom,4,1
Stratford,-39.3333,174.2833,New Zealand,4,1
Stratford,41.207,-73.1305,United States,4,1
Stratford,43.3708,-80.9819,Canada,4,1
Stroud,41.0001,-75.2173,United States,2,1
Stroud,51.744,-2.215,United Kingdom,2,1
Sucre,-19.0475,-65.26,Bolivia,3,NA
Sucre,-1.26,-80.44,Ecuador,3,NA
Sucre,8.8139,-74.7253,Colombia,3,NA
Sudbury,51.5537,-0.3199,United Kingdom,3,1
Sudbury,46.49,-81.01,Canada,3,1
Sudbury,42.3847,-71.4234,United States,3,1
Sultonobod,40.7644,72.9764,Uzbekistan,2,NA
Sultonobod,38.45,68.95,Tajikistan,2,NA
Sunbury,-37.5811,144.7139,Australia,3,1
Sunbury,51.423,-0.424,United Kingdom,3,1
Sunbury,40.8616,-76.7871,United States,3,1
Suran,35.2897,36.7433,Syria,2,NA
Suran,27.2856,61.9964,Iran,2,NA
Susa,39.7583,46.7483,Azerbaijan,2,NA
Susa,5.4528,-73.814,Colombia,2,NA
Sutton,51.3656,-0.1963,United Kingdom,2,1
Sutton,42.1337,-71.7503,United States,2,1
Tabor,46.2108,15.0047,Slovenia,2,NA
Tabor,49.4144,14.6578,Czechia,2,NA
Tabuk,28.3972,36.5789,Saudi Arabia,2,NA
Tabuk,17.4069,121.4425,Philippines,2,NA
Taft,11.9058,125.4181,Philippines,3,1
Taft,31.7492,54.2103,Iran,3,1
Taft,35.1268,-119.4243,United States,3,1
Taki,22.59,88.92,India,2,NA
Taki,34.4961,136.5462,Japan,2,NA
Tala,20.6525,-103.7028,Mexico,2,NA
Tala,24.3735,81.1989,India,2,NA
Talas,38.6833,35.5667,Turkey,2,NA
Talas,42.5167,72.2333,Kyrgyzstan,2,NA
Tamba,35.1833,135.0333,Japan,2,NA
Tamba,17.0001,75.9934,India,2,NA
Tamboril,19.48,-70.6,Dominican Republic,2,NA
Tamboril,-4.8319,-40.3208,Brazil,2,NA
Tamworth,52.633,-1.695,United Kingdom,2,NA
Tamworth,-31.0833,150.9167,Australia,2,NA
Tarragona,41.1187,1.2453,Spain,2,NA
Tarragona,7.0491,126.4471,Philippines,2,NA
Tata,47.6526,18.3238,Hungary,2,NA
Tata,29.7428,-7.9725,Morocco,2,NA
Taunton,51.019,-3.1,United Kingdom,2,1
Taunton,41.9036,-71.0943,United States,2,1
Tavares,28.792,-81.7352,United States,2,1
Tavares,-7.6358,-37.8778,Brazil,2,1
Tecumseh,42.2431,-82.9256,Canada,2,1
Tecumseh,42.0066,-83.945,United States,2,1
Tena,-0.989,-77.8159,Ecuador,2,NA
Tena,4.6547,-74.39,Colombia,2,NA
Ternate,0.78,127.3819,Indonesia,2,NA
Ternate,14.2833,120.7167,Philippines,2,NA
Teruel,40.3456,-1.1065,Spain,2,NA
Teruel,2.75,-75.5667,Colombia,2,NA
Thompson,41.6474,-74.6745,United States,2,1
Thompson,55.7433,-97.8553,Canada,2,1
Thornton,39.9197,-104.9438,United States,2,1
Thornton,53.7898,-1.8504,United Kingdom,2,1
Tigaon,13.6319,123.4975,Philippines,2,NA
Tigaon,21.6456,78.4576,India,2,NA
Tiverton,50.903,-3.488,United Kingdom,2,1
Tiverton,41.609,-71.1741,United States,2,1
Toledo,41.6638,-83.5827,United States,5,1
Toledo,10.3833,123.65,Philippines,5,1
Toledo,-24.7139,-53.7428,Brazil,5,1
Toledo,39.8567,-4.0244,Spain,5,1
Toledo,7.3131,-72.4875,Colombia,5,1
Tolosa,11.0633,125.0353,Philippines,2,NA
Tolosa,43.1333,-2.0833,Spain,2,NA
Toro,4.6117,-76.0814,Colombia,2,NA
Toro,41.52,-5.3947,Spain,2,NA
Torquay,50.47,-3.53,United Kingdom,2,NA
Torquay,-38.3333,144.3167,Australia,2,NA
Torrijos,13.3167,122.0833,Philippines,2,NA
Torrijos,39.9833,-4.2814,Spain,2,NA
Touba,14.8667,-15.8833,Senegal,2,NA
Touba,8.2833,-7.6833,CÃ´te d'Ivoire,2,NA
Trento,46.0667,11.1167,Italy,2,NA
Trento,8.0459,126.0614,Philippines,2,NA
Tres Rios,9.9072,-83.9865,Costa Rica,2,NA
Tres Rios,-22.1169,-43.2089,Brazil,2,NA
Trindade,-16.6581,-49.4836,Brazil,2,NA
Trindade,0.3,6.6833,Sao Tome and Principe,2,NA
Trinidad,-14.8292,-64.9014,Bolivia,5,NA
Trinidad,21.8042,-79.9831,Cuba,5,NA
Trinidad,10.0795,124.3432,Philippines,5,NA
Trinidad,-33.5333,-56.8833,Uruguay,5,NA
Trinidad,5.4089,-71.6622,Colombia,5,NA
Tripoli,32.8872,13.1914,Libya,3,NA
Tripoli,34.4367,35.8344,Lebanon,3,NA
Tripoli,37.5167,22.3833,Greece,3,NA
Trujillo,-8.112,-79.0288,Peru,5,NA
Trujillo,15.9186,-85.9533,Honduras,5,NA
Trujillo,9.417,-70.5,Venezuela,5,NA
Trujillo,4.25,-76.3333,Colombia,5,NA
Trujillo,39.4653,-5.8789,Spain,5,NA
Truro,50.26,-5.051,United Kingdom,2,NA
Truro,45.3647,-63.28,Canada,2,NA
Tudela,42.0653,-1.6067,Spain,2,NA
Tudela,8.2472,123.8424,Philippines,2,NA
Tulsipur,28.1278,82.2956,Nepal,2,NA
Tulsipur,27.55,82.42,India,2,NA
Tura,25.52,90.22,India,2,NA
Tura,64.2833,100.2167,Russia,2,NA
Turin,45.0792,7.6761,Italy,2,NA
Turin,13.9667,-89.8167,El Salvador,2,NA
Tuzla,40.8161,29.3006,Turkey,2,NA
Tuzla,44.5381,18.6761,Bosnia and Herzegovina,2,NA
Uman,48.75,30.2167,Ukraine,2,NA
Uman,20.8833,-89.75,Mexico,2,NA
Umarkot,25.3614,69.7361,Pakistan,2,NA
Umarkot,19.6653,82.2063,India,2,NA
Una,20.82,71.03,India,2,NA
Una,-15.2928,-39.075,Brazil,2,NA
Uxbridge,51.5404,-0.4778,United Kingdom,3,1
Uxbridge,44.1167,-79.1333,Canada,3,1
Uxbridge,42.0593,-71.638,United States,3,1
Valdivia,-39.8139,-73.2458,Chile,2,NA
Valdivia,7.1636,-75.4392,Colombia,2,NA
Valenca,-13.37,-39.0728,Brazil,2,NA
Valenca,42.0167,-8.6333,Portugal,2,NA
Valencia,10.1667,-68,Venezuela,6,NA
Valencia,39.47,-0.3764,Spain,6,NA
Valencia,7.9042,125.0928,Philippines,6,NA
Valencia,8.2592,-76.1469,Colombia,6,NA
Valencia,-0.9525,-79.3531,Ecuador,6,NA
Valencia,10.65,-61.2,Trinidad and Tobago,6,NA
Valladolid,41.6528,-4.7236,Spain,3,NA
Valladolid,20.6894,-88.2017,Mexico,3,NA
Valladolid,10.4667,122.8333,Philippines,3,NA
Valparaiso,-33.0461,-71.6197,Chile,4,1
Valparaiso,22.7667,-103.5667,Mexico,4,1
Valparaiso,41.4783,-87.0506,United States,4,1
Valparaiso,-21.2278,-50.8678,Brazil,4,1
Vancouver,49.25,-123.1,Canada,2,1
Vancouver,45.6366,-122.5967,United States,2,1
Varna,43.2167,27.9167,Bulgaria,2,NA
Varna,53.3806,60.9803,Russia,2,NA
Venecia,5.9167,-75.75,Colombia,2,NA
Venecia,10.3357,-84.2859,Costa Rica,2,NA
Venice,45.4397,12.3319,Italy,2,1
Venice,27.1184,-82.4137,United States,2,1
Vera,-29.4667,-60.2167,Argentina,2,NA
Vera,37.25,-1.8667,Spain,2,NA
Vernon,50.267,-119.272,Canada,3,1
Vernon,41.8364,-72.4606,United States,3,1
Vernon,49.09,1.49,France,3,1
Verona,45.4386,10.9928,Italy,2,1
Verona,40.8323,-74.2431,United States,2,1
Versailles,48.8053,2.135,France,2,1
Versailles,38.0486,-84.7258,United States,2,1
Victoria,48.4283,-123.3647,Canada,8,1
Victoria,-4.6167,55.45,Seychelles,8,1
Victoria,36.0436,14.2431,Malta,8,1
Victoria,15.5781,120.6819,Philippines,8,1
Victoria,28.8287,-96.9849,United States,8,1
Victoria,-38.2333,-72.3333,Chile,8,1
Victoria,-32.6167,-60.1667,Argentina,8,1
Victoria,13.95,-88.6333,El Salvador,8,1
Vienna,48.2083,16.3725,Austria,2,1
Vienna,38.8996,-77.2597,United States,2,1
Vila do Conde,41.3528,-8.7444,Portugal,2,NA
Vila do Conde,-7.26,-34.9078,Brazil,2,NA
Villa del Rosario,7.8339,-72.4742,Colombia,3,NA
Villa del Rosario,-31.5833,-63.5333,Argentina,3,NA
Villa del Rosario,-24.4167,-57.1167,Paraguay,3,NA
Villa Elisa,-25.5075,-57.5725,Paraguay,2,NA
Villa Elisa,-32.1667,-58.4,Argentina,2,NA
Villa Nueva,14.5314,-90.5964,Guatemala,2,NA
Villa Nueva,-32.4331,-63.2475,Argentina,2,NA
Villa Rica,2.5167,-76.85,Colombia,2,1
Villa Rica,33.7294,-84.9177,United States,2,1
Villa Union,23.1883,-106.2158,Mexico,2,NA
Villa Union,-29.3,-68.2,Argentina,2,NA
Villahermosa,17.9892,-92.9281,Mexico,2,NA
Villahermosa,5,-75.1667,Colombia,2,NA
Villanueva,15.3167,-88.0167,Honduras,5,NA
Villanueva,22.3536,-102.8831,Mexico,5,NA
Villanueva,8.5833,124.7833,Philippines,5,NA
Villanueva,12.9647,-86.815,Nicaragua,5,NA
Villanueva,4.6087,-72.9288,Colombia,5,NA
Villareal,39.9378,-0.1014,Spain,2,NA
Villareal,11.5667,124.9333,Philippines,2,NA
Villarrica,-25.75,-56.4333,Paraguay,2,NA
Villarrica,-39.2667,-72.2167,Chile,2,NA
Villeta,5.0083,-74.4738,Colombia,2,NA
Villeta,-25.51,-57.56,Paraguay,2,NA
Vincennes,48.8478,2.4392,France,2,1
Vincennes,38.6759,-87.5102,United States,2,1
Virginia,-28.1064,26.8622,South Africa,2,NA
Virginia,-22.3328,-45.0919,Brazil,2,NA
Viseu,40.6667,-7.9167,Portugal,2,NA
Viseu,-1.1969,-46.14,Brazil,2,NA
Viterbo,42.4186,12.1042,Italy,2,NA
Viterbo,5.0667,-75.8833,Colombia,2,NA
Wakefield,53.68,-1.49,United Kingdom,2,1
Wakefield,42.5035,-71.0656,United States,2,1
Wallingford,51.599,-1.125,United Kingdom,2,1
Wallingford,41.4589,-72.8038,United States,2,1
Wallington,51.3647,-0.1403,United Kingdom,2,1
Wallington,40.8536,-74.1069,United States,2,1
Wantage,51.589,-1.427,United Kingdom,2,1
Wantage,41.2431,-74.6258,United States,2,1
Ware,51.8109,-0.0314,United Kingdom,2,1
Ware,42.2806,-72.2843,United States,2,1
Warminster,51.205,-2.181,United Kingdom,2,1
Warminster,40.2043,-75.0915,United States,2,1
Warrenton,-28.1114,24.8497,South Africa,2,1
Warrenton,38.7176,-77.7976,United States,2,1
Warrington,53.39,-2.59,United Kingdom,2,1
Warrington,40.2489,-75.158,United States,2,1
Warsaw,52.23,21.0111,Poland,2,1
Warsaw,41.2448,-85.8465,United States,2,1
Warwick,41.7062,-71.4334,United States,3,1
Warwick,52.28,-1.59,United Kingdom,3,1
Warwick,-28.2152,152.0352,Australia,3,1
Washington,38.9047,-77.0163,United States,2,1
Washington,54.9,-1.52,United Kingdom,2,1
Waterford,52.2567,-7.1292,Ireland,2,1
Waterford,41.3692,-72.1483,United States,2,1
Waterloo,42.4918,-92.3522,United States,3,1
Waterloo,43.4667,-80.5167,Canada,3,1
Waterloo,50.7167,4.3833,Belgium,3,1
Wau,7.7,28,South Sudan,2,NA
Wau,-7.3389,146.7167,Papua New Guinea,2,NA
Wellesley,42.3043,-71.2855,United States,2,1
Wellesley,43.55,-80.7167,Canada,2,1
Wellington,-41.2889,174.7772,New Zealand,4,1
Wellington,52.7001,-2.5157,United Kingdom,4,1
Wellington,26.6461,-80.2699,United States,4,1
Wellington,11.3655,76.7844,India,4,1
Wells,51.2094,-2.645,United Kingdom,2,1
Wells,43.3267,-70.6336,United States,2,1
Westbury,51.26,-2.191,United Kingdom,2,1
Westbury,40.7599,-73.5891,United States,2,1
Westminster,51.4947,-0.1353,United Kingdom,2,1
Westminster,39.8837,-105.0624,United States,2,1
Weston,26.1006,-80.4054,United States,2,1
Weston,53.413,-2.798,United Kingdom,2,1
Westport,41.1428,-73.3475,United States,2,1
Westport,-41.7581,171.6022,New Zealand,2,1
Weymouth,50.613,-2.457,United Kingdom,2,1
Weymouth,42.1981,-70.9466,United States,2,1
Whitby,43.8833,-78.9417,Canada,2,NA
Whitby,54.4858,-0.6206,United Kingdom,2,NA
Winchester,36.1365,-115.137,United States,2,1
Winchester,51.0632,-1.308,United Kingdom,2,1
Windsor,42.2833,-83,Canada,3,1
Windsor,51.4791,-0.6095,United Kingdom,3,1
Windsor,40.469,-104.9198,United States,3,1
Winton,37.3854,-120.6173,United States,2,1
Winton,-22.3913,143.0381,Australia,2,1
Woodstock,43.1306,-80.7467,Canada,2,1
Woodstock,34.1026,-84.5091,United States,2,1
Woolwich,51.488,0.063,United Kingdom,3,1
Woolwich,43.5667,-80.4833,Canada,3,1
Woolwich,39.74,-75.317,United States,3,1
Worcester,42.2705,-71.8079,United States,3,1
Worcester,52.1911,-2.2206,United Kingdom,3,1
Worcester,-33.645,19.4436,South Africa,3,1
Worth,41.6877,-87.7916,United States,2,1
Worth,51.113,-0.147,United Kingdom,2,1
Wyndham,37.6924,-77.6123,United States,2,1
Wyndham,-15.4825,128.123,Australia,2,1
Xincheng,39.9883,112.4673,China,2,NA
Xincheng,24.0514,121.6083,Taiwan,2,NA
Xinyuan,22.5149,120.447,Taiwan,2,NA
Xinyuan,37.2953,99.0341,China,2,NA
Xiulin,29.7211,112.4037,China,2,NA
Xiulin,24.2167,121.5333,Taiwan,2,NA
Yanbu,24.0883,38.0582,Saudi Arabia,2,NA
Yanbu,22.7544,120.5724,Taiwan,2,NA
Yangmei,24.9167,121.15,Taiwan,2,NA
Yangmei,22.8728,112.7802,China,2,NA
Yao,34.6269,135.601,Japan,2,NA
Yao,12.8508,17.5608,Chad,2,NA
Yeadon,39.9325,-75.2527,United States,2,1
Yeadon,53.869,-1.688,United Kingdom,2,1
York,39.9651,-76.7315,United States,2,1
York,53.9601,-1.078,United Kingdom,2,1
Yoro,15.1333,-87.1333,Honduras,2,NA
Yoro,35.3084,136.5614,Japan,2,NA
Young,-32.7,-57.6333,Uruguay,2,NA
Young,-34.3,148.3,Australia,2,NA
Yuli,41.3351,86.2614,China,2,NA
Yuli,23.3875,121.3764,Taiwan,2,NA
Zamora,19.9833,-102.2833,Mexico,3,NA
Zamora,-4.0692,-78.9567,Ecuador,3,NA
Zamora,41.5033,-5.7556,Spain,3,NA
Zaragoza,41.65,-0.8833,Spain,6,NA
Zaragoza,15.4492,120.7933,Philippines,6,NA
Zaragoza,14.6498,-90.8902,Guatemala,6,NA
Zaragoza,7.494,-74.871,Colombia,6,NA
Zaragoza,28.4869,-100.9175,Mexico,6,NA
Zaragoza,13.5833,-89.2833,El Salvador,6,NA
Zira,30.97,74.99,India,2,NA
Zira,40.3636,50.2903,Azerbaijan,2,NA
Zumarraga,11.639,124.841,Philippines,2,NA
Zumarraga,43.0831,-2.3167,Spain,2,NA
Zwijndrecht,51.8167,4.65,Netherlands,2,NA
Zwijndrecht,51.2167,4.3333,Belgium,2,NA
